,2020-01-18,Origin,Destination
0,0.9276,1,1
1,0.006,1,2
2,0.002,1,3
3,0.0275,1,4
4,0.0095,1,5
5,0.0035,1,6
6,0.0095,1,7
7,0.0005,1,8
8,0.0025,1,9
9,0.001,1,10
10,0.0,1,11
11,0.0,1,12
12,0.0005,1,13
13,0.0,1,14
14,0.002,1,15
15,0.0,1,16
16,0.0,1,17
17,0.0,1,18
18,0.0,1,19
19,0.0,1,20
20,0.0,1,21
21,0.0,1,22
22,0.0,1,23
23,0.0,1,24
24,0.0,1,26
25,0.0,1,27
26,0.0,1,28
27,0.0,1,30
28,0.0,1,31
29,0.0,1,33
30,0.0,1,34
31,0.0005,1,35
32,0.0,1,36
33,0.0,1,37
34,0.0,1,38
35,0.0,1,39
36,0.0,1,40
37,0.0,1,41
38,0.0,1,42
39,0.0,1,43
40,0.0,1,44
41,0.0,1,45
42,0.0,1,46
43,0.0,1,47
44,0.0,1,48
45,0.0,1,49
46,0.0,1,50
47,0.0,1,51
48,0.0,1,53
49,0.0,1,54
50,0.0,1,55
51,0.0,1,56
52,0.0,1,58
53,0.0,1,60
54,0.0,1,61
55,0.0,1,62
56,0.0,1,63
57,0.0,1,64
58,0.0,1,65
59,0.0,1,66
60,0.0,1,67
61,0.0,1,68
62,0.0,1,69
63,0.0,1,70
64,0.0,1,71
65,0.0,1,72
66,0.0,1,73
67,0.0,1,74
68,0.0,1,75
69,0.0,1,76
70,0.0,1,78
71,0.0,1,79
72,0.0,1,80
73,0.0,1,81
74,0.0,1,82
75,0.0,1,83
76,0.0,1,84
77,0.0,1,87
78,0.0,1,89
79,0.0,1,90
80,0.006,1,96
81,0.0005,1,97
82,0.0,1,98
83,0.0,1,99
84,0.0005,1,103
85,0.0005,1,108
86,0.0,1,109
87,0.0732,2,1
88,0.6683,2,2
89,0.1171,2,3
90,0.0,2,4
91,0.0049,2,5
92,0.0244,2,6
93,0.0,2,7
94,0.0,2,8
95,0.0,2,9
96,0.0,2,10
97,0.0,2,12
98,0.0049,2,13
99,0.0,2,14
100,0.0049,2,15
101,0.0,2,16
102,0.0,2,17
103,0.0146,2,18
104,0.0,2,19
105,0.0,2,20
106,0.0,2,23
107,0.0,2,24
108,0.0,2,26
109,0.0,2,28
110,0.0,2,30
111,0.0,2,33
112,0.0,2,34
113,0.0,2,36
114,0.0,2,37
115,0.0,2,38
116,0.0,2,45
117,0.0,2,48
118,0.0,2,49
119,0.0,2,65
120,0.0,2,70
121,0.0,2,71
122,0.0,2,72
123,0.0,2,93
124,0.0829,2,96
125,0.0,2,97
126,0.0,2,98
127,0.0,2,99
128,0.0049,2,103
129,0.0,2,108
130,0.0056,3,1
131,0.0506,3,2
132,0.7331,3,3
133,0.0,3,4
134,0.0,3,5
135,0.0084,3,6
136,0.0028,3,7
137,0.0,3,8
138,0.0,3,9
139,0.0,3,10
140,0.0562,3,12
141,0.0028,3,13
142,0.0,3,14
143,0.0618,3,15
144,0.0056,3,16
145,0.0,3,17
146,0.0225,3,18
147,0.0028,3,19
148,0.0,3,20
149,0.0,3,21
150,0.0,3,22
151,0.0,3,23
152,0.0,3,24
153,0.0,3,27
154,0.0,3,28
155,0.0,3,30
156,0.0,3,33
157,0.0,3,34
158,0.0,3,35
159,0.0,3,36
160,0.0,3,37
161,0.0,3,39
162,0.0,3,40
163,0.0,3,42
164,0.0,3,45
165,0.0,3,46
166,0.0,3,48
167,0.0,3,58
168,0.0,3,59
169,0.0,3,60
170,0.0,3,61
171,0.0,3,69
172,0.0,3,80
173,0.0,3,82
174,0.0,3,93
175,0.0225,3,96
176,0.0,3,97
177,0.0,3,98
178,0.0,3,99
179,0.0225,3,103
180,0.0028,3,108
181,0.0622,4,1
182,0.0,4,2
183,0.0,4,3
184,0.8842,4,4
185,0.0204,4,5
186,0.0064,4,6
187,0.0,4,7
188,0.0064,4,8
189,0.0107,4,9
190,0.0043,4,10
191,0.0011,4,12
192,0.0,4,13
193,0.0,4,14
194,0.0011,4,15
195,0.0,4,16
196,0.0,4,17
197,0.0,4,18
198,0.0,4,19
199,0.0,4,20
200,0.0021,4,22
201,0.0011,4,23
202,0.0,4,24
203,0.0,4,27
204,0.0,4,28
205,0.0,4,29
206,0.0,4,32
207,0.0,4,33
208,0.0,4,34
209,0.0,4,35
210,0.0,4,36
211,0.0,4,37
212,0.0,4,38
213,0.0,4,40
214,0.0,4,42
215,0.0,4,44
216,0.0,4,45
217,0.0,4,47
218,0.0,4,48
219,0.0,4,53
220,0.0,4,54
221,0.0,4,59
222,0.0,4,60
223,0.0,4,63
224,0.0,4,67
225,0.0,4,72
226,0.0,4,87
227,0.0,4,96
228,0.0,4,97
229,0.0,4,98
230,0.0,4,99
231,0.0,4,103
232,0.0,4,108
233,0.0,4,111
234,0.1055,5,1
235,0.0046,5,2
236,0.0046,5,3
237,0.0642,5,4
238,0.6881,5,5
239,0.1055,5,6
240,0.0,5,7
241,0.0,5,8
242,0.0138,5,9
243,0.0046,5,10
244,0.0,5,12
245,0.0,5,13
246,0.0,5,14
247,0.0,5,15
248,0.0,5,16
249,0.0,5,17
250,0.0,5,18
251,0.0,5,19
252,0.0,5,21
253,0.0,5,22
254,0.0046,5,23
255,0.0,5,24
256,0.0,5,26
257,0.0,5,28
258,0.0,5,29
259,0.0,5,32
260,0.0,5,33
261,0.0,5,34
262,0.0,5,35
263,0.0,5,36
264,0.0,5,37
265,0.0,5,38
266,0.0,5,39
267,0.0,5,40
268,0.0,5,48
269,0.0,5,67
270,0.0046,5,96
271,0.0,5,97
272,0.0,5,98
273,0.0,5,99
274,0.0,5,108
275,0.012,6,1
276,0.012,6,2
277,0.0024,6,3
278,0.0096,6,4
279,0.0699,6,5
280,0.788,6,6
281,0.0024,6,7
282,0.0,6,8
283,0.012,6,9
284,0.0337,6,10
285,0.0,6,11
286,0.0,6,12
287,0.0,6,13
288,0.0,6,14
289,0.0145,6,15
290,0.0,6,16
291,0.0,6,17
292,0.0361,6,18
293,0.0024,6,19
294,0.0,6,20
295,0.0,6,22
296,0.0024,6,23
297,0.0,6,24
298,0.0,6,26
299,0.0,6,27
300,0.0,6,28
301,0.0,6,32
302,0.0,6,33
303,0.0,6,34
304,0.0,6,35
305,0.0,6,36
306,0.0,6,37
307,0.0,6,38
308,0.0,6,39
309,0.0,6,40
310,0.0,6,43
311,0.0,6,44
312,0.0,6,45
313,0.0,6,46
314,0.0,6,47
315,0.0,6,48
316,0.0,6,49
317,0.0,6,51
318,0.0,6,52
319,0.0,6,53
320,0.0,6,54
321,0.0,6,55
322,0.0,6,56
323,0.0,6,58
324,0.0,6,60
325,0.0,6,65
326,0.0,6,68
327,0.0,6,75
328,0.0,6,80
329,0.0,6,93
330,0.0024,6,96
331,0.0,6,97
332,0.0,6,98
333,0.0,6,99
334,0.0,6,103
335,0.0,6,108
336,0.0775,7,1
337,0.0,7,2
338,0.0,7,3
339,0.0037,7,4
340,0.0,7,5
341,0.0,7,6
342,0.9004,7,7
343,0.0037,7,9
344,0.0,7,10
345,0.0,7,11
346,0.0,7,12
347,0.0,7,13
348,0.0,7,14
349,0.0074,7,15
350,0.0,7,16
351,0.0,7,17
352,0.0,7,18
353,0.0,7,19
354,0.0,7,21
355,0.0,7,22
356,0.0,7,23
357,0.0,7,24
358,0.0,7,28
359,0.0,7,33
360,0.0,7,34
361,0.0,7,35
362,0.0,7,36
363,0.0,7,37
364,0.0,7,40
365,0.0,7,45
366,0.0,7,48
367,0.0,7,49
368,0.0,7,52
369,0.0,7,54
370,0.0,7,58
371,0.0,7,59
372,0.0,7,60
373,0.0,7,63
374,0.0037,7,96
375,0.0,7,98
376,0.0,7,99
377,0.0,7,100
378,0.0,7,103
379,0.0037,7,108
380,0.0,8,1
381,0.0,8,2
382,0.0,8,3
383,0.042,8,4
384,0.0,8,5
385,0.0,8,6
386,0.8811,8,8
387,0.049,8,9
388,0.014,8,10
389,0.0,8,11
390,0.0,8,12
391,0.0,8,13
392,0.014,8,15
393,0.0,8,16
394,0.0,8,17
395,0.0,8,18
396,0.0,8,19
397,0.0,8,21
398,0.0,8,22
399,0.0,8,23
400,0.0,8,28
401,0.0,8,33
402,0.0,8,34
403,0.0,8,36
404,0.0,8,37
405,0.0,8,47
406,0.0,8,48
407,0.0,8,58
408,0.0,8,65
409,0.0,8,90
410,0.0,8,96
411,0.0,8,97
412,0.0,8,108
413,0.0,9,1
414,0.0,9,2
415,0.0,9,3
416,0.0444,9,4
417,0.0068,9,5
418,0.0102,9,6
419,0.0,9,7
420,0.041,9,8
421,0.843,9,9
422,0.0512,9,10
423,0.0,9,11
424,0.0,9,12
425,0.0,9,13
426,0.0,9,14
427,0.0034,9,15
428,0.0,9,16
429,0.0,9,17
430,0.0,9,18
431,0.0,9,19
432,0.0,9,20
433,0.0,9,21
434,0.0,9,22
435,0.0,9,23
436,0.0,9,26
437,0.0,9,28
438,0.0,9,33
439,0.0,9,34
440,0.0,9,35
441,0.0,9,37
442,0.0,9,38
443,0.0,9,40
444,0.0,9,41
445,0.0,9,45
446,0.0,9,46
447,0.0,9,48
448,0.0,9,52
449,0.0,9,58
450,0.0,9,60
451,0.0,9,65
452,0.0,9,96
453,0.0,9,97
454,0.0,9,98
455,0.0,9,103
456,0.0,9,108
457,0.0076,10,1
458,0.0,10,2
459,0.0,10,3
460,0.0076,10,4
461,0.0,10,5
462,0.0305,10,6
463,0.0015,10,7
464,0.0015,10,8
465,0.0244,10,9
466,0.9069,10,10
467,0.0076,10,11
468,0.0015,10,12
469,0.0,10,13
470,0.0,10,14
471,0.0015,10,15
472,0.0,10,16
473,0.0,10,17
474,0.0,10,18
475,0.0,10,19
476,0.0,10,20
477,0.0,10,21
478,0.0,10,22
479,0.0,10,23
480,0.0,10,24
481,0.0,10,26
482,0.0,10,27
483,0.0,10,28
484,0.0,10,33
485,0.0015,10,34
486,0.0,10,35
487,0.0,10,36
488,0.0,10,37
489,0.0,10,38
490,0.0,10,39
491,0.0,10,40
492,0.0,10,42
493,0.0031,10,45
494,0.0046,10,46
495,0.0,10,47
496,0.0,10,48
497,0.0,10,49
498,0.0,10,50
499,0.0,10,51
500,0.0,10,52
501,0.0,10,53
502,0.0,10,54
503,0.0,10,55
504,0.0,10,56
505,0.0,10,58
506,0.0,10,59
507,0.0,10,60
508,0.0,10,61
509,0.0,10,63
510,0.0,10,65
511,0.0,10,69
512,0.0,10,72
513,0.0,10,82
514,0.0,10,87
515,0.0,10,89
516,0.0,10,90
517,0.0,10,93
518,0.0,10,96
519,0.0,10,97
520,0.0,10,98
521,0.0,10,100
522,0.0,10,103
523,0.0,10,108
524,0.0,11,1
525,0.0,11,4
526,0.0,11,6
527,0.0,11,7
528,0.0,11,8
529,0.0,11,9
530,0.0263,11,10
531,0.8026,11,11
532,0.0,11,12
533,0.0,11,13
534,0.0,11,15
535,0.0,11,16
536,0.0,11,17
537,0.0,11,18
538,0.0,11,19
539,0.0,11,20
540,0.0,11,23
541,0.0,11,24
542,0.0,11,30
543,0.0,11,33
544,0.0,11,34
545,0.0,11,35
546,0.0,11,36
547,0.0,11,37
548,0.0,11,38
549,0.0,11,39
550,0.0,11,40
551,0.0,11,42
552,0.1316,11,45
553,0.0329,11,46
554,0.0,11,47
555,0.0,11,48
556,0.0,11,49
557,0.0066,11,50
558,0.0,11,52
559,0.0,11,53
560,0.0,11,54
561,0.0,11,56
562,0.0,11,58
563,0.0,11,59
564,0.0,11,60
565,0.0,11,63
566,0.0,11,65
567,0.0,11,75
568,0.0,11,98
569,0.0,11,100
570,0.0,11,108
571,0.0,12,1
572,0.0,12,2
573,0.03,12,3
574,0.0,12,4
575,0.0,12,5
576,0.0014,12,6
577,0.0014,12,7
578,0.0,12,8
579,0.0,12,9
580,0.0,12,10
581,0.0,12,11
582,0.7539,12,12
583,0.0315,12,13
584,0.0014,12,14
585,0.1345,12,15
586,0.0029,12,16
587,0.0014,12,17
588,0.0029,12,18
589,0.0,12,19
590,0.0,12,20
591,0.0,12,21
592,0.0,12,22
593,0.0,12,23
594,0.0,12,24
595,0.0,12,26
596,0.0,12,27
597,0.0,12,28
598,0.0,12,29
599,0.0,12,30
600,0.0,12,31
601,0.0,12,33
602,0.0,12,34
603,0.0,12,35
604,0.0,12,36
605,0.0,12,37
606,0.0,12,38
607,0.0,12,39
608,0.0,12,40
609,0.0,12,42
610,0.0,12,44
611,0.0,12,45
612,0.0,12,46
613,0.0,12,48
614,0.0,12,49
615,0.0,12,50
616,0.0,12,51
617,0.0,12,52
618,0.0,12,53
619,0.0,12,56
620,0.0,12,58
621,0.0,12,60
622,0.0,12,61
623,0.0014,12,63
624,0.0,12,64
625,0.0,12,65
626,0.0,12,66
627,0.0,12,72
628,0.0,12,73
629,0.0,12,74
630,0.0,12,78
631,0.0,12,79
632,0.0014,12,81
633,0.0014,12,82
634,0.0,12,85
635,0.0014,12,87
636,0.0,12,89
637,0.0,12,90
638,0.0,12,92
639,0.0014,12,96
640,0.0014,12,97
641,0.0,12,98
642,0.0014,12,99
643,0.0,12,102
644,0.0086,12,103
645,0.02,12,108
646,0.0,12,110
647,0.0017,13,1
648,0.0017,13,2
649,0.0017,13,3
650,0.0,13,4
651,0.0,13,5
652,0.0,13,6
653,0.0,13,7
654,0.0,13,8
655,0.0,13,9
656,0.0017,13,10
657,0.0,13,11
658,0.0436,13,12
659,0.7265,13,13
660,0.0157,13,14
661,0.0418,13,15
662,0.007,13,16
663,0.0017,13,17
664,0.0,13,18
665,0.0,13,19
666,0.0,13,20
667,0.0,13,21
668,0.0,13,22
669,0.0017,13,23
670,0.0,13,24
671,0.0,13,25
672,0.0,13,26
673,0.0,13,27
674,0.0,13,28
675,0.0,13,30
676,0.0,13,33
677,0.0,13,34
678,0.0,13,35
679,0.0,13,36
680,0.0,13,37
681,0.0,13,38
682,0.0,13,39
683,0.0,13,40
684,0.0,13,42
685,0.0,13,45
686,0.0,13,46
687,0.0,13,48
688,0.0,13,49
689,0.0,13,50
690,0.0,13,53
691,0.0,13,58
692,0.0,13,60
693,0.0017,13,65
694,0.0,13,69
695,0.0,13,78
696,0.0,13,96
697,0.0401,13,97
698,0.0,13,98
699,0.0,13,99
700,0.0,13,103
701,0.1132,13,108
702,0.0027,14,1
703,0.0,14,2
704,0.0,14,3
705,0.0,14,4
706,0.0,14,6
707,0.0,14,7
708,0.0,14,9
709,0.0,14,12
710,0.0163,14,13
711,0.9268,14,14
712,0.0054,14,15
713,0.0027,14,16
714,0.019,14,17
715,0.0,14,18
716,0.0,14,19
717,0.0,14,20
718,0.0,14,21
719,0.0,14,22
720,0.0,14,23
721,0.0,14,24
722,0.0,14,25
723,0.0,14,26
724,0.0,14,27
725,0.0,14,33
726,0.0,14,34
727,0.0,14,35
728,0.0,14,36
729,0.0,14,37
730,0.0,14,43
731,0.0,14,44
732,0.0,14,46
733,0.0,14,48
734,0.0,14,51
735,0.0,14,55
736,0.0,14,58
737,0.0,14,60
738,0.0,14,63
739,0.0,14,66
740,0.0,14,96
741,0.0271,14,97
742,0.0,14,98
743,0.0,14,99
744,0.0,14,108
745,0.0032,15,1
746,0.0008,15,2
747,0.0079,15,3
748,0.0,15,4
749,0.0004,15,5
750,0.0044,15,6
751,0.002,15,7
752,0.0,15,8
753,0.0008,15,9
754,0.0016,15,10
755,0.0,15,11
756,0.0353,15,12
757,0.0107,15,13
758,0.0016,15,14
759,0.8013,15,15
760,0.0163,15,16
761,0.0044,15,17
762,0.0179,15,18
763,0.0071,15,19
764,0.0004,15,20
765,0.0004,15,21
766,0.0,15,22
767,0.0,15,23
768,0.0,15,24
769,0.0,15,25
770,0.0,15,26
771,0.0,15,27
772,0.0,15,28
773,0.0004,15,29
774,0.0,15,30
775,0.0,15,31
776,0.0,15,32
777,0.0024,15,33
778,0.0032,15,34
779,0.0,15,35
780,0.0004,15,36
781,0.0004,15,37
782,0.0,15,38
783,0.0,15,39
784,0.0,15,40
785,0.0,15,41
786,0.0,15,42
787,0.0,15,43
788,0.0,15,44
789,0.0,15,45
790,0.0,15,46
791,0.0,15,47
792,0.0004,15,48
793,0.0,15,49
794,0.0,15,50
795,0.0,15,51
796,0.0,15,52
797,0.0,15,53
798,0.0,15,54
799,0.0,15,55
800,0.0,15,56
801,0.0004,15,58
802,0.0,15,59
803,0.0,15,60
804,0.0,15,61
805,0.0,15,62
806,0.0004,15,63
807,0.0,15,65
808,0.0,15,67
809,0.0,15,68
810,0.0,15,69
811,0.0,15,70
812,0.0,15,71
813,0.0,15,72
814,0.0,15,73
815,0.0,15,74
816,0.0,15,75
817,0.0,15,79
818,0.0,15,80
819,0.0,15,81
820,0.0,15,82
821,0.0,15,87
822,0.0,15,88
823,0.0,15,90
824,0.0,15,92
825,0.0,15,93
826,0.0,15,95
827,0.0004,15,96
828,0.0079,15,97
829,0.0119,15,98
830,0.0004,15,99
831,0.0,15,100
832,0.0,15,102
833,0.0016,15,103
834,0.0536,15,108
835,0.0,15,109
836,0.0,15,111
837,0.0,16,1
838,0.0,16,2
839,0.0007,16,3
840,0.0,16,4
841,0.0,16,5
842,0.0,16,6
843,0.0,16,7
844,0.0,16,8
845,0.0007,16,9
846,0.0,16,10
847,0.0,16,11
848,0.0007,16,12
849,0.0015,16,13
850,0.0,16,14
851,0.0305,16,15
852,0.8588,16,16
853,0.0535,16,17
854,0.0022,16,18
855,0.0104,16,19
856,0.0007,16,20
857,0.0,16,21
858,0.0007,16,22
859,0.0022,16,23
860,0.0,16,24
861,0.0,16,25
862,0.0,16,26
863,0.0,16,27
864,0.0007,16,28
865,0.0,16,29
866,0.0,16,30
867,0.0,16,33
868,0.0007,16,34
869,0.0,16,35
870,0.0,16,36
871,0.0,16,37
872,0.0,16,38
873,0.0,16,39
874,0.0,16,40
875,0.0,16,41
876,0.0,16,43
877,0.0,16,45
878,0.0,16,46
879,0.0,16,47
880,0.0,16,48
881,0.0,16,49
882,0.0,16,50
883,0.0,16,51
884,0.0,16,52
885,0.0,16,53
886,0.0,16,54
887,0.0,16,55
888,0.0,16,58
889,0.0,16,60
890,0.0,16,61
891,0.0,16,62
892,0.0007,16,63
893,0.0,16,64
894,0.0,16,65
895,0.0,16,69
896,0.0,16,71
897,0.0,16,72
898,0.0,16,74
899,0.0,16,75
900,0.0,16,77
901,0.0,16,79
902,0.0007,16,82
903,0.0,16,86
904,0.0,16,87
905,0.0,16,89
906,0.0,16,90
907,0.0,16,92
908,0.0,16,93
909,0.0,16,95
910,0.0,16,96
911,0.0171,16,97
912,0.0022,16,98
913,0.0,16,99
914,0.0,16,100
915,0.0,16,101
916,0.0,16,102
917,0.0,16,103
918,0.0149,16,108
919,0.0,16,110
920,0.0,17,1
921,0.0,17,2
922,0.0,17,3
923,0.0009,17,4
924,0.0,17,5
925,0.0,17,6
926,0.0,17,7
927,0.0,17,8
928,0.0,17,9
929,0.0009,17,10
930,0.0,17,11
931,0.0,17,12
932,0.0009,17,13
933,0.007,17,14
934,0.0079,17,15
935,0.0598,17,16
936,0.8355,17,17
937,0.0018,17,18
938,0.0193,17,19
939,0.0281,17,20
940,0.0035,17,21
941,0.0106,17,22
942,0.0141,17,23
943,0.0009,17,24
944,0.0,17,25
945,0.0018,17,26
946,0.0,17,27
947,0.0,17,28
948,0.0,17,29
949,0.0,17,30
950,0.0,17,31
951,0.0,17,32
952,0.0,17,33
953,0.0009,17,34
954,0.0009,17,35
955,0.0,17,36
956,0.0009,17,37
957,0.0,17,38
958,0.0,17,39
959,0.0,17,40
960,0.0,17,41
961,0.0,17,42
962,0.0,17,44
963,0.0,17,45
964,0.0,17,46
965,0.0,17,47
966,0.0009,17,48
967,0.0,17,49
968,0.0,17,50
969,0.0,17,51
970,0.0,17,52
971,0.0,17,53
972,0.0,17,54
973,0.0,17,58
974,0.0,17,63
975,0.0,17,67
976,0.0,17,79
977,0.0,17,87
978,0.0,17,93
979,0.0,17,94
980,0.0,17,96
981,0.0018,17,97
982,0.0018,17,98
983,0.0,17,99
984,0.0,17,100
985,0.0,17,103
986,0.0,17,108
987,0.0,18,1
988,0.0093,18,2
989,0.0163,18,3
990,0.0,18,4
991,0.0,18,5
992,0.0349,18,6
993,0.0,18,7
994,0.0,18,8
995,0.0023,18,9
996,0.0023,18,10
997,0.0,18,11
998,0.0023,18,12
999,0.0,18,13
1000,0.0,18,14
1001,0.1,18,15
1002,0.0047,18,16
1003,0.0047,18,17
1004,0.7814,18,18
1005,0.0023,18,19
1006,0.0,18,20
1007,0.0,18,21
1008,0.0,18,22
1009,0.0,18,23
1010,0.0,18,24
1011,0.0,18,26
1012,0.0,18,27
1013,0.0023,18,28
1014,0.0,18,30
1015,0.0,18,32
1016,0.0116,18,33
1017,0.0,18,34
1018,0.0,18,35
1019,0.0,18,36
1020,0.0,18,37
1021,0.0023,18,38
1022,0.0,18,39
1023,0.0,18,40
1024,0.0,18,41
1025,0.0,18,42
1026,0.0,18,45
1027,0.0,18,47
1028,0.0023,18,48
1029,0.0,18,49
1030,0.0,18,51
1031,0.0,18,52
1032,0.0,18,53
1033,0.0,18,58
1034,0.0,18,61
1035,0.0023,18,63
1036,0.0,18,67
1037,0.0,18,69
1038,0.0,18,71
1039,0.0,18,93
1040,0.0,18,96
1041,0.0,18,97
1042,0.014,18,98
1043,0.0,18,99
1044,0.0,18,100
1045,0.0023,18,103
1046,0.0023,18,108
1047,0.0,19,1
1048,0.0,19,2
1049,0.0029,19,3
1050,0.0,19,4
1051,0.0,19,5
1052,0.0029,19,6
1053,0.0,19,7
1054,0.0,19,8
1055,0.0,19,9
1056,0.0,19,10
1057,0.0,19,11
1058,0.0,19,12
1059,0.0,19,13
1060,0.0,19,14
1061,0.0321,19,15
1062,0.0408,19,16
1063,0.0583,19,17
1064,0.0029,19,18
1065,0.691,19,19
1066,0.0554,19,20
1067,0.0,19,21
1068,0.0,19,22
1069,0.0058,19,23
1070,0.0,19,24
1071,0.0,19,25
1072,0.0,19,26
1073,0.0,19,27
1074,0.0029,19,28
1075,0.0,19,29
1076,0.0,19,30
1077,0.0,19,32
1078,0.0204,19,33
1079,0.0204,19,34
1080,0.0029,19,35
1081,0.0,19,36
1082,0.0,19,37
1083,0.0,19,38
1084,0.0,19,39
1085,0.0,19,40
1086,0.0,19,41
1087,0.0,19,42
1088,0.0,19,45
1089,0.0,19,46
1090,0.0,19,47
1091,0.0,19,48
1092,0.0,19,49
1093,0.0,19,50
1094,0.0,19,53
1095,0.0,19,55
1096,0.0,19,56
1097,0.0029,19,58
1098,0.0,19,60
1099,0.0,19,61
1100,0.0,19,63
1101,0.0,19,93
1102,0.0,19,96
1103,0.0,19,97
1104,0.0583,19,98
1105,0.0,19,99
1106,0.0,19,101
1107,0.0,19,103
1108,0.0,19,108
1109,0.0,20,1
1110,0.0,20,2
1111,0.0,20,3
1112,0.0,20,4
1113,0.0,20,6
1114,0.0,20,9
1115,0.0,20,10
1116,0.0,20,11
1117,0.0,20,12
1118,0.0,20,13
1119,0.0,20,14
1120,0.0028,20,15
1121,0.0,20,16
1122,0.0909,20,17
1123,0.0,20,18
1124,0.0413,20,19
1125,0.708,20,20
1126,0.0,20,21
1127,0.0,20,22
1128,0.0661,20,23
1129,0.0,20,24
1130,0.0,20,25
1131,0.0,20,26
1132,0.0,20,27
1133,0.0028,20,28
1134,0.0083,20,29
1135,0.0,20,30
1136,0.0,20,31
1137,0.0,20,33
1138,0.0165,20,34
1139,0.0248,20,35
1140,0.0275,20,36
1141,0.0028,20,37
1142,0.0028,20,38
1143,0.0,20,39
1144,0.0,20,40
1145,0.0,20,41
1146,0.0,20,42
1147,0.0,20,44
1148,0.0,20,45
1149,0.0,20,46
1150,0.0,20,47
1151,0.0028,20,48
1152,0.0,20,49
1153,0.0,20,50
1154,0.0028,20,51
1155,0.0,20,52
1156,0.0,20,53
1157,0.0,20,54
1158,0.0,20,55
1159,0.0,20,56
1160,0.0,20,58
1161,0.0,20,60
1162,0.0,20,67
1163,0.0,20,71
1164,0.0,20,84
1165,0.0,20,93
1166,0.0,20,97
1167,0.0,20,98
1168,0.0,20,99
1169,0.0,20,103
1170,0.0,20,108
1171,0.0,20,109
1172,0.0,21,1
1173,0.0,21,3
1174,0.0,21,5
1175,0.0,21,6
1176,0.0,21,7
1177,0.0,21,9
1178,0.0,21,10
1179,0.0,21,11
1180,0.0,21,12
1181,0.0,21,13
1182,0.0,21,14
1183,0.0,21,15
1184,0.0,21,16
1185,0.0041,21,17
1186,0.0,21,18
1187,0.0,21,19
1188,0.0,21,20
1189,0.8939,21,21
1190,0.0694,21,22
1191,0.0163,21,23
1192,0.0,21,24
1193,0.0163,21,25
1194,0.0,21,26
1195,0.0,21,27
1196,0.0,21,28
1197,0.0,21,29
1198,0.0,21,30
1199,0.0,21,31
1200,0.0,21,33
1201,0.0,21,34
1202,0.0,21,35
1203,0.0,21,36
1204,0.0,21,37
1205,0.0,21,38
1206,0.0,21,39
1207,0.0,21,40
1208,0.0,21,41
1209,0.0,21,42
1210,0.0,21,43
1211,0.0,21,45
1212,0.0,21,46
1213,0.0,21,48
1214,0.0,21,50
1215,0.0,21,51
1216,0.0,21,52
1217,0.0,21,55
1218,0.0,21,56
1219,0.0,21,58
1220,0.0,21,60
1221,0.0,21,63
1222,0.0,21,64
1223,0.0,21,69
1224,0.0,21,75
1225,0.0,21,93
1226,0.0,21,96
1227,0.0,21,97
1228,0.0,21,98
1229,0.0,21,99
1230,0.0,21,103
1231,0.0,21,108
1232,0.0,21,109
1233,0.0,22,1
1234,0.0,22,2
1235,0.0,22,3
1236,0.0,22,4
1237,0.0,22,5
1238,0.0,22,6
1239,0.0,22,7
1240,0.0,22,8
1241,0.0,22,9
1242,0.0,22,10
1243,0.0,22,11
1244,0.0,22,12
1245,0.0,22,13
1246,0.0,22,14
1247,0.0013,22,15
1248,0.0013,22,16
1249,0.0134,22,17
1250,0.0,22,18
1251,0.0,22,19
1252,0.004,22,20
1253,0.0201,22,21
1254,0.9088,22,22
1255,0.0161,22,23
1256,0.0134,22,24
1257,0.008,22,25
1258,0.0,22,26
1259,0.0013,22,27
1260,0.004,22,28
1261,0.0,22,29
1262,0.0,22,30
1263,0.0,22,32
1264,0.0,22,33
1265,0.0013,22,34
1266,0.0,22,35
1267,0.0013,22,36
1268,0.0027,22,37
1269,0.0,22,38
1270,0.0,22,39
1271,0.0,22,40
1272,0.0,22,41
1273,0.0013,22,42
1274,0.0,22,43
1275,0.0,22,44
1276,0.0013,22,46
1277,0.0,22,48
1278,0.0,22,49
1279,0.0,22,50
1280,0.0,22,51
1281,0.0,22,52
1282,0.0,22,55
1283,0.0,22,58
1284,0.0,22,59
1285,0.0,22,66
1286,0.0,22,67
1287,0.0,22,69
1288,0.0,22,71
1289,0.0,22,72
1290,0.0,22,79
1291,0.0,22,80
1292,0.0,22,90
1293,0.0,22,93
1294,0.0,22,96
1295,0.0,22,97
1296,0.0,22,98
1297,0.0,22,99
1298,0.0,22,108
1299,0.0,22,109
1300,0.0015,23,1
1301,0.0,23,2
1302,0.0,23,3
1303,0.0015,23,4
1304,0.0,23,5
1305,0.0,23,6
1306,0.0,23,7
1307,0.0,23,9
1308,0.0,23,10
1309,0.0,23,11
1310,0.0015,23,12
1311,0.0,23,13
1312,0.0,23,14
1313,0.0015,23,15
1314,0.0029,23,16
1315,0.0218,23,17
1316,0.0,23,18
1317,0.0029,23,19
1318,0.0392,23,20
1319,0.0058,23,21
1320,0.0174,23,22
1321,0.8096,23,23
1322,0.0349,23,24
1323,0.0,23,25
1324,0.0029,23,26
1325,0.0044,23,27
1326,0.016,23,28
1327,0.0116,23,29
1328,0.0,23,30
1329,0.0,23,31
1330,0.0,23,32
1331,0.0015,23,33
1332,0.0015,23,34
1333,0.0,23,35
1334,0.0073,23,36
1335,0.0029,23,37
1336,0.0015,23,38
1337,0.0015,23,39
1338,0.0015,23,40
1339,0.0015,23,41
1340,0.0,23,42
1341,0.0,23,44
1342,0.0,23,45
1343,0.0,23,46
1344,0.0,23,47
1345,0.0,23,48
1346,0.0,23,49
1347,0.0,23,50
1348,0.0,23,51
1349,0.0,23,52
1350,0.0,23,53
1351,0.0,23,54
1352,0.0,23,55
1353,0.0,23,56
1354,0.0,23,57
1355,0.0,23,58
1356,0.0,23,60
1357,0.0,23,63
1358,0.0,23,64
1359,0.0,23,66
1360,0.0,23,67
1361,0.0,23,68
1362,0.0,23,69
1363,0.0,23,70
1364,0.0,23,71
1365,0.0,23,72
1366,0.0,23,74
1367,0.0,23,75
1368,0.0,23,82
1369,0.0,23,87
1370,0.0015,23,93
1371,0.0015,23,96
1372,0.0,23,97
1373,0.0,23,98
1374,0.0,23,99
1375,0.0,23,103
1376,0.0029,23,108
1377,0.0,23,109
1378,0.0,23,111
1379,0.0,24,1
1380,0.0,24,3
1381,0.0,24,4
1382,0.0,24,5
1383,0.0,24,6
1384,0.0,24,7
1385,0.0,24,10
1386,0.0,24,11
1387,0.0,24,12
1388,0.0,24,13
1389,0.0,24,14
1390,0.0,24,15
1391,0.0,24,16
1392,0.0028,24,17
1393,0.0,24,18
1394,0.0,24,19
1395,0.0,24,20
1396,0.0,24,21
1397,0.0154,24,22
1398,0.0336,24,23
1399,0.8193,24,24
1400,0.0042,24,25
1401,0.028,24,26
1402,0.007,24,27
1403,0.0784,24,28
1404,0.0028,24,29
1405,0.0,24,30
1406,0.0,24,31
1407,0.0,24,32
1408,0.0,24,33
1409,0.0,24,34
1410,0.0,24,35
1411,0.0,24,36
1412,0.0028,24,37
1413,0.0014,24,38
1414,0.0,24,39
1415,0.0,24,40
1416,0.0,24,41
1417,0.0,24,42
1418,0.0014,24,44
1419,0.0,24,45
1420,0.0,24,46
1421,0.0,24,48
1422,0.0014,24,49
1423,0.0,24,51
1424,0.0,24,52
1425,0.0,24,53
1426,0.0,24,54
1427,0.0,24,55
1428,0.0,24,58
1429,0.0,24,59
1430,0.0,24,60
1431,0.0,24,63
1432,0.0,24,68
1433,0.0,24,70
1434,0.0,24,71
1435,0.0,24,93
1436,0.0,24,96
1437,0.0,24,97
1438,0.0,24,98
1439,0.0014,24,99
1440,0.0,24,100
1441,0.0,24,103
1442,0.0,24,108
1443,0.0,25,1
1444,0.0,25,5
1445,0.0,25,13
1446,0.0,25,14
1447,0.0,25,15
1448,0.0,25,16
1449,0.0,25,17
1450,0.0,25,18
1451,0.0,25,19
1452,0.0,25,20
1453,0.0248,25,21
1454,0.0142,25,22
1455,0.0,25,23
1456,0.0106,25,24
1457,0.8617,25,25
1458,0.0426,25,26
1459,0.0106,25,27
1460,0.0106,25,28
1461,0.0,25,29
1462,0.0177,25,30
1463,0.0,25,31
1464,0.0035,25,32
1465,0.0,25,33
1466,0.0,25,35
1467,0.0,25,36
1468,0.0,25,37
1469,0.0,25,38
1470,0.0,25,39
1471,0.0035,25,40
1472,0.0,25,41
1473,0.0,25,42
1474,0.0,25,45
1475,0.0,25,48
1476,0.0,25,49
1477,0.0,25,51
1478,0.0,25,52
1479,0.0,25,55
1480,0.0,25,58
1481,0.0,25,60
1482,0.0,25,80
1483,0.0,25,90
1484,0.0,25,93
1485,0.0,25,97
1486,0.0,25,99
1487,0.0,25,103
1488,0.0,25,108
1489,0.0,26,1
1490,0.0,26,2
1491,0.0,26,3
1492,0.0,26,4
1493,0.0,26,6
1494,0.0,26,10
1495,0.0,26,11
1496,0.0,26,12
1497,0.0,26,13
1498,0.0,26,14
1499,0.0014,26,15
1500,0.0,26,16
1501,0.0,26,17
1502,0.0,26,18
1503,0.0,26,19
1504,0.0,26,20
1505,0.0014,26,21
1506,0.0,26,22
1507,0.0028,26,23
1508,0.0249,26,24
1509,0.0193,26,25
1510,0.7928,26,26
1511,0.0746,26,27
1512,0.0483,26,28
1513,0.0,26,29
1514,0.0055,26,30
1515,0.0,26,31
1516,0.0,26,32
1517,0.0,26,33
1518,0.0,26,34
1519,0.0,26,35
1520,0.0,26,36
1521,0.0014,26,37
1522,0.0,26,38
1523,0.0,26,39
1524,0.0,26,40
1525,0.0,26,41
1526,0.0,26,42
1527,0.0,26,46
1528,0.0,26,47
1529,0.0,26,48
1530,0.0,26,50
1531,0.0,26,52
1532,0.0,26,53
1533,0.0,26,54
1534,0.0,26,57
1535,0.0,26,58
1536,0.0,26,59
1537,0.0,26,60
1538,0.0,26,61
1539,0.0,26,63
1540,0.0,26,67
1541,0.0,26,68
1542,0.0,26,72
1543,0.0,26,74
1544,0.0,26,75
1545,0.0,26,79
1546,0.0014,26,82
1547,0.0,26,86
1548,0.0,26,87
1549,0.0,26,92
1550,0.0262,26,93
1551,0.0,26,98
1552,0.0,26,99
1553,0.0,26,108
1554,0.0,27,1
1555,0.0,27,3
1556,0.0,27,4
1557,0.0,27,6
1558,0.0,27,7
1559,0.0,27,9
1560,0.0,27,10
1561,0.0,27,11
1562,0.0,27,12
1563,0.0,27,13
1564,0.0,27,15
1565,0.0015,27,16
1566,0.0,27,17
1567,0.0,27,18
1568,0.0,27,19
1569,0.0,27,20
1570,0.0,27,21
1571,0.0031,27,22
1572,0.0031,27,23
1573,0.0077,27,24
1574,0.0031,27,25
1575,0.0796,27,26
1576,0.7519,27,27
1577,0.0704,27,28
1578,0.0168,27,29
1579,0.023,27,30
1580,0.0015,27,31
1581,0.0031,27,32
1582,0.0,27,33
1583,0.0,27,34
1584,0.0,27,35
1585,0.0,27,36
1586,0.0,27,37
1587,0.0031,27,38
1588,0.0,27,39
1589,0.0015,27,40
1590,0.0,27,41
1591,0.0,27,42
1592,0.0,27,45
1593,0.0,27,46
1594,0.0,27,47
1595,0.0,27,48
1596,0.0,27,50
1597,0.0,27,51
1598,0.0,27,52
1599,0.0,27,53
1600,0.0015,27,58
1601,0.0,27,60
1602,0.0,27,61
1603,0.0,27,63
1604,0.0,27,66
1605,0.0,27,67
1606,0.0,27,69
1607,0.0,27,70
1608,0.0,27,71
1609,0.0,27,72
1610,0.0,27,82
1611,0.0015,27,83
1612,0.0015,27,87
1613,0.0,27,90
1614,0.0,27,92
1615,0.026,27,93
1616,0.0,27,96
1617,0.0,27,97
1618,0.0,27,98
1619,0.0,27,99
1620,0.0,27,100
1621,0.0,27,108
1622,0.0,27,109
1623,0.0,27,110
1624,0.0,27,111
1625,0.0,28,1
1626,0.0,28,2
1627,0.0,28,3
1628,0.0,28,4
1629,0.0,28,5
1630,0.0,28,6
1631,0.0,28,7
1632,0.0,28,9
1633,0.0,28,10
1634,0.0,28,12
1635,0.0,28,13
1636,0.0,28,14
1637,0.0,28,15
1638,0.0,28,16
1639,0.0012,28,17
1640,0.0,28,18
1641,0.0012,28,19
1642,0.0,28,20
1643,0.0,28,21
1644,0.0036,28,22
1645,0.0214,28,23
1646,0.0655,28,24
1647,0.0012,28,25
1648,0.0405,28,26
1649,0.0702,28,27
1650,0.7595,28,28
1651,0.025,28,29
1652,0.0,28,30
1653,0.0,28,31
1654,0.0,28,32
1655,0.0,28,33
1656,0.0,28,34
1657,0.0012,28,35
1658,0.0012,28,36
1659,0.0024,28,37
1660,0.0012,28,38
1661,0.0012,28,39
1662,0.0,28,40
1663,0.0,28,41
1664,0.0,28,42
1665,0.0,28,44
1666,0.0,28,46
1667,0.0,28,47
1668,0.0,28,48
1669,0.0,28,49
1670,0.0,28,50
1671,0.0,28,51
1672,0.0,28,52
1673,0.0,28,53
1674,0.0,28,54
1675,0.0,28,55
1676,0.0,28,56
1677,0.0,28,57
1678,0.0,28,58
1679,0.0,28,59
1680,0.0012,28,60
1681,0.0,28,61
1682,0.0,28,63
1683,0.0,28,65
1684,0.0,28,66
1685,0.0,28,67
1686,0.0,28,68
1687,0.0,28,70
1688,0.0,28,71
1689,0.0,28,72
1690,0.0,28,78
1691,0.0012,28,87
1692,0.0,28,93
1693,0.0012,28,96
1694,0.0,28,97
1695,0.0,28,98
1696,0.0,28,99
1697,0.0,28,100
1698,0.0,28,103
1699,0.0,28,108
1700,0.0,29,1
1701,0.0,29,4
1702,0.0,29,6
1703,0.0,29,12
1704,0.0,29,15
1705,0.0,29,16
1706,0.0,29,17
1707,0.0,29,18
1708,0.0,29,19
1709,0.0134,29,20
1710,0.0,29,21
1711,0.0,29,22
1712,0.0357,29,23
1713,0.0089,29,24
1714,0.0045,29,25
1715,0.0,29,26
1716,0.0446,29,27
1717,0.1295,29,28
1718,0.6652,29,29
1719,0.0,29,30
1720,0.0,29,31
1721,0.0,29,33
1722,0.0,29,34
1723,0.0,29,35
1724,0.0,29,36
1725,0.0,29,37
1726,0.0938,29,38
1727,0.0045,29,39
1728,0.0,29,40
1729,0.0,29,41
1730,0.0,29,42
1731,0.0,29,43
1732,0.0,29,45
1733,0.0,29,46
1734,0.0,29,47
1735,0.0,29,48
1736,0.0,29,50
1737,0.0,29,51
1738,0.0,29,52
1739,0.0,29,53
1740,0.0,29,54
1741,0.0,29,58
1742,0.0,29,67
1743,0.0,29,68
1744,0.0,29,71
1745,0.0,29,93
1746,0.0,29,96
1747,0.0,29,97
1748,0.0,29,98
1749,0.0,29,99
1750,0.0,29,108
1751,0.0,30,1
1752,0.0,30,2
1753,0.0,30,3
1754,0.0,30,6
1755,0.0,30,12
1756,0.0,30,13
1757,0.0,30,15
1758,0.0,30,16
1759,0.0,30,17
1760,0.0,30,18
1761,0.0,30,19
1762,0.0,30,20
1763,0.0,30,21
1764,0.002,30,22
1765,0.0,30,23
1766,0.0,30,24
1767,0.006,30,25
1768,0.004,30,26
1769,0.0262,30,27
1770,0.0,30,28
1771,0.0,30,29
1772,0.871,30,30
1773,0.0444,30,31
1774,0.0101,30,32
1775,0.0,30,33
1776,0.0,30,35
1777,0.0,30,36
1778,0.0,30,37
1779,0.0,30,38
1780,0.0,30,39
1781,0.0,30,40
1782,0.0,30,41
1783,0.0,30,42
1784,0.0,30,45
1785,0.0,30,47
1786,0.002,30,48
1787,0.0,30,50
1788,0.0,30,52
1789,0.0,30,53
1790,0.0,30,58
1791,0.0,30,60
1792,0.0,30,69
1793,0.0,30,71
1794,0.0,30,82
1795,0.0,30,89
1796,0.0343,30,93
1797,0.0,30,97
1798,0.0,30,98
1799,0.0,30,108
1800,0.0,31,12
1801,0.0,31,15
1802,0.0,31,17
1803,0.0,31,20
1804,0.0,31,21
1805,0.0,31,23
1806,0.0,31,24
1807,0.0,31,25
1808,0.0,31,26
1809,0.0,31,27
1810,0.0,31,28
1811,0.0,31,29
1812,0.2101,31,30
1813,0.7479,31,31
1814,0.042,31,32
1815,0.0,31,33
1816,0.0,31,34
1817,0.0,31,35
1818,0.0,31,36
1819,0.0,31,37
1820,0.0,31,48
1821,0.0,31,58
1822,0.0,31,63
1823,0.0,31,71
1824,0.0,31,93
1825,0.0,31,99
1826,0.0,31,108
1827,0.0,32,4
1828,0.0,32,6
1829,0.0,32,10
1830,0.0,32,15
1831,0.0,32,17
1832,0.0,32,19
1833,0.0074,32,21
1834,0.0,32,22
1835,0.0,32,23
1836,0.0,32,24
1837,0.0074,32,25
1838,0.0,32,26
1839,0.0,32,27
1840,0.0,32,28
1841,0.0,32,29
1842,0.0296,32,30
1843,0.0296,32,31
1844,0.9259,32,32
1845,0.0,32,37
1846,0.0,32,38
1847,0.0,32,39
1848,0.0,32,41
1849,0.0,32,42
1850,0.0,32,48
1851,0.0,32,58
1852,0.0,32,93
1853,0.0,32,98
1854,0.0,33,1
1855,0.0,33,2
1856,0.0,33,3
1857,0.0,33,4
1858,0.0046,33,5
1859,0.0,33,6
1860,0.0,33,7
1861,0.0,33,8
1862,0.0,33,9
1863,0.0,33,10
1864,0.0,33,11
1865,0.0,33,12
1866,0.0,33,13
1867,0.0,33,14
1868,0.0324,33,15
1869,0.0046,33,16
1870,0.0046,33,17
1871,0.0139,33,18
1872,0.0278,33,19
1873,0.0,33,20
1874,0.0,33,21
1875,0.0,33,22
1876,0.0,33,23
1877,0.0,33,24
1878,0.0,33,25
1879,0.0,33,26
1880,0.0,33,27
1881,0.0,33,28
1882,0.0,33,29
1883,0.0,33,31
1884,0.8056,33,33
1885,0.0324,33,34
1886,0.0,33,35
1887,0.0046,33,36
1888,0.0046,33,37
1889,0.0,33,38
1890,0.0,33,39
1891,0.0,33,40
1892,0.0,33,41
1893,0.0,33,42
1894,0.0,33,44
1895,0.0,33,45
1896,0.0,33,46
1897,0.0,33,47
1898,0.0,33,48
1899,0.0,33,49
1900,0.0,33,50
1901,0.0,33,51
1902,0.0,33,52
1903,0.0,33,55
1904,0.0,33,58
1905,0.0,33,60
1906,0.0,33,61
1907,0.0,33,67
1908,0.0,33,69
1909,0.0,33,71
1910,0.0,33,87
1911,0.0,33,93
1912,0.0,33,96
1913,0.0046,33,97
1914,0.0602,33,98
1915,0.0,33,99
1916,0.0,33,100
1917,0.0,33,103
1918,0.0,33,108
1919,0.0,33,109
1920,0.0,34,1
1921,0.0,34,2
1922,0.0,34,3
1923,0.0,34,4
1924,0.0,34,5
1925,0.0,34,6
1926,0.0,34,7
1927,0.0,34,8
1928,0.0,34,9
1929,0.0,34,10
1930,0.0,34,11
1931,0.0,34,12
1932,0.0,34,13
1933,0.0,34,14
1934,0.0103,34,15
1935,0.0,34,16
1936,0.0034,34,17
1937,0.0,34,18
1938,0.0207,34,19
1939,0.0069,34,20
1940,0.0,34,21
1941,0.0,34,22
1942,0.0034,34,23
1943,0.0,34,24
1944,0.0,34,26
1945,0.0,34,27
1946,0.0,34,28
1947,0.0,34,29
1948,0.0,34,30
1949,0.0069,34,33
1950,0.8517,34,34
1951,0.0586,34,35
1952,0.0138,34,36
1953,0.0069,34,37
1954,0.0034,34,38
1955,0.0,34,39
1956,0.0034,34,40
1957,0.0,34,41
1958,0.0,34,42
1959,0.0,34,43
1960,0.0,34,44
1961,0.0034,34,45
1962,0.0,34,46
1963,0.0,34,47
1964,0.0,34,48
1965,0.0034,34,49
1966,0.0,34,50
1967,0.0,34,51
1968,0.0,34,52
1969,0.0,34,53
1970,0.0,34,54
1971,0.0,34,55
1972,0.0,34,57
1973,0.0,34,58
1974,0.0,34,59
1975,0.0,34,60
1976,0.0,34,61
1977,0.0,34,63
1978,0.0,34,65
1979,0.0,34,67
1980,0.0,34,68
1981,0.0,34,69
1982,0.0,34,71
1983,0.0,34,73
1984,0.0,34,76
1985,0.0,34,82
1986,0.0,34,87
1987,0.0,34,93
1988,0.0,34,96
1989,0.0,34,97
1990,0.0,34,98
1991,0.0,34,99
1992,0.0,34,100
1993,0.0,34,108
1994,0.0034,34,109
1995,0.0,35,1
1996,0.0,35,2
1997,0.0,35,3
1998,0.0,35,4
1999,0.0,35,5
2000,0.0,35,6
2001,0.0,35,7
2002,0.0,35,8
2003,0.0,35,9
2004,0.0028,35,10
2005,0.0,35,11
2006,0.0,35,12
2007,0.0,35,13
2008,0.0057,35,15
2009,0.0,35,16
2010,0.0,35,17
2011,0.0,35,18
2012,0.0,35,19
2013,0.0342,35,20
2014,0.0028,35,21
2015,0.0,35,22
2016,0.0085,35,23
2017,0.0,35,24
2018,0.0,35,25
2019,0.0,35,26
2020,0.0,35,27
2021,0.0,35,28
2022,0.0,35,29
2023,0.0,35,30
2024,0.0,35,31
2025,0.0057,35,33
2026,0.0399,35,34
2027,0.7664,35,35
2028,0.1168,35,36
2029,0.0028,35,37
2030,0.0028,35,38
2031,0.0028,35,39
2032,0.0,35,40
2033,0.0,35,41
2034,0.0,35,42
2035,0.0,35,43
2036,0.0,35,45
2037,0.0,35,46
2038,0.0,35,47
2039,0.0,35,48
2040,0.0,35,49
2041,0.0,35,50
2042,0.0,35,51
2043,0.0,35,52
2044,0.0,35,53
2045,0.0,35,54
2046,0.0,35,56
2047,0.0028,35,58
2048,0.0,35,59
2049,0.0,35,60
2050,0.0,35,61
2051,0.0,35,63
2052,0.0,35,65
2053,0.0,35,67
2054,0.0,35,69
2055,0.0,35,71
2056,0.0,35,78
2057,0.0,35,79
2058,0.0,35,90
2059,0.0,35,91
2060,0.0,35,93
2061,0.0,35,96
2062,0.0,35,97
2063,0.0028,35,98
2064,0.0,35,99
2065,0.0,35,100
2066,0.0,35,103
2067,0.0028,35,108
2068,0.0,35,109
2069,0.0,36,1
2070,0.0,36,2
2071,0.0,36,3
2072,0.0,36,4
2073,0.0,36,5
2074,0.0,36,6
2075,0.0,36,7
2076,0.0,36,8
2077,0.0,36,9
2078,0.0018,36,10
2079,0.0,36,11
2080,0.0,36,12
2081,0.0018,36,13
2082,0.0018,36,15
2083,0.0036,36,16
2084,0.0,36,17
2085,0.0,36,18
2086,0.0,36,19
2087,0.0164,36,20
2088,0.0018,36,21
2089,0.0,36,22
2090,0.0073,36,23
2091,0.0,36,24
2092,0.0,36,25
2093,0.0018,36,26
2094,0.0,36,27
2095,0.0,36,28
2096,0.0,36,29
2097,0.0,36,30
2098,0.0,36,31
2099,0.0018,36,33
2100,0.0091,36,34
2101,0.0821,36,35
2102,0.7828,36,36
2103,0.0602,36,37
2104,0.0109,36,38
2105,0.0036,36,39
2106,0.0036,36,40
2107,0.0,36,41
2108,0.0,36,42
2109,0.0,36,43
2110,0.0,36,44
2111,0.0,36,45
2112,0.0,36,46
2113,0.0018,36,47
2114,0.0018,36,48
2115,0.0,36,49
2116,0.0,36,50
2117,0.0,36,51
2118,0.0,36,52
2119,0.0,36,53
2120,0.0,36,54
2121,0.0,36,55
2122,0.0,36,56
2123,0.0,36,57
2124,0.0018,36,58
2125,0.0,36,60
2126,0.0,36,61
2127,0.0018,36,63
2128,0.0,36,66
2129,0.0,36,67
2130,0.0,36,69
2131,0.0,36,71
2132,0.0,36,74
2133,0.0,36,77
2134,0.0,36,78
2135,0.0,36,93
2136,0.0018,36,96
2137,0.0,36,97
2138,0.0,36,98
2139,0.0,36,99
2140,0.0,36,100
2141,0.0,36,108
2142,0.0,36,109
2143,0.0,37,1
2144,0.0,37,2
2145,0.0,37,3
2146,0.0,37,4
2147,0.0,37,5
2148,0.0,37,6
2149,0.0,37,7
2150,0.0,37,9
2151,0.0012,37,10
2152,0.0,37,11
2153,0.0,37,12
2154,0.0,37,13
2155,0.0,37,14
2156,0.0,37,15
2157,0.0,37,16
2158,0.0,37,17
2159,0.0025,37,18
2160,0.0,37,19
2161,0.0,37,20
2162,0.0012,37,21
2163,0.0012,37,22
2164,0.0049,37,23
2165,0.0,37,24
2166,0.0,37,25
2167,0.0,37,26
2168,0.0,37,27
2169,0.0012,37,28
2170,0.0012,37,29
2171,0.0,37,30
2172,0.0,37,31
2173,0.0,37,32
2174,0.0,37,33
2175,0.0025,37,34
2176,0.0,37,35
2177,0.0368,37,36
2178,0.8333,37,37
2179,0.0343,37,38
2180,0.0319,37,39
2181,0.0098,37,40
2182,0.0012,37,41
2183,0.0025,37,42
2184,0.0012,37,43
2185,0.0,37,44
2186,0.0,37,45
2187,0.0,37,46
2188,0.0037,37,47
2189,0.0086,37,48
2190,0.0,37,49
2191,0.0,37,50
2192,0.0012,37,51
2193,0.0,37,52
2194,0.0,37,53
2195,0.0,37,54
2196,0.0,37,55
2197,0.0,37,56
2198,0.0,37,57
2199,0.0037,37,58
2200,0.0,37,59
2201,0.0,37,60
2202,0.0,37,61
2203,0.0,37,63
2204,0.0,37,64
2205,0.0012,37,65
2206,0.0,37,66
2207,0.0,37,67
2208,0.0,37,68
2209,0.0,37,69
2210,0.0,37,70
2211,0.0,37,71
2212,0.0,37,72
2213,0.0,37,73
2214,0.0,37,74
2215,0.0,37,75
2216,0.0,37,78
2217,0.0,37,79
2218,0.0,37,80
2219,0.0012,37,81
2220,0.0,37,82
2221,0.0,37,86
2222,0.0,37,87
2223,0.0,37,89
2224,0.0012,37,90
2225,0.0,37,92
2226,0.0,37,93
2227,0.0,37,96
2228,0.0,37,97
2229,0.0,37,98
2230,0.0098,37,99
2231,0.0,37,100
2232,0.0,37,101
2233,0.0,37,103
2234,0.0,37,108
2235,0.0025,37,109
2236,0.0,38,1
2237,0.0,38,5
2238,0.0,38,6
2239,0.0,38,11
2240,0.0,38,12
2241,0.0,38,13
2242,0.0034,38,15
2243,0.0,38,16
2244,0.0,38,17
2245,0.0,38,18
2246,0.0,38,19
2247,0.0034,38,20
2248,0.0,38,21
2249,0.0,38,22
2250,0.0068,38,23
2251,0.0,38,24
2252,0.0,38,25
2253,0.0034,38,26
2254,0.0034,38,27
2255,0.0068,38,28
2256,0.0709,38,29
2257,0.0,38,30
2258,0.0,38,32
2259,0.0,38,33
2260,0.0034,38,34
2261,0.0034,38,35
2262,0.0068,38,36
2263,0.0777,38,37
2264,0.7872,38,38
2265,0.0203,38,39
2266,0.0034,38,40
2267,0.0,38,41
2268,0.0,38,42
2269,0.0,38,43
2270,0.0,38,46
2271,0.0,38,47
2272,0.0,38,48
2273,0.0,38,49
2274,0.0,38,50
2275,0.0,38,51
2276,0.0,38,52
2277,0.0,38,54
2278,0.0,38,55
2279,0.0,38,58
2280,0.0,38,63
2281,0.0,38,65
2282,0.0,38,67
2283,0.0,38,68
2284,0.0,38,70
2285,0.0,38,81
2286,0.0,38,93
2287,0.0,38,98
2288,0.0,38,99
2289,0.0,38,100
2290,0.0,38,108
2291,0.0,38,109
2292,0.0,39,1
2293,0.0,39,3
2294,0.0,39,4
2295,0.0,39,6
2296,0.0,39,8
2297,0.0,39,9
2298,0.0,39,10
2299,0.0,39,11
2300,0.0,39,12
2301,0.0,39,13
2302,0.0,39,14
2303,0.0,39,15
2304,0.0,39,16
2305,0.0,39,17
2306,0.0,39,18
2307,0.0,39,19
2308,0.0,39,20
2309,0.0,39,21
2310,0.0,39,22
2311,0.0,39,23
2312,0.0,39,24
2313,0.0,39,25
2314,0.0,39,26
2315,0.0,39,27
2316,0.0,39,28
2317,0.0,39,29
2318,0.0,39,30
2319,0.0,39,32
2320,0.0,39,33
2321,0.0,39,34
2322,0.0029,39,35
2323,0.0,39,36
2324,0.0514,39,37
2325,0.0143,39,38
2326,0.8086,39,39
2327,0.1086,39,40
2328,0.0029,39,41
2329,0.0,39,42
2330,0.0,39,43
2331,0.0,39,44
2332,0.0,39,45
2333,0.0,39,46
2334,0.0,39,47
2335,0.0,39,48
2336,0.0,39,49
2337,0.0,39,50
2338,0.0,39,51
2339,0.0,39,52
2340,0.0,39,53
2341,0.0,39,54
2342,0.0,39,57
2343,0.0,39,58
2344,0.0,39,60
2345,0.0,39,63
2346,0.0,39,65
2347,0.0,39,66
2348,0.0,39,67
2349,0.0,39,68
2350,0.0029,39,69
2351,0.0,39,70
2352,0.0,39,71
2353,0.0,39,72
2354,0.0,39,93
2355,0.0,39,94
2356,0.0,39,97
2357,0.0,39,98
2358,0.0086,39,99
2359,0.0,39,100
2360,0.0,39,108
2361,0.0,39,109
2362,0.0,40,1
2363,0.0,40,3
2364,0.0,40,4
2365,0.0,40,6
2366,0.0,40,9
2367,0.0,40,10
2368,0.0,40,11
2369,0.0,40,14
2370,0.0,40,15
2371,0.0,40,16
2372,0.0,40,17
2373,0.0,40,18
2374,0.0,40,19
2375,0.0,40,20
2376,0.0,40,21
2377,0.0,40,22
2378,0.0029,40,23
2379,0.0,40,24
2380,0.0,40,25
2381,0.0,40,26
2382,0.0,40,27
2383,0.0029,40,28
2384,0.0,40,29
2385,0.0,40,30
2386,0.0,40,33
2387,0.0,40,34
2388,0.0,40,35
2389,0.0,40,36
2390,0.0174,40,37
2391,0.0,40,38
2392,0.1101,40,39
2393,0.7478,40,40
2394,0.0087,40,41
2395,0.0029,40,42
2396,0.0,40,43
2397,0.0,40,44
2398,0.0,40,46
2399,0.0,40,47
2400,0.0,40,48
2401,0.0,40,49
2402,0.0,40,50
2403,0.0029,40,51
2404,0.0,40,52
2405,0.0058,40,54
2406,0.0,40,55
2407,0.0,40,56
2408,0.0,40,57
2409,0.0,40,58
2410,0.0,40,59
2411,0.0,40,60
2412,0.0,40,61
2413,0.0,40,62
2414,0.0,40,63
2415,0.0,40,66
2416,0.0,40,67
2417,0.0,40,68
2418,0.0,40,69
2419,0.0,40,70
2420,0.0,40,71
2421,0.0,40,72
2422,0.0,40,73
2423,0.0,40,74
2424,0.0,40,75
2425,0.0,40,90
2426,0.0,40,93
2427,0.0,40,96
2428,0.0,40,97
2429,0.0,40,98
2430,0.0986,40,99
2431,0.0,40,100
2432,0.0,40,108
2433,0.0,40,109
2434,0.0,40,110
2435,0.0,41,3
2436,0.0,41,9
2437,0.0,41,11
2438,0.0,41,13
2439,0.0,41,15
2440,0.0045,41,16
2441,0.0,41,17
2442,0.0,41,18
2443,0.0,41,19
2444,0.0,41,20
2445,0.0,41,21
2446,0.0,41,22
2447,0.0,41,23
2448,0.0,41,24
2449,0.0,41,25
2450,0.0,41,26
2451,0.0,41,27
2452,0.0,41,28
2453,0.0,41,29
2454,0.0,41,30
2455,0.0,41,32
2456,0.0,41,33
2457,0.0,41,34
2458,0.0,41,35
2459,0.0,41,36
2460,0.0091,41,37
2461,0.0,41,38
2462,0.0,41,39
2463,0.0091,41,40
2464,0.85,41,41
2465,0.0864,41,42
2466,0.0,41,43
2467,0.0,41,44
2468,0.0,41,46
2469,0.0,41,47
2470,0.0,41,48
2471,0.0,41,49
2472,0.0,41,51
2473,0.0,41,52
2474,0.0,41,53
2475,0.0045,41,54
2476,0.0,41,55
2477,0.0,41,56
2478,0.0,41,57
2479,0.0,41,58
2480,0.0,41,59
2481,0.0,41,60
2482,0.0,41,61
2483,0.0,41,63
2484,0.0,41,66
2485,0.0,41,67
2486,0.0,41,68
2487,0.0045,41,69
2488,0.0,41,70
2489,0.0,41,71
2490,0.0,41,72
2491,0.0,41,75
2492,0.0,41,76
2493,0.0,41,93
2494,0.0,41,98
2495,0.0318,41,99
2496,0.0,41,100
2497,0.0,41,108
2498,0.0,41,109
2499,0.0,42,1
2500,0.0,42,3
2501,0.0,42,4
2502,0.0,42,6
2503,0.0,42,12
2504,0.0,42,13
2505,0.0,42,15
2506,0.0,42,16
2507,0.0,42,18
2508,0.0,42,19
2509,0.0,42,20
2510,0.0,42,21
2511,0.0,42,22
2512,0.0041,42,23
2513,0.0,42,24
2514,0.0,42,26
2515,0.0,42,27
2516,0.0,42,28
2517,0.0,42,29
2518,0.0,42,30
2519,0.0,42,31
2520,0.0,42,32
2521,0.0,42,33
2522,0.0,42,34
2523,0.0,42,35
2524,0.0,42,36
2525,0.0082,42,37
2526,0.0,42,38
2527,0.0,42,39
2528,0.0,42,40
2529,0.0864,42,41
2530,0.8107,42,42
2531,0.0535,42,43
2532,0.0041,42,44
2533,0.0,42,46
2534,0.0,42,47
2535,0.0,42,48
2536,0.0,42,49
2537,0.0,42,50
2538,0.0,42,51
2539,0.0,42,52
2540,0.0082,42,54
2541,0.0,42,55
2542,0.0,42,58
2543,0.0,42,61
2544,0.0,42,63
2545,0.0,42,66
2546,0.0082,42,67
2547,0.0,42,68
2548,0.0041,42,69
2549,0.0,42,70
2550,0.0,42,71
2551,0.0,42,72
2552,0.0,42,74
2553,0.0,42,77
2554,0.0,42,94
2555,0.0,42,98
2556,0.0041,42,99
2557,0.0082,42,109
2558,0.0,42,110
2559,0.0,43,1
2560,0.0,43,6
2561,0.0,43,7
2562,0.0,43,10
2563,0.0,43,13
2564,0.0,43,15
2565,0.0,43,16
2566,0.0,43,17
2567,0.0,43,19
2568,0.0,43,21
2569,0.0,43,22
2570,0.0,43,23
2571,0.0,43,26
2572,0.0,43,27
2573,0.0,43,33
2574,0.0,43,34
2575,0.0,43,35
2576,0.0,43,36
2577,0.0,43,37
2578,0.0,43,38
2579,0.0,43,39
2580,0.0,43,40
2581,0.0,43,41
2582,0.0977,43,42
2583,0.797,43,43
2584,0.0075,43,44
2585,0.0,43,46
2586,0.0,43,48
2587,0.0,43,50
2588,0.0,43,51
2589,0.0075,43,54
2590,0.0,43,55
2591,0.0,43,56
2592,0.0,43,57
2593,0.0075,43,58
2594,0.0,43,59
2595,0.0,43,60
2596,0.0075,43,61
2597,0.0,43,63
2598,0.0,43,65
2599,0.0,43,66
2600,0.0,43,67
2601,0.0,43,68
2602,0.0,43,69
2603,0.0,43,70
2604,0.0,43,71
2605,0.0,43,72
2606,0.0,43,98
2607,0.0,43,99
2608,0.0,43,100
2609,0.0752,43,109
2610,0.0,44,4
2611,0.0,44,6
2612,0.0,44,15
2613,0.0,44,17
2614,0.0,44,18
2615,0.0,44,19
2616,0.0,44,23
2617,0.0,44,24
2618,0.0,44,29
2619,0.0,44,33
2620,0.0,44,34
2621,0.01,44,35
2622,0.0,44,36
2623,0.0,44,37
2624,0.0,44,39
2625,0.0,44,40
2626,0.01,44,41
2627,0.01,44,42
2628,0.01,44,43
2629,0.82,44,44
2630,0.0,44,49
2631,0.0,44,54
2632,0.0,44,55
2633,0.01,44,57
2634,0.01,44,58
2635,0.0,44,60
2636,0.0,44,61
2637,0.0,44,65
2638,0.0,44,66
2639,0.06,44,67
2640,0.01,44,68
2641,0.0,44,69
2642,0.0,44,70
2643,0.0,44,71
2644,0.0,44,72
2645,0.0,44,92
2646,0.0,44,99
2647,0.04,44,109
2648,0.01,44,111
2649,0.0,45,1
2650,0.0,45,2
2651,0.0,45,3
2652,0.0,45,4
2653,0.0,45,6
2654,0.0,45,7
2655,0.0,45,9
2656,0.0089,45,10
2657,0.1518,45,11
2658,0.0,45,13
2659,0.0,45,15
2660,0.0,45,16
2661,0.0,45,17
2662,0.0,45,18
2663,0.0,45,19
2664,0.0,45,20
2665,0.0,45,21
2666,0.0,45,23
2667,0.0,45,25
2668,0.0,45,27
2669,0.0,45,28
2670,0.0,45,33
2671,0.0089,45,34
2672,0.0,45,35
2673,0.0,45,36
2674,0.0,45,37
2675,0.0,45,39
2676,0.0,45,40
2677,0.6964,45,45
2678,0.125,45,46
2679,0.0,45,47
2680,0.0,45,48
2681,0.0,45,49
2682,0.0,45,50
2683,0.0,45,51
2684,0.0089,45,52
2685,0.0,45,53
2686,0.0,45,55
2687,0.0,45,58
2688,0.0,45,60
2689,0.0,45,65
2690,0.0,45,67
2691,0.0,45,95
2692,0.0,45,96
2693,0.0,45,97
2694,0.0,45,98
2695,0.0,45,100
2696,0.0,45,108
2697,0.0,46,1
2698,0.0,46,2
2699,0.0,46,4
2700,0.0,46,7
2701,0.0,46,8
2702,0.0047,46,10
2703,0.0142,46,11
2704,0.0,46,12
2705,0.0,46,13
2706,0.0,46,15
2707,0.0,46,16
2708,0.0,46,17
2709,0.0,46,18
2710,0.0,46,19
2711,0.0,46,20
2712,0.0,46,21
2713,0.0,46,22
2714,0.0,46,23
2715,0.0,46,24
2716,0.0,46,26
2717,0.0,46,27
2718,0.0,46,28
2719,0.0,46,33
2720,0.0,46,34
2721,0.0,46,35
2722,0.0,46,36
2723,0.0,46,37
2724,0.0,46,38
2725,0.0,46,39
2726,0.0047,46,40
2727,0.0,46,42
2728,0.0,46,44
2729,0.0664,46,45
2730,0.782,46,46
2731,0.0474,46,47
2732,0.0142,46,48
2733,0.0095,46,49
2734,0.0521,46,50
2735,0.0,46,51
2736,0.0,46,52
2737,0.0,46,53
2738,0.0047,46,54
2739,0.0,46,55
2740,0.0,46,56
2741,0.0,46,58
2742,0.0,46,60
2743,0.0,46,65
2744,0.0,46,98
2745,0.0,46,100
2746,0.0,47,1
2747,0.0,47,3
2748,0.0,47,4
2749,0.0,47,10
2750,0.0,47,11
2751,0.0,47,12
2752,0.0059,47,15
2753,0.0,47,16
2754,0.0,47,17
2755,0.0,47,18
2756,0.0,47,19
2757,0.0,47,20
2758,0.0,47,21
2759,0.0,47,22
2760,0.0,47,23
2761,0.0,47,26
2762,0.0,47,27
2763,0.0,47,28
2764,0.0,47,30
2765,0.0,47,33
2766,0.0,47,34
2767,0.0,47,35
2768,0.0059,47,36
2769,0.0235,47,37
2770,0.0,47,38
2771,0.0,47,39
2772,0.0,47,40
2773,0.0,47,42
2774,0.0,47,45
2775,0.0412,47,46
2776,0.7,47,47
2777,0.0824,47,48
2778,0.0059,47,49
2779,0.0176,47,50
2780,0.0,47,51
2781,0.0,47,52
2782,0.0,47,53
2783,0.0,47,54
2784,0.0,47,55
2785,0.0,47,56
2786,0.0,47,58
2787,0.0,47,59
2788,0.0,47,60
2789,0.0,47,65
2790,0.0,47,66
2791,0.0,47,70
2792,0.0,47,71
2793,0.0,47,85
2794,0.0,47,98
2795,0.0,47,99
2796,0.1176,47,100
2797,0.0,48,1
2798,0.0,48,2
2799,0.0,48,3
2800,0.0,48,4
2801,0.0,48,5
2802,0.0,48,6
2803,0.0,48,7
2804,0.0,48,10
2805,0.0,48,11
2806,0.0,48,12
2807,0.0,48,13
2808,0.0,48,14
2809,0.0,48,15
2810,0.0,48,16
2811,0.0,48,17
2812,0.0,48,18
2813,0.0,48,19
2814,0.0,48,20
2815,0.0,48,21
2816,0.0019,48,22
2817,0.0058,48,23
2818,0.0,48,24
2819,0.0,48,25
2820,0.0,48,26
2821,0.0,48,27
2822,0.0019,48,28
2823,0.0,48,29
2824,0.0,48,30
2825,0.0,48,31
2826,0.0,48,32
2827,0.0,48,33
2828,0.0,48,34
2829,0.0,48,35
2830,0.0019,48,36
2831,0.0154,48,37
2832,0.0,48,38
2833,0.0,48,39
2834,0.0,48,40
2835,0.0,48,41
2836,0.0,48,42
2837,0.0,48,43
2838,0.0,48,45
2839,0.0019,48,46
2840,0.027,48,47
2841,0.8166,48,48
2842,0.0077,48,49
2843,0.0405,48,50
2844,0.0212,48,51
2845,0.0058,48,52
2846,0.0,48,53
2847,0.0,48,54
2848,0.0,48,55
2849,0.0,48,56
2850,0.0,48,57
2851,0.0039,48,58
2852,0.0,48,59
2853,0.0,48,60
2854,0.0,48,61
2855,0.0,48,63
2856,0.0,48,64
2857,0.0,48,65
2858,0.0,48,66
2859,0.0,48,67
2860,0.0,48,69
2861,0.0,48,70
2862,0.0,48,71
2863,0.0,48,76
2864,0.0,48,78
2865,0.0,48,82
2866,0.0,48,87
2867,0.0,48,90
2868,0.0,48,96
2869,0.0,48,97
2870,0.0,48,98
2871,0.0,48,99
2872,0.0483,48,100
2873,0.0,48,108
2874,0.0,48,109
2875,0.0,49,1
2876,0.0,49,2
2877,0.0,49,6
2878,0.0,49,7
2879,0.0,49,8
2880,0.0,49,10
2881,0.0,49,11
2882,0.0,49,12
2883,0.0,49,13
2884,0.0,49,15
2885,0.0,49,16
2886,0.0,49,17
2887,0.0,49,18
2888,0.0,49,19
2889,0.0,49,21
2890,0.0,49,22
2891,0.0,49,23
2892,0.0,49,24
2893,0.0,49,25
2894,0.0,49,27
2895,0.0,49,28
2896,0.0,49,29
2897,0.0,49,33
2898,0.0,49,34
2899,0.0,49,35
2900,0.0058,49,36
2901,0.0,49,37
2902,0.0,49,38
2903,0.0,49,39
2904,0.0,49,40
2905,0.0,49,41
2906,0.0,49,42
2907,0.0,49,43
2908,0.0,49,44
2909,0.0,49,45
2910,0.0116,49,46
2911,0.0,49,47
2912,0.0116,49,48
2913,0.814,49,49
2914,0.1453,49,50
2915,0.0058,49,51
2916,0.0,49,52
2917,0.0058,49,53
2918,0.0,49,54
2919,0.0,49,56
2920,0.0,49,58
2921,0.0,49,63
2922,0.0,49,65
2923,0.0,49,82
2924,0.0,49,90
2925,0.0,49,97
2926,0.0,49,100
2927,0.0,49,108
2928,0.0,49,109
2929,0.0,50,1
2930,0.0,50,4
2931,0.0,50,10
2932,0.0095,50,11
2933,0.0,50,12
2934,0.0,50,13
2935,0.0,50,15
2936,0.0,50,17
2937,0.0,50,19
2938,0.0,50,20
2939,0.0,50,22
2940,0.0,50,23
2941,0.0,50,24
2942,0.0,50,26
2943,0.0,50,27
2944,0.0,50,28
2945,0.0,50,29
2946,0.0,50,30
2947,0.0,50,33
2948,0.0,50,34
2949,0.0,50,35
2950,0.0,50,36
2951,0.0,50,37
2952,0.0,50,38
2953,0.0,50,39
2954,0.0,50,42
2955,0.0,50,43
2956,0.0,50,45
2957,0.0857,50,46
2958,0.0143,50,47
2959,0.0714,50,48
2960,0.1143,50,49
2961,0.6952,50,50
2962,0.0,50,51
2963,0.0048,50,52
2964,0.0,50,53
2965,0.0,50,54
2966,0.0,50,56
2967,0.0,50,58
2968,0.0,50,60
2969,0.0,50,61
2970,0.0,50,63
2971,0.0,50,66
2972,0.0,50,72
2973,0.0,50,74
2974,0.0,50,79
2975,0.0,50,80
2976,0.0,50,82
2977,0.0,50,87
2978,0.0,50,90
2979,0.0,50,95
2980,0.0048,50,100
2981,0.0,50,111
2982,0.0,51,1
2983,0.0,51,3
2984,0.0,51,6
2985,0.0,51,10
2986,0.0,51,11
2987,0.0,51,12
2988,0.0,51,14
2989,0.0,51,15
2990,0.0,51,16
2991,0.0,51,17
2992,0.0,51,18
2993,0.0,51,19
2994,0.0,51,21
2995,0.0,51,22
2996,0.0,51,23
2997,0.0,51,24
2998,0.0,51,27
2999,0.0,51,28
3000,0.0,51,29
3001,0.0061,51,30
3002,0.0,51,33
3003,0.0,51,34
3004,0.0,51,35
3005,0.0,51,36
3006,0.0,51,37
3007,0.0,51,38
3008,0.0,51,39
3009,0.0061,51,40
3010,0.0,51,41
3011,0.0,51,42
3012,0.0,51,43
3013,0.0,51,45
3014,0.0,51,46
3015,0.0061,51,47
3016,0.0485,51,48
3017,0.0061,51,49
3018,0.0,51,50
3019,0.8242,51,51
3020,0.0485,51,52
3021,0.0,51,53
3022,0.0485,51,54
3023,0.0,51,55
3024,0.0,51,56
3025,0.0,51,57
3026,0.0061,51,58
3027,0.0,51,60
3028,0.0,51,61
3029,0.0,51,63
3030,0.0,51,64
3031,0.0,51,65
3032,0.0,51,69
3033,0.0,51,75
3034,0.0,51,76
3035,0.0,51,90
3036,0.0,51,97
3037,0.0,51,98
3038,0.0,51,99
3039,0.0,51,100
3040,0.0,51,103
3041,0.0,52,6
3042,0.0,52,9
3043,0.0,52,10
3044,0.0,52,11
3045,0.0,52,13
3046,0.0074,52,15
3047,0.0,52,16
3048,0.0,52,17
3049,0.0,52,18
3050,0.0,52,19
3051,0.0,52,21
3052,0.0,52,22
3053,0.0,52,23
3054,0.0,52,24
3055,0.0,52,25
3056,0.0,52,26
3057,0.0,52,27
3058,0.0,52,28
3059,0.0,52,29
3060,0.0,52,30
3061,0.0,52,33
3062,0.0,52,34
3063,0.0,52,35
3064,0.0,52,36
3065,0.0,52,37
3066,0.0,52,40
3067,0.0,52,41
3068,0.0,52,42
3069,0.0,52,43
3070,0.0074,52,45
3071,0.0,52,46
3072,0.0,52,47
3073,0.0519,52,48
3074,0.0074,52,49
3075,0.0,52,50
3076,0.0444,52,51
3077,0.7852,52,52
3078,0.0148,52,53
3079,0.0444,52,54
3080,0.0074,52,55
3081,0.0148,52,56
3082,0.0,52,57
3083,0.0,52,58
3084,0.0,52,59
3085,0.0,52,60
3086,0.0,52,61
3087,0.0,52,63
3088,0.0,52,65
3089,0.0,52,66
3090,0.0,52,73
3091,0.0,52,75
3092,0.0,52,77
3093,0.0,52,89
3094,0.0,52,96
3095,0.0,52,98
3096,0.0148,52,100
3097,0.0,52,109
3098,0.0,53,1
3099,0.0,53,4
3100,0.0,53,8
3101,0.0,53,9
3102,0.0,53,10
3103,0.0,53,11
3104,0.0,53,12
3105,0.0,53,13
3106,0.0,53,15
3107,0.0,53,16
3108,0.0,53,17
3109,0.0,53,19
3110,0.0,53,21
3111,0.0,53,23
3112,0.0,53,25
3113,0.0,53,26
3114,0.0,53,27
3115,0.0,53,28
3116,0.0,53,33
3117,0.0,53,34
3118,0.0,53,35
3119,0.0,53,36
3120,0.0,53,37
3121,0.0,53,41
3122,0.0,53,44
3123,0.0,53,45
3124,0.0,53,46
3125,0.0,53,47
3126,0.0,53,48
3127,0.011,53,49
3128,0.0,53,50
3129,0.0,53,51
3130,0.022,53,52
3131,0.9231,53,53
3132,0.0,53,54
3133,0.011,53,55
3134,0.011,53,56
3135,0.011,53,58
3136,0.0,53,59
3137,0.0,53,60
3138,0.011,53,63
3139,0.0,53,65
3140,0.0,53,66
3141,0.0,53,90
3142,0.0,53,100
3143,0.0,54,1
3144,0.0,54,2
3145,0.0,54,4
3146,0.0,54,5
3147,0.0,54,7
3148,0.0037,54,10
3149,0.0,54,11
3150,0.0,54,14
3151,0.0,54,15
3152,0.0,54,16
3153,0.0,54,17
3154,0.0,54,21
3155,0.0,54,23
3156,0.0,54,24
3157,0.0,54,25
3158,0.0,54,26
3159,0.0,54,27
3160,0.0,54,28
3161,0.0,54,29
3162,0.0,54,33
3163,0.0,54,36
3164,0.0,54,37
3165,0.0,54,38
3166,0.0,54,39
3167,0.0074,54,40
3168,0.0147,54,41
3169,0.0074,54,42
3170,0.0074,54,43
3171,0.0,54,44
3172,0.0,54,46
3173,0.0,54,47
3174,0.0,54,48
3175,0.0,54,49
3176,0.0,54,50
3177,0.0184,54,51
3178,0.0184,54,52
3179,0.0,54,53
3180,0.8824,54,54
3181,0.0257,54,55
3182,0.0074,54,56
3183,0.0,54,57
3184,0.0074,54,58
3185,0.0,54,59
3186,0.0,54,60
3187,0.0,54,61
3188,0.0,54,62
3189,0.0,54,63
3190,0.0,54,65
3191,0.0,54,66
3192,0.0,54,67
3193,0.0,54,68
3194,0.0,54,69
3195,0.0,54,70
3196,0.0,54,71
3197,0.0,54,77
3198,0.0,54,78
3199,0.0,54,94
3200,0.0,54,96
3201,0.0,54,99
3202,0.0,54,100
3203,0.0,54,101
3204,0.0,54,109
3205,0.0,54,110
3206,0.0,55,1
3207,0.0,55,3
3208,0.0,55,7
3209,0.0,55,11
3210,0.0,55,15
3211,0.0104,55,16
3212,0.0,55,17
3213,0.0,55,18
3214,0.0,55,21
3215,0.0,55,22
3216,0.0,55,23
3217,0.0,55,24
3218,0.0,55,29
3219,0.0,55,33
3220,0.0,55,34
3221,0.0,55,35
3222,0.0,55,36
3223,0.0,55,37
3224,0.0,55,38
3225,0.0,55,39
3226,0.0,55,40
3227,0.0,55,41
3228,0.0,55,42
3229,0.0,55,43
3230,0.0,55,44
3231,0.0,55,45
3232,0.0,55,46
3233,0.0,55,47
3234,0.0,55,48
3235,0.0,55,51
3236,0.0104,55,52
3237,0.0,55,53
3238,0.0729,55,54
3239,0.8333,55,55
3240,0.0417,55,56
3241,0.0208,55,57
3242,0.0104,55,58
3243,0.0,55,59
3244,0.0,55,60
3245,0.0,55,61
3246,0.0,55,63
3247,0.0,55,64
3248,0.0,55,65
3249,0.0,55,66
3250,0.0,55,67
3251,0.0,55,68
3252,0.0,55,72
3253,0.0,56,7
3254,0.0,56,9
3255,0.0,56,10
3256,0.0,56,12
3257,0.0,56,14
3258,0.0,56,15
3259,0.0,56,16
3260,0.0,56,21
3261,0.0,56,22
3262,0.0,56,23
3263,0.0,56,26
3264,0.0,56,27
3265,0.0,56,28
3266,0.0,56,30
3267,0.0,56,34
3268,0.0,56,35
3269,0.0,56,36
3270,0.0,56,37
3271,0.0,56,40
3272,0.0,56,43
3273,0.0,56,44
3274,0.0,56,46
3275,0.0,56,47
3276,0.0,56,48
3277,0.0,56,49
3278,0.0,56,50
3279,0.0,56,51
3280,0.0068,56,52
3281,0.0068,56,53
3282,0.0203,56,54
3283,0.027,56,55
3284,0.75,56,56
3285,0.0068,56,57
3286,0.1757,56,58
3287,0.0,56,59
3288,0.0068,56,60
3289,0.0,56,61
3290,0.0,56,63
3291,0.0,56,65
3292,0.0,56,66
3293,0.0,56,67
3294,0.0,56,68
3295,0.0,56,71
3296,0.0,56,78
3297,0.0,56,79
3298,0.0,56,90
3299,0.0,56,108
3300,0.0,57,1
3301,0.0,57,16
3302,0.0,57,23
3303,0.0,57,25
3304,0.0,57,34
3305,0.0,57,35
3306,0.0,57,37
3307,0.0,57,40
3308,0.0,57,41
3309,0.0159,57,42
3310,0.0,57,43
3311,0.0159,57,44
3312,0.0,57,48
3313,0.0,57,51
3314,0.0159,57,52
3315,0.0,57,54
3316,0.0635,57,55
3317,0.0159,57,56
3318,0.619,57,57
3319,0.2063,57,58
3320,0.0,57,59
3321,0.0,57,60
3322,0.0,57,61
3323,0.0159,57,62
3324,0.0,57,63
3325,0.0,57,64
3326,0.0,57,65
3327,0.0317,57,66
3328,0.0,57,67
3329,0.0,57,68
3330,0.0,57,69
3331,0.0,57,70
3332,0.0,57,80
3333,0.0,57,89
3334,0.0,57,99
3335,0.0,57,109
3336,0.0,58,1
3337,0.0,58,3
3338,0.0,58,4
3339,0.0,58,5
3340,0.0,58,6
3341,0.0,58,7
3342,0.0,58,8
3343,0.0,58,10
3344,0.0,58,11
3345,0.0,58,12
3346,0.0,58,13
3347,0.0022,58,15
3348,0.0,58,16
3349,0.0,58,17
3350,0.0006,58,19
3351,0.0,58,20
3352,0.0,58,21
3353,0.0,58,22
3354,0.0,58,23
3355,0.0,58,24
3356,0.0,58,25
3357,0.0,58,26
3358,0.0,58,27
3359,0.0,58,28
3360,0.0,58,29
3361,0.0,58,30
3362,0.0,58,32
3363,0.0,58,33
3364,0.0,58,34
3365,0.0,58,35
3366,0.0,58,36
3367,0.0,58,37
3368,0.0,58,38
3369,0.0,58,39
3370,0.0,58,40
3371,0.0,58,41
3372,0.0,58,42
3373,0.0,58,43
3374,0.0006,58,44
3375,0.0,58,45
3376,0.0,58,46
3377,0.0,58,47
3378,0.0022,58,48
3379,0.0,58,49
3380,0.0,58,50
3381,0.0006,58,51
3382,0.0,58,52
3383,0.0006,58,53
3384,0.0017,58,54
3385,0.0006,58,55
3386,0.0121,58,56
3387,0.0077,58,57
3388,0.9438,58,58
3389,0.0105,58,59
3390,0.0083,58,60
3391,0.0006,58,61
3392,0.0,58,62
3393,0.0022,58,63
3394,0.0006,58,64
3395,0.0011,58,65
3396,0.0033,58,66
3397,0.0,58,67
3398,0.0,58,68
3399,0.0011,58,69
3400,0.0,58,70
3401,0.0,58,71
3402,0.0,58,72
3403,0.0,58,73
3404,0.0,58,74
3405,0.0,58,75
3406,0.0,58,76
3407,0.0,58,77
3408,0.0,58,78
3409,0.0,58,79
3410,0.0,58,80
3411,0.0,58,81
3412,0.0,58,82
3413,0.0,58,83
3414,0.0,58,86
3415,0.0,58,87
3416,0.0,58,89
3417,0.0,58,90
3418,0.0,58,92
3419,0.0,58,93
3420,0.0,58,94
3421,0.0,58,95
3422,0.0,58,96
3423,0.0,58,97
3424,0.0,58,98
3425,0.0,58,99
3426,0.0,58,100
3427,0.0,58,102
3428,0.0,58,103
3429,0.0,58,108
3430,0.0,58,109
3431,0.0,58,110
3432,0.0,58,111
3433,0.0,59,1
3434,0.0,59,3
3435,0.0,59,6
3436,0.0,59,7
3437,0.0,59,10
3438,0.0,59,11
3439,0.0,59,15
3440,0.0,59,16
3441,0.0,59,17
3442,0.0,59,21
3443,0.0,59,24
3444,0.0,59,28
3445,0.0,59,34
3446,0.0,59,37
3447,0.0,59,40
3448,0.0,59,41
3449,0.0,59,48
3450,0.0,59,51
3451,0.0,59,52
3452,0.0,59,53
3453,0.0,59,54
3454,0.0,59,55
3455,0.0,59,56
3456,0.0,59,57
3457,0.1118,59,58
3458,0.7826,59,59
3459,0.0497,59,60
3460,0.0311,59,61
3461,0.0,59,62
3462,0.0186,59,63
3463,0.0,59,64
3464,0.0,59,65
3465,0.0,59,66
3466,0.0,59,68
3467,0.0,59,69
3468,0.0,59,71
3469,0.0,59,72
3470,0.0,59,80
3471,0.0,59,82
3472,0.0062,59,94
3473,0.0,59,97
3474,0.0,59,110
3475,0.0,60,1
3476,0.0,60,2
3477,0.0,60,3
3478,0.0,60,4
3479,0.0,60,5
3480,0.0,60,6
3481,0.0,60,7
3482,0.0,60,9
3483,0.0,60,10
3484,0.0,60,11
3485,0.0,60,12
3486,0.0,60,13
3487,0.0,60,14
3488,0.0,60,15
3489,0.0,60,16
3490,0.0,60,17
3491,0.0,60,18
3492,0.0,60,19
3493,0.0,60,20
3494,0.0,60,21
3495,0.0,60,22
3496,0.0,60,23
3497,0.0,60,24
3498,0.0,60,26
3499,0.0,60,27
3500,0.0056,60,28
3501,0.0,60,30
3502,0.0,60,33
3503,0.0,60,34
3504,0.0,60,35
3505,0.0,60,36
3506,0.0,60,37
3507,0.0,60,38
3508,0.0,60,39
3509,0.0,60,40
3510,0.0,60,41
3511,0.0,60,42
3512,0.0,60,43
3513,0.0,60,45
3514,0.0,60,46
3515,0.0,60,47
3516,0.0,60,48
3517,0.0,60,49
3518,0.0,60,50
3519,0.0,60,51
3520,0.0,60,52
3521,0.0,60,53
3522,0.0056,60,54
3523,0.0,60,55
3524,0.0056,60,56
3525,0.0,60,57
3526,0.0726,60,58
3527,0.0503,60,59
3528,0.8156,60,60
3529,0.0056,60,61
3530,0.0,60,62
3531,0.0056,60,63
3532,0.0,60,64
3533,0.0056,60,65
3534,0.0168,60,66
3535,0.0,60,67
3536,0.0,60,68
3537,0.0,60,69
3538,0.0,60,70
3539,0.0,60,71
3540,0.0,60,72
3541,0.0,60,73
3542,0.0,60,74
3543,0.0,60,75
3544,0.0,60,77
3545,0.0,60,78
3546,0.0,60,79
3547,0.0,60,82
3548,0.0,60,87
3549,0.0,60,89
3550,0.0,60,91
3551,0.0,60,92
3552,0.0112,60,94
3553,0.0,60,95
3554,0.0,60,96
3555,0.0,60,97
3556,0.0,60,98
3557,0.0,60,99
3558,0.0,60,108
3559,0.0,60,110
3560,0.0,61,10
3561,0.0,61,12
3562,0.0,61,15
3563,0.0,61,19
3564,0.0,61,23
3565,0.0,61,27
3566,0.0,61,28
3567,0.0,61,34
3568,0.0,61,36
3569,0.0,61,37
3570,0.0,61,40
3571,0.0042,61,41
3572,0.0,61,42
3573,0.0,61,43
3574,0.0,61,46
3575,0.0,61,48
3576,0.0,61,50
3577,0.0,61,51
3578,0.0,61,52
3579,0.0,61,54
3580,0.0,61,55
3581,0.0,61,56
3582,0.0,61,57
3583,0.0083,61,58
3584,0.0167,61,59
3585,0.0083,61,60
3586,0.8208,61,61
3587,0.0167,61,62
3588,0.1,61,63
3589,0.0083,61,64
3590,0.0042,61,65
3591,0.0,61,66
3592,0.0,61,67
3593,0.0,61,68
3594,0.0,61,69
3595,0.0,61,70
3596,0.0,61,71
3597,0.0,61,72
3598,0.0,61,73
3599,0.0,61,74
3600,0.0,61,75
3601,0.0,61,76
3602,0.0,61,78
3603,0.0,61,79
3604,0.0,61,83
3605,0.0,61,87
3606,0.0125,61,94
3607,0.0,61,100
3608,0.0,61,101
3609,0.0,61,110
3610,0.0,61,111
3611,0.0,62,1
3612,0.0,62,15
3613,0.0,62,40
3614,0.0,62,48
3615,0.0,62,55
3616,0.0,62,57
3617,0.0,62,58
3618,0.0,62,59
3619,0.0,62,60
3620,0.046,62,61
3621,0.8506,62,62
3622,0.0115,62,63
3623,0.092,62,64
3624,0.0,62,65
3625,0.0,62,67
3626,0.0,62,69
3627,0.0,62,70
3628,0.0,62,71
3629,0.0,62,72
3630,0.0,62,73
3631,0.0,62,74
3632,0.0,62,76
3633,0.0,62,78
3634,0.0,62,90
3635,0.0,62,94
3636,0.0,62,99
3637,0.0,62,110
3638,0.0,63,1
3639,0.0,63,7
3640,0.0,63,10
3641,0.0,63,12
3642,0.0,63,13
3643,0.0,63,15
3644,0.0,63,16
3645,0.0,63,18
3646,0.0,63,19
3647,0.0,63,21
3648,0.0,63,22
3649,0.0,63,23
3650,0.0,63,24
3651,0.0,63,26
3652,0.0,63,27
3653,0.0,63,28
3654,0.0,63,30
3655,0.0,63,34
3656,0.0,63,35
3657,0.0,63,36
3658,0.0,63,37
3659,0.0,63,39
3660,0.0,63,40
3661,0.0014,63,41
3662,0.0,63,42
3663,0.0,63,43
3664,0.0,63,44
3665,0.0,63,45
3666,0.0,63,46
3667,0.0,63,48
3668,0.0,63,49
3669,0.0,63,51
3670,0.0,63,52
3671,0.0014,63,53
3672,0.0,63,54
3673,0.0,63,55
3674,0.0,63,56
3675,0.0,63,57
3676,0.0056,63,58
3677,0.0056,63,59
3678,0.0028,63,60
3679,0.0431,63,61
3680,0.0028,63,62
3681,0.8915,63,63
3682,0.0056,63,64
3683,0.0362,63,65
3684,0.0028,63,66
3685,0.0,63,67
3686,0.0,63,68
3687,0.0,63,69
3688,0.0,63,70
3689,0.0,63,71
3690,0.0,63,72
3691,0.0,63,73
3692,0.0,63,74
3693,0.0,63,75
3694,0.0,63,76
3695,0.0,63,77
3696,0.0,63,78
3697,0.0,63,79
3698,0.0014,63,82
3699,0.0,63,83
3700,0.0,63,87
3701,0.0,63,88
3702,0.0,63,94
3703,0.0,63,95
3704,0.0,63,97
3705,0.0,63,99
3706,0.0,63,110
3707,0.0,64,1
3708,0.0068,64,15
3709,0.0,64,21
3710,0.0,64,23
3711,0.0,64,30
3712,0.0,64,37
3713,0.0,64,46
3714,0.0,64,48
3715,0.0,64,51
3716,0.0,64,55
3717,0.0,64,56
3718,0.0068,64,58
3719,0.0,64,59
3720,0.0,64,60
3721,0.0,64,61
3722,0.0612,64,62
3723,0.0476,64,63
3724,0.7891,64,64
3725,0.0476,64,65
3726,0.0,64,66
3727,0.0,64,70
3728,0.0136,64,71
3729,0.0068,64,72
3730,0.0,64,73
3731,0.0,64,74
3732,0.0,64,75
3733,0.0136,64,76
3734,0.0,64,77
3735,0.0,64,78
3736,0.0,64,94
3737,0.0,64,99
3738,0.0068,64,110
3739,0.0,65,8
3740,0.0,65,10
3741,0.0,65,11
3742,0.0,65,12
3743,0.0,65,13
3744,0.0,65,15
3745,0.0,65,16
3746,0.0,65,18
3747,0.0,65,21
3748,0.0,65,23
3749,0.0,65,34
3750,0.0,65,35
3751,0.0,65,37
3752,0.0,65,38
3753,0.0,65,39
3754,0.0,65,40
3755,0.0,65,46
3756,0.0,65,48
3757,0.0,65,51
3758,0.0,65,52
3759,0.0,65,54
3760,0.0,65,55
3761,0.0,65,56
3762,0.0,65,57
3763,0.0,65,58
3764,0.0033,65,59
3765,0.0,65,60
3766,0.0,65,61
3767,0.0,65,62
3768,0.0787,65,63
3769,0.0262,65,64
3770,0.8525,65,65
3771,0.0,65,66
3772,0.0,65,68
3773,0.0,65,69
3774,0.0,65,70
3775,0.0,65,71
3776,0.0,65,72
3777,0.0,65,73
3778,0.0,65,74
3779,0.0,65,75
3780,0.0164,65,76
3781,0.0,65,77
3782,0.023,65,78
3783,0.0,65,79
3784,0.0,65,80
3785,0.0,65,83
3786,0.0,65,88
3787,0.0,65,90
3788,0.0,65,94
3789,0.0,65,98
3790,0.0,65,102
3791,0.0,65,108
3792,0.0,65,111
3793,0.0,66,1
3794,0.0,66,15
3795,0.0,66,17
3796,0.0,66,22
3797,0.0,66,23
3798,0.0,66,27
3799,0.0,66,28
3800,0.0,66,35
3801,0.0,66,37
3802,0.0,66,39
3803,0.0,66,41
3804,0.0,66,42
3805,0.0,66,43
3806,0.0,66,44
3807,0.0,66,48
3808,0.0,66,50
3809,0.0,66,51
3810,0.0,66,52
3811,0.0,66,53
3812,0.0,66,54
3813,0.0,66,55
3814,0.006,66,56
3815,0.012,66,57
3816,0.0241,66,58
3817,0.0,66,59
3818,0.012,66,60
3819,0.0,66,61
3820,0.0,66,62
3821,0.006,66,63
3822,0.0,66,65
3823,0.9036,66,66
3824,0.0181,66,67
3825,0.012,66,68
3826,0.006,66,69
3827,0.0,66,70
3828,0.0,66,71
3829,0.0,66,72
3830,0.0,66,73
3831,0.0,66,82
3832,0.0,66,83
3833,0.0,66,85
3834,0.0,66,87
3835,0.0,66,94
3836,0.0,66,99
3837,0.0,66,101
3838,0.0,66,109
3839,0.0,67,1
3840,0.0,67,5
3841,0.0,67,13
3842,0.0,67,15
3843,0.0,67,17
3844,0.0,67,19
3845,0.0,67,20
3846,0.0,67,21
3847,0.0,67,22
3848,0.0,67,23
3849,0.0,67,27
3850,0.0,67,28
3851,0.0,67,29
3852,0.0,67,33
3853,0.0,67,34
3854,0.0,67,35
3855,0.0,67,36
3856,0.0,67,37
3857,0.0,67,38
3858,0.0,67,39
3859,0.0,67,40
3860,0.0,67,41
3861,0.0074,67,42
3862,0.0,67,43
3863,0.0444,67,44
3864,0.0,67,48
3865,0.0,67,51
3866,0.0,67,54
3867,0.0,67,55
3868,0.0,67,56
3869,0.0,67,57
3870,0.0,67,58
3871,0.0,67,60
3872,0.0,67,65
3873,0.0074,67,66
3874,0.8963,67,67
3875,0.0222,67,68
3876,0.0074,67,69
3877,0.0074,67,70
3878,0.0,67,71
3879,0.0,67,72
3880,0.0,67,74
3881,0.0,67,75
3882,0.0,67,77
3883,0.0,67,94
3884,0.0,67,96
3885,0.0074,67,99
3886,0.0,67,108
3887,0.0,67,109
3888,0.0,67,110
3889,0.0,68,1
3890,0.0,68,11
3891,0.0,68,15
3892,0.0,68,16
3893,0.0,68,17
3894,0.0,68,18
3895,0.0,68,23
3896,0.0,68,26
3897,0.0,68,28
3898,0.0,68,33
3899,0.0,68,36
3900,0.0,68,37
3901,0.0,68,38
3902,0.0,68,39
3903,0.0,68,40
3904,0.0081,68,41
3905,0.0,68,42
3906,0.0,68,43
3907,0.0,68,44
3908,0.0,68,48
3909,0.0,68,54
3910,0.0,68,56
3911,0.0,68,57
3912,0.0,68,58
3913,0.0,68,59
3914,0.0,68,60
3915,0.0,68,63
3916,0.0081,68,66
3917,0.0244,68,67
3918,0.6911,68,68
3919,0.2439,68,69
3920,0.0,68,70
3921,0.0081,68,71
3922,0.0,68,72
3923,0.0,68,74
3924,0.0,68,75
3925,0.0,68,76
3926,0.0,68,77
3927,0.0,68,80
3928,0.0,68,94
3929,0.0,68,97
3930,0.0,68,99
3931,0.0163,68,109
3932,0.0,68,110
3933,0.0052,69,1
3934,0.0,69,9
3935,0.0,69,10
3936,0.0,69,13
3937,0.0,69,15
3938,0.0,69,17
3939,0.0,69,21
3940,0.0,69,22
3941,0.0,69,23
3942,0.0,69,25
3943,0.0,69,26
3944,0.0,69,28
3945,0.0,69,29
3946,0.0,69,33
3947,0.0,69,35
3948,0.0,69,36
3949,0.0,69,37
3950,0.0,69,38
3951,0.0,69,39
3952,0.0,69,40
3953,0.0,69,41
3954,0.0,69,42
3955,0.0,69,43
3956,0.0052,69,44
3957,0.0,69,51
3958,0.0,69,54
3959,0.0,69,58
3960,0.0,69,59
3961,0.0,69,60
3962,0.0,69,61
3963,0.0,69,62
3964,0.0,69,63
3965,0.0,69,65
3966,0.0103,69,66
3967,0.0052,69,67
3968,0.1598,69,68
3969,0.7835,69,69
3970,0.0155,69,70
3971,0.0103,69,71
3972,0.0,69,72
3973,0.0,69,73
3974,0.0,69,74
3975,0.0,69,75
3976,0.0,69,76
3977,0.0,69,77
3978,0.0,69,78
3979,0.0052,69,94
3980,0.0,69,99
3981,0.0,69,109
3982,0.0,69,110
3983,0.0,70,1
3984,0.0,70,4
3985,0.0,70,10
3986,0.0,70,15
3987,0.0,70,23
3988,0.0,70,24
3989,0.0,70,28
3990,0.0,70,34
3991,0.0,70,37
3992,0.0,70,39
3993,0.0,70,40
3994,0.0,70,42
3995,0.0,70,43
3996,0.0,70,44
3997,0.0,70,48
3998,0.0,70,50
3999,0.0,70,51
4000,0.0,70,54
4001,0.0,70,55
4002,0.0,70,57
4003,0.0,70,58
4004,0.0,70,59
4005,0.0,70,60
4006,0.0,70,61
4007,0.0,70,62
4008,0.0,70,63
4009,0.0,70,64
4010,0.0,70,65
4011,0.0,70,66
4012,0.0,70,67
4013,0.0,70,68
4014,0.0714,70,69
4015,0.8163,70,70
4016,0.051,70,71
4017,0.0,70,72
4018,0.0,70,73
4019,0.0,70,75
4020,0.0,70,76
4021,0.0,70,77
4022,0.0,70,78
4023,0.0,70,87
4024,0.0612,70,94
4025,0.0,70,99
4026,0.0,70,109
4027,0.0,70,110
4028,0.0,71,1
4029,0.0,71,2
4030,0.0,71,10
4031,0.0,71,11
4032,0.0056,71,15
4033,0.0,71,17
4034,0.0,71,18
4035,0.0,71,22
4036,0.0,71,23
4037,0.0,71,24
4038,0.0,71,26
4039,0.0,71,28
4040,0.0,71,30
4041,0.0,71,35
4042,0.0,71,36
4043,0.0,71,37
4044,0.0,71,38
4045,0.0,71,39
4046,0.0,71,40
4047,0.0,71,41
4048,0.0,71,42
4049,0.0,71,43
4050,0.0,71,44
4051,0.0,71,47
4052,0.0,71,48
4053,0.0,71,51
4054,0.0,71,52
4055,0.0,71,54
4056,0.0,71,55
4057,0.0,71,56
4058,0.0,71,58
4059,0.0,71,59
4060,0.0,71,60
4061,0.0,71,61
4062,0.0,71,62
4063,0.0,71,63
4064,0.0,71,64
4065,0.0,71,65
4066,0.0,71,66
4067,0.0056,71,67
4068,0.0056,71,68
4069,0.0056,71,69
4070,0.0282,71,70
4071,0.9096,71,71
4072,0.0056,71,72
4073,0.0056,71,73
4074,0.0,71,74
4075,0.0,71,75
4076,0.0056,71,76
4077,0.0,71,77
4078,0.0,71,78
4079,0.0,71,80
4080,0.0,71,87
4081,0.0,71,94
4082,0.0,71,97
4083,0.0056,71,99
4084,0.0,71,109
4085,0.0169,71,110
4086,0.0,72,1
4087,0.0,72,2
4088,0.0024,72,4
4089,0.0,72,10
4090,0.0,72,12
4091,0.0,72,15
4092,0.0,72,16
4093,0.0,72,18
4094,0.0,72,21
4095,0.0,72,24
4096,0.0,72,26
4097,0.0,72,27
4098,0.0,72,30
4099,0.0,72,33
4100,0.0,72,36
4101,0.0,72,37
4102,0.0,72,40
4103,0.0,72,41
4104,0.0,72,42
4105,0.0,72,44
4106,0.0,72,45
4107,0.0,72,48
4108,0.0,72,50
4109,0.0,72,55
4110,0.0024,72,58
4111,0.0,72,59
4112,0.0,72,60
4113,0.0024,72,61
4114,0.0,72,62
4115,0.0,72,63
4116,0.0024,72,64
4117,0.0,72,65
4118,0.0,72,66
4119,0.0,72,67
4120,0.0,72,68
4121,0.0,72,69
4122,0.0,72,70
4123,0.0,72,71
4124,0.8957,72,72
4125,0.0237,72,73
4126,0.0213,72,74
4127,0.0095,72,75
4128,0.0024,72,76
4129,0.0047,72,77
4130,0.0024,72,78
4131,0.0,72,79
4132,0.0,72,82
4133,0.0,72,83
4134,0.0,72,87
4135,0.0,72,89
4136,0.0,72,94
4137,0.0,72,97
4138,0.0,72,99
4139,0.0,72,108
4140,0.0,72,109
4141,0.0308,72,110
4142,0.0,73,1
4143,0.0,73,23
4144,0.0,73,28
4145,0.0,73,34
4146,0.0,73,37
4147,0.0,73,40
4148,0.0,73,43
4149,0.0,73,48
4150,0.0,73,58
4151,0.0,73,59
4152,0.0,73,60
4153,0.0,73,61
4154,0.0,73,63
4155,0.0,73,64
4156,0.005,73,65
4157,0.0,73,66
4158,0.005,73,69
4159,0.0,73,70
4160,0.005,73,71
4161,0.0446,73,72
4162,0.8564,73,73
4163,0.0594,73,74
4164,0.0,73,75
4165,0.005,73,76
4166,0.0198,73,77
4167,0.0,73,78
4168,0.0,73,85
4169,0.0,73,93
4170,0.0,73,110
4171,0.0,74,1
4172,0.0,74,12
4173,0.0,74,15
4174,0.0072,74,16
4175,0.0,74,35
4176,0.0,74,36
4177,0.0,74,37
4178,0.0,74,50
4179,0.0,74,52
4180,0.0072,74,58
4181,0.0,74,61
4182,0.0,74,63
4183,0.0,74,64
4184,0.0,74,65
4185,0.0,74,69
4186,0.0,74,70
4187,0.0,74,71
4188,0.058,74,72
4189,0.0797,74,73
4190,0.7899,74,74
4191,0.0435,74,75
4192,0.0072,74,76
4193,0.0,74,77
4194,0.0072,74,78
4195,0.0,74,97
4196,0.0,74,98
4197,0.0,74,99
4198,0.0,74,109
4199,0.0,74,110
4200,0.0,75,1
4201,0.0,75,15
4202,0.0,75,21
4203,0.0,75,22
4204,0.0,75,23
4205,0.0,75,34
4206,0.0,75,36
4207,0.0,75,42
4208,0.0,75,51
4209,0.0,75,58
4210,0.0,75,60
4211,0.0,75,61
4212,0.0,75,63
4213,0.0,75,64
4214,0.0,75,65
4215,0.0,75,69
4216,0.0,75,70
4217,0.0,75,71
4218,0.0117,75,72
4219,0.0117,75,73
4220,0.0234,75,74
4221,0.9531,75,75
4222,0.0,75,76
4223,0.0,75,77
4224,0.0,75,78
4225,0.0,75,79
4226,0.0,75,98
4227,0.0,75,101
4228,0.0,75,110
4229,0.0,76,1
4230,0.0,76,15
4231,0.0,76,34
4232,0.0,76,54
4233,0.0,76,58
4234,0.0,76,61
4235,0.0,76,62
4236,0.0,76,63
4237,0.0252,76,64
4238,0.042,76,65
4239,0.0,76,69
4240,0.0252,76,71
4241,0.0,76,72
4242,0.0,76,73
4243,0.0084,76,74
4244,0.0,76,75
4245,0.8655,76,76
4246,0.0252,76,77
4247,0.0,76,78
4248,0.0,76,79
4249,0.0,76,80
4250,0.0,76,82
4251,0.0,76,94
4252,0.0,76,102
4253,0.0,76,109
4254,0.0084,76,110
4255,0.0,77,1
4256,0.0,77,15
4257,0.0,77,36
4258,0.0,77,60
4259,0.0,77,61
4260,0.0,77,62
4261,0.0,77,63
4262,0.0,77,65
4263,0.0,77,66
4264,0.0,77,67
4265,0.0,77,69
4266,0.0,77,71
4267,0.0323,77,72
4268,0.0484,77,73
4269,0.0323,77,74
4270,0.0,77,75
4271,0.0806,77,76
4272,0.7903,77,77
4273,0.0161,77,78
4274,0.0,77,103
4275,0.0,77,110
4276,0.0,78,1
4277,0.0,78,12
4278,0.0,78,13
4279,0.0,78,15
4280,0.0,78,16
4281,0.0,78,17
4282,0.0,78,23
4283,0.0,78,28
4284,0.0,78,37
4285,0.0,78,46
4286,0.0,78,48
4287,0.0,78,57
4288,0.0,78,58
4289,0.0,78,60
4290,0.0,78,61
4291,0.0,78,63
4292,0.0,78,64
4293,0.0059,78,65
4294,0.0,78,67
4295,0.0,78,70
4296,0.0,78,71
4297,0.0,78,72
4298,0.0059,78,73
4299,0.0,78,74
4300,0.0,78,75
4301,0.0059,78,76
4302,0.0059,78,77
4303,0.9231,78,78
4304,0.0355,78,79
4305,0.0059,78,80
4306,0.0,78,82
4307,0.0,78,83
4308,0.0,78,87
4309,0.0118,78,101
4310,0.0,78,102
4311,0.0,78,110
4312,0.0,79,1
4313,0.0,79,15
4314,0.0,79,16
4315,0.0,79,24
4316,0.0,79,26
4317,0.0,79,27
4318,0.0,79,37
4319,0.0,79,50
4320,0.0,79,56
4321,0.0,79,58
4322,0.0,79,60
4323,0.0,79,65
4324,0.0,79,72
4325,0.0,79,73
4326,0.0,79,74
4327,0.0,79,75
4328,0.025,79,78
4329,0.8875,79,79
4330,0.025,79,80
4331,0.0125,79,83
4332,0.0,79,87
4333,0.0,79,92
4334,0.0125,79,101
4335,0.025,79,102
4336,0.0125,79,108
4337,0.0,80,1
4338,0.0,80,3
4339,0.0,80,6
4340,0.0,80,13
4341,0.0,80,15
4342,0.0,80,22
4343,0.0,80,25
4344,0.0,80,30
4345,0.0,80,58
4346,0.0,80,60
4347,0.0,80,63
4348,0.0,80,65
4349,0.0081,80,78
4350,0.0081,80,79
4351,0.935,80,80
4352,0.0,80,82
4353,0.0081,80,83
4354,0.0,80,85
4355,0.0081,80,87
4356,0.0081,80,88
4357,0.0081,80,89
4358,0.0,80,101
4359,0.0163,80,102
4360,0.0,80,110
4361,0.0,81,10
4362,0.0,81,37
4363,0.0,81,58
4364,0.8941,81,81
4365,0.0941,81,82
4366,0.0,81,83
4367,0.0118,81,84
4368,0.0,81,87
4369,0.0,81,89
4370,0.0,82,1
4371,0.0,82,12
4372,0.0,82,13
4373,0.0,82,15
4374,0.0,82,16
4375,0.0,82,18
4376,0.0,82,19
4377,0.0,82,23
4378,0.0036,82,26
4379,0.0,82,27
4380,0.0,82,28
4381,0.0,82,30
4382,0.0,82,34
4383,0.0,82,37
4384,0.0,82,48
4385,0.0,82,49
4386,0.0,82,50
4387,0.0,82,53
4388,0.0,82,58
4389,0.0,82,59
4390,0.0,82,60
4391,0.0036,82,63
4392,0.0,82,64
4393,0.0,82,72
4394,0.0,82,76
4395,0.0,82,79
4396,0.0217,82,81
4397,0.9458,82,82
4398,0.0036,82,83
4399,0.0108,82,84
4400,0.0036,82,85
4401,0.0,82,86
4402,0.0072,82,87
4403,0.0,82,88
4404,0.0,82,89
4405,0.0,82,93
4406,0.0,82,98
4407,0.0,82,111
4408,0.0,83,12
4409,0.0,83,27
4410,0.0,83,48
4411,0.0,83,51
4412,0.0,83,58
4413,0.0,83,61
4414,0.0,83,63
4415,0.0,83,65
4416,0.0,83,66
4417,0.0,83,76
4418,0.0,83,78
4419,0.0,83,79
4420,0.0052,83,80
4421,0.0052,83,81
4422,0.0,83,82
4423,0.9691,83,83
4424,0.0,83,84
4425,0.0,83,85
4426,0.0,83,86
4427,0.0206,83,87
4428,0.0,83,88
4429,0.0,83,89
4430,0.0,83,101
4431,0.0,83,102
4432,0.0,84,15
4433,0.0,84,78
4434,0.0093,84,81
4435,0.0278,84,82
4436,0.0,84,83
4437,0.9074,84,84
4438,0.037,84,85
4439,0.0185,84,86
4440,0.0,84,87
4441,0.0,84,88
4442,0.0,84,89
4443,0.0,85,66
4444,0.0,85,81
4445,0.0,85,82
4446,0.0,85,83
4447,0.0469,85,84
4448,0.8438,85,85
4449,0.0312,85,86
4450,0.0,85,87
4451,0.0625,85,88
4452,0.0156,85,89
4453,0.0,86,15
4454,0.0,86,26
4455,0.0,86,30
4456,0.0,86,58
4457,0.0244,86,82
4458,0.0,86,83
4459,0.0488,86,84
4460,0.0244,86,85
4461,0.8293,86,86
4462,0.0732,86,87
4463,0.0,86,88
4464,0.0,86,89
4465,0.0,87,1
4466,0.0,87,3
4467,0.0,87,4
4468,0.0,87,10
4469,0.0,87,12
4470,0.0,87,15
4471,0.0,87,16
4472,0.0,87,20
4473,0.0,87,23
4474,0.0,87,24
4475,0.0,87,26
4476,0.0,87,27
4477,0.0,87,28
4478,0.0,87,29
4479,0.0,87,37
4480,0.0,87,50
4481,0.0,87,54
4482,0.0,87,58
4483,0.0,87,60
4484,0.0,87,61
4485,0.0,87,62
4486,0.0,87,63
4487,0.0,87,70
4488,0.0,87,71
4489,0.0,87,72
4490,0.0,87,73
4491,0.0,87,78
4492,0.0,87,79
4493,0.0031,87,80
4494,0.0,87,81
4495,0.0062,87,82
4496,0.0154,87,83
4497,0.0031,87,84
4498,0.0,87,85
4499,0.0246,87,86
4500,0.9169,87,87
4501,0.0062,87,88
4502,0.0246,87,89
4503,0.0,87,90
4504,0.0,87,92
4505,0.0,87,100
4506,0.0,88,15
4507,0.0,88,78
4508,0.0,88,82
4509,0.0,88,83
4510,0.0,88,84
4511,0.0602,88,85
4512,0.0,88,86
4513,0.0602,88,87
4514,0.8434,88,88
4515,0.0361,88,89
4516,0.0,89,1
4517,0.0,89,29
4518,0.0,89,30
4519,0.0,89,37
4520,0.0,89,51
4521,0.0,89,60
4522,0.0089,89,80
4523,0.0,89,81
4524,0.0,89,82
4525,0.0,89,83
4526,0.0,89,84
4527,0.0089,89,85
4528,0.0,89,86
4529,0.0982,89,87
4530,0.0268,89,88
4531,0.8571,89,89
4532,0.0,90,1
4533,0.0,90,3
4534,0.0,90,9
4535,0.0,90,10
4536,0.0,90,12
4537,0.0,90,15
4538,0.0,90,16
4539,0.0,90,18
4540,0.0,90,22
4541,0.0,90,23
4542,0.0,90,25
4543,0.0,90,26
4544,0.0,90,30
4545,0.0,90,33
4546,0.0,90,34
4547,0.0,90,35
4548,0.0,90,37
4549,0.0,90,48
4550,0.0,90,49
4551,0.0,90,50
4552,0.0,90,53
4553,0.0,90,56
4554,0.0,90,58
4555,0.0,90,65
4556,0.9608,90,90
4557,0.0327,90,91
4558,0.0,90,92
4559,0.0065,90,95
4560,0.0,90,97
4561,0.0,90,111
4562,0.0,91,53
4563,0.0,91,58
4564,0.0,91,60
4565,0.0,91,81
4566,0.0377,91,90
4567,0.8491,91,91
4568,0.0189,91,92
4569,0.0943,91,95
4570,0.0,91,111
4571,0.0,92,1
4572,0.0,92,4
4573,0.0,92,9
4574,0.0,92,10
4575,0.0,92,12
4576,0.0,92,15
4577,0.0,92,16
4578,0.0,92,17
4579,0.0,92,23
4580,0.0,92,26
4581,0.0,92,27
4582,0.0,92,37
4583,0.0,92,42
4584,0.0,92,44
4585,0.0,92,47
4586,0.0,92,49
4587,0.0,92,55
4588,0.0,92,58
4589,0.0,92,60
4590,0.0,92,63
4591,0.0,92,72
4592,0.0,92,75
4593,0.0,92,89
4594,0.0,92,90
4595,0.0,92,91
4596,0.8929,92,92
4597,0.0357,92,95
4598,0.0714,92,111
4599,0.0,93,1
4600,0.0,93,2
4601,0.0,93,5
4602,0.0,93,6
4603,0.0,93,10
4604,0.0,93,12
4605,0.0,93,13
4606,0.0,93,15
4607,0.0,93,16
4608,0.0036,93,17
4609,0.0,93,19
4610,0.0036,93,20
4611,0.0036,93,21
4612,0.0,93,22
4613,0.0036,93,23
4614,0.0,93,24
4615,0.0071,93,25
4616,0.0676,93,26
4617,0.0641,93,27
4618,0.0,93,28
4619,0.0,93,29
4620,0.0641,93,30
4621,0.0036,93,31
4622,0.0,93,32
4623,0.0,93,33
4624,0.0,93,34
4625,0.0,93,35
4626,0.0,93,36
4627,0.0,93,37
4628,0.0,93,38
4629,0.0,93,39
4630,0.0,93,40
4631,0.0,93,48
4632,0.0,93,49
4633,0.0,93,58
4634,0.0,93,65
4635,0.0,93,78
4636,0.0,93,90
4637,0.7794,93,93
4638,0.0,93,99
4639,0.0,93,100
4640,0.0,93,108
4641,0.0,93,109
4642,0.0,94,17
4643,0.0,94,28
4644,0.0,94,36
4645,0.0,94,39
4646,0.0,94,42
4647,0.0,94,55
4648,0.0,94,57
4649,0.0,94,58
4650,0.0,94,59
4651,0.0244,94,60
4652,0.0488,94,61
4653,0.0,94,62
4654,0.0,94,63
4655,0.0,94,64
4656,0.0,94,65
4657,0.0,94,66
4658,0.0,94,67
4659,0.0,94,68
4660,0.0,94,69
4661,0.1463,94,70
4662,0.0,94,71
4663,0.0,94,72
4664,0.0,94,78
4665,0.7805,94,94
4666,0.0,94,96
4667,0.0,94,99
4668,0.0,95,48
4669,0.0,95,50
4670,0.0,95,60
4671,0.058,95,90
4672,0.087,95,91
4673,0.0145,95,92
4674,0.8261,95,95
4675,0.0145,95,111
4676,0.0537,96,1
4677,0.1073,96,2
4678,0.0341,96,3
4679,0.0,96,4
4680,0.0,96,5
4681,0.0049,96,6
4682,0.0195,96,7
4683,0.0,96,8
4684,0.0,96,9
4685,0.0,96,10
4686,0.0,96,12
4687,0.0,96,13
4688,0.0,96,14
4689,0.0146,96,15
4690,0.0,96,16
4691,0.0,96,17
4692,0.0,96,18
4693,0.0,96,20
4694,0.0,96,21
4695,0.0,96,22
4696,0.0049,96,23
4697,0.0,96,24
4698,0.0,96,27
4699,0.0049,96,28
4700,0.0,96,29
4701,0.0,96,33
4702,0.0,96,34
4703,0.0,96,35
4704,0.0049,96,36
4705,0.0,96,37
4706,0.0,96,38
4707,0.0,96,40
4708,0.0,96,45
4709,0.0,96,60
4710,0.0,96,72
4711,0.7512,96,96
4712,0.0,96,97
4713,0.0,96,98
4714,0.0,96,99
4715,0.0,96,100
4716,0.0,96,103
4717,0.0,96,108
4718,0.0,97,1
4719,0.0,97,2
4720,0.0,97,3
4721,0.0,97,4
4722,0.0,97,5
4723,0.0,97,6
4724,0.0,97,7
4725,0.0,97,8
4726,0.0,97,9
4727,0.0,97,10
4728,0.0,97,11
4729,0.0,97,12
4730,0.0819,97,13
4731,0.0273,97,14
4732,0.0496,97,15
4733,0.0645,97,16
4734,0.0025,97,17
4735,0.0,97,18
4736,0.0,97,19
4737,0.0,97,20
4738,0.0,97,21
4739,0.0,97,22
4740,0.0025,97,23
4741,0.0,97,24
4742,0.0,97,26
4743,0.0,97,27
4744,0.0,97,28
4745,0.0,97,29
4746,0.0,97,30
4747,0.0025,97,33
4748,0.0,97,34
4749,0.0,97,35
4750,0.0025,97,36
4751,0.0,97,37
4752,0.0,97,39
4753,0.0,97,40
4754,0.0,97,41
4755,0.0,97,45
4756,0.0,97,46
4757,0.0,97,48
4758,0.0,97,49
4759,0.0,97,52
4760,0.0,97,56
4761,0.0,97,58
4762,0.0,97,60
4763,0.0,97,63
4764,0.0,97,72
4765,0.0,97,90
4766,0.0,97,96
4767,0.6526,97,97
4768,0.0,97,98
4769,0.0,97,99
4770,0.0,97,103
4771,0.1141,97,108
4772,0.0,98,1
4773,0.0,98,2
4774,0.0,98,3
4775,0.0,98,4
4776,0.0,98,5
4777,0.0,98,6
4778,0.0,98,7
4779,0.0,98,9
4780,0.0,98,10
4781,0.0,98,11
4782,0.0,98,12
4783,0.0,98,13
4784,0.0,98,14
4785,0.1667,98,15
4786,0.0147,98,16
4787,0.0049,98,17
4788,0.0245,98,18
4789,0.0931,98,19
4790,0.0,98,20
4791,0.0,98,21
4792,0.0,98,22
4793,0.0,98,23
4794,0.0,98,24
4795,0.0,98,26
4796,0.0,98,27
4797,0.0,98,28
4798,0.0,98,32
4799,0.0539,98,33
4800,0.0,98,34
4801,0.0,98,35
4802,0.0,98,36
4803,0.0,98,37
4804,0.0,98,39
4805,0.0,98,40
4806,0.0,98,41
4807,0.0,98,42
4808,0.0049,98,45
4809,0.0,98,46
4810,0.0,98,48
4811,0.0,98,49
4812,0.0,98,50
4813,0.0,98,51
4814,0.0,98,53
4815,0.0,98,54
4816,0.0,98,56
4817,0.0,98,58
4818,0.0,98,60
4819,0.0,98,63
4820,0.0,98,65
4821,0.0,98,67
4822,0.0,98,68
4823,0.0,98,71
4824,0.0,98,96
4825,0.0,98,97
4826,0.6324,98,98
4827,0.0,98,99
4828,0.0,98,103
4829,0.0049,98,108
4830,0.0,99,1
4831,0.0,99,2
4832,0.0,99,4
4833,0.0,99,5
4834,0.0,99,6
4835,0.0,99,12
4836,0.0,99,13
4837,0.0,99,14
4838,0.0,99,15
4839,0.0,99,16
4840,0.0,99,17
4841,0.0,99,18
4842,0.0,99,19
4843,0.0,99,20
4844,0.0,99,21
4845,0.0,99,22
4846,0.0,99,23
4847,0.0,99,24
4848,0.0,99,25
4849,0.0,99,26
4850,0.0038,99,27
4851,0.0,99,28
4852,0.0,99,29
4853,0.0,99,30
4854,0.0,99,33
4855,0.0,99,34
4856,0.0,99,35
4857,0.0,99,36
4858,0.0153,99,37
4859,0.0,99,38
4860,0.0153,99,39
4861,0.1221,99,40
4862,0.0458,99,41
4863,0.0076,99,42
4864,0.0,99,43
4865,0.0,99,44
4866,0.0,99,46
4867,0.0,99,47
4868,0.0,99,48
4869,0.0,99,51
4870,0.0038,99,54
4871,0.0,99,55
4872,0.0,99,58
4873,0.0,99,60
4874,0.0,99,61
4875,0.0,99,63
4876,0.0,99,64
4877,0.0,99,66
4878,0.0,99,67
4879,0.0,99,68
4880,0.0,99,69
4881,0.0,99,70
4882,0.0,99,71
4883,0.0,99,72
4884,0.0,99,73
4885,0.0,99,75
4886,0.0,99,93
4887,0.0,99,97
4888,0.0,99,98
4889,0.7863,99,99
4890,0.0,99,100
4891,0.0,99,108
4892,0.0,99,109
4893,0.0,99,110
4894,0.0,100,1
4895,0.0,100,3
4896,0.0,100,10
4897,0.0,100,11
4898,0.0,100,15
4899,0.0,100,16
4900,0.0,100,17
4901,0.0,100,18
4902,0.0,100,22
4903,0.0,100,23
4904,0.0,100,24
4905,0.0,100,26
4906,0.0,100,27
4907,0.0,100,30
4908,0.0,100,34
4909,0.0,100,35
4910,0.0,100,36
4911,0.0,100,37
4912,0.0,100,38
4913,0.0,100,39
4914,0.0,100,40
4915,0.0,100,41
4916,0.0,100,45
4917,0.0,100,46
4918,0.1667,100,47
4919,0.2143,100,48
4920,0.0,100,49
4921,0.0079,100,50
4922,0.0079,100,51
4923,0.0159,100,52
4924,0.0,100,53
4925,0.0,100,54
4926,0.0,100,57
4927,0.0,100,58
4928,0.0,100,63
4929,0.0079,100,88
4930,0.0,100,96
4931,0.0,100,99
4932,0.5794,100,100
4933,0.0,101,12
4934,0.0,101,16
4935,0.0,101,37
4936,0.0,101,54
4937,0.0,101,63
4938,0.0,101,66
4939,0.025,101,78
4940,0.0,101,79
4941,0.0,101,80
4942,0.0,101,83
4943,0.0,101,87
4944,0.975,101,101
4945,0.0,101,102
4946,0.0,102,12
4947,0.0,102,58
4948,0.0,102,65
4949,0.0,102,72
4950,0.0,102,76
4951,0.0,102,78
4952,0.0976,102,79
4953,0.0488,102,80
4954,0.0,102,83
4955,0.0,102,101
4956,0.8537,102,102
4957,0.0,103,1
4958,0.0047,103,2
4959,0.0425,103,3
4960,0.0,103,4
4961,0.0,103,5
4962,0.0,103,6
4963,0.0,103,7
4964,0.0,103,9
4965,0.0,103,10
4966,0.0236,103,12
4967,0.0,103,13
4968,0.0,103,14
4969,0.0094,103,15
4970,0.0,103,16
4971,0.0,103,17
4972,0.0047,103,18
4973,0.0,103,19
4974,0.0,103,20
4975,0.0,103,23
4976,0.0,103,24
4977,0.0,103,27
4978,0.0,103,28
4979,0.0,103,33
4980,0.0,103,34
4981,0.0,103,36
4982,0.0,103,37
4983,0.0,103,45
4984,0.0,103,49
4985,0.0,103,77
4986,0.0,103,96
4987,0.0,103,97
4988,0.0,103,98
4989,0.9104,103,103
4990,0.0047,103,108
4991,0.0,108,1
4992,0.0,108,2
4993,0.0012,108,3
4994,0.0,108,4
4995,0.0,108,6
4996,0.0012,108,7
4997,0.0,108,8
4998,0.0012,108,9
4999,0.0,108,10
5000,0.0,108,11
5001,0.0151,108,12
5002,0.0697,108,13
5003,0.0023,108,14
5004,0.2009,108,15
5005,0.0232,108,16
5006,0.0023,108,17
5007,0.0,108,18
5008,0.0,108,19
5009,0.0,108,20
5010,0.0,108,21
5011,0.0,108,22
5012,0.0023,108,23
5013,0.0,108,24
5014,0.0,108,25
5015,0.0,108,26
5016,0.0,108,27
5017,0.0,108,28
5018,0.0,108,29
5019,0.0,108,31
5020,0.0,108,32
5021,0.0,108,33
5022,0.0,108,34
5023,0.0012,108,35
5024,0.0,108,36
5025,0.0,108,37
5026,0.0,108,38
5027,0.0,108,39
5028,0.0,108,40
5029,0.0012,108,41
5030,0.0,108,42
5031,0.0,108,45
5032,0.0,108,46
5033,0.0,108,47
5034,0.0,108,48
5035,0.0,108,49
5036,0.0,108,50
5037,0.0,108,51
5038,0.0,108,52
5039,0.0,108,53
5040,0.0,108,58
5041,0.0,108,60
5042,0.0,108,61
5043,0.0,108,65
5044,0.0,108,67
5045,0.0,108,68
5046,0.0,108,71
5047,0.0,108,78
5048,0.0,108,96
5049,0.0499,108,97
5050,0.0023,108,98
5051,0.0,108,99
5052,0.0,108,101
5053,0.0012,108,103
5054,0.6249,108,108
5055,0.0,109,1
5056,0.0,109,3
5057,0.0,109,15
5058,0.0,109,16
5059,0.0,109,17
5060,0.0,109,22
5061,0.0,109,23
5062,0.0,109,24
5063,0.0,109,26
5064,0.0,109,28
5065,0.0,109,33
5066,0.0,109,34
5067,0.0,109,35
5068,0.0,109,36
5069,0.0,109,37
5070,0.0,109,38
5071,0.0,109,39
5072,0.0,109,40
5073,0.0111,109,41
5074,0.0222,109,42
5075,0.1333,109,43
5076,0.0556,109,44
5077,0.0,109,48
5078,0.0,109,52
5079,0.0,109,54
5080,0.0,109,56
5081,0.0,109,57
5082,0.0,109,58
5083,0.0,109,66
5084,0.0111,109,67
5085,0.0,109,68
5086,0.0,109,69
5087,0.0,109,70
5088,0.0,109,71
5089,0.0,109,72
5090,0.0,109,73
5091,0.0,109,76
5092,0.0,109,99
5093,0.7667,109,109
5094,0.0,109,110
5095,0.0,110,2
5096,0.0,110,6
5097,0.0,110,18
5098,0.0,110,28
5099,0.0,110,30
5100,0.0,110,37
5101,0.0,110,38
5102,0.0,110,40
5103,0.0,110,42
5104,0.0,110,48
5105,0.0,110,58
5106,0.0,110,60
5107,0.0,110,61
5108,0.0,110,62
5109,0.0,110,63
5110,0.0,110,64
5111,0.0,110,66
5112,0.0,110,67
5113,0.0,110,68
5114,0.0,110,69
5115,0.0,110,70
5116,0.0268,110,71
5117,0.125,110,72
5118,0.0,110,73
5119,0.0,110,74
5120,0.0,110,75
5121,0.0089,110,76
5122,0.0,110,77
5123,0.0,110,78
5124,0.0,110,80
5125,0.0,110,99
5126,0.8393,110,110
5127,0.0,111,15
5128,0.0,111,16
5129,0.0,111,61
5130,0.0,111,63
5131,0.0,111,65
5132,0.0,111,82
5133,0.0,111,90
5134,0.0,111,91
5135,0.0826,111,92
5136,0.0165,111,95
5137,0.9008,111,111
