flow,origin,destination
0.9891,1,1
0.0023,1,2
0.0,1,3
0.0051,1,4
0.0017,1,5
0.0006,1,6
0.0006,1,7
0.0,1,8
0.0,1,9
0.0,1,10
0.0,1,11
0.0,1,12
0.0,1,13
0.0,1,14
0.0,1,15
0.0,1,16
0.0,1,17
0.0,1,18
0.0,1,19
0.0,1,20
0.0,1,21
0.0,1,22
0.0,1,23
0.0,1,24
0.0,1,26
0.0,1,27
0.0,1,28
0.0,1,30
0.0,1,31
0.0,1,33
0.0,1,34
0.0,1,35
0.0,1,36
0.0,1,37
0.0,1,38
0.0,1,39
0.0,1,40
0.0,1,41
0.0,1,42
0.0,1,43
0.0,1,44
0.0,1,45
0.0,1,46
0.0,1,47
0.0,1,48
0.0,1,49
0.0,1,50
0.0,1,51
0.0,1,53
0.0,1,54
0.0,1,55
0.0,1,56
0.0,1,58
0.0006,1,60
0.0,1,61
0.0,1,62
0.0,1,63
0.0,1,64
0.0,1,65
0.0,1,66
0.0,1,67
0.0,1,68
0.0,1,69
0.0,1,70
0.0,1,71
0.0,1,72
0.0,1,73
0.0,1,74
0.0,1,75
0.0,1,76
0.0,1,78
0.0,1,79
0.0,1,80
0.0,1,81
0.0,1,82
0.0,1,83
0.0,1,84
0.0,1,87
0.0,1,89
0.0,1,90
0.0,1,96
0.0,1,97
0.0,1,98
0.0,1,99
0.0,1,103
0.0,1,108
0.0,1,109
0.0273,2,1
0.9126,2,2
0.0437,2,3
0.0,2,4
0.0,2,5
0.0164,2,6
0.0,2,7
0.0,2,8
0.0,2,9
0.0,2,10
0.0,2,12
0.0,2,13
0.0,2,14
0.0,2,15
0.0,2,16
0.0,2,17
0.0,2,18
0.0,2,19
0.0,2,20
0.0,2,23
0.0,2,24
0.0,2,26
0.0,2,28
0.0,2,30
0.0,2,33
0.0,2,34
0.0,2,36
0.0,2,37
0.0,2,38
0.0,2,45
0.0,2,48
0.0,2,49
0.0,2,65
0.0,2,70
0.0,2,71
0.0,2,72
0.0,2,93
0.0,2,96
0.0,2,97
0.0,2,98
0.0,2,99
0.0,2,103
0.0,2,108
0.0,3,1
0.0183,3,2
0.9524,3,3
0.0,3,4
0.0,3,5
0.0,3,6
0.0,3,7
0.0,3,8
0.0,3,9
0.0,3,10
0.0037,3,12
0.0,3,13
0.0,3,14
0.011,3,15
0.0,3,16
0.0,3,17
0.0073,3,18
0.0,3,19
0.0,3,20
0.0,3,21
0.0,3,22
0.0,3,23
0.0,3,24
0.0,3,27
0.0,3,28
0.0,3,30
0.0,3,33
0.0,3,34
0.0,3,35
0.0,3,36
0.0,3,37
0.0,3,39
0.0,3,40
0.0,3,42
0.0,3,45
0.0,3,46
0.0,3,48
0.0,3,58
0.0,3,59
0.0,3,60
0.0,3,61
0.0,3,69
0.0,3,80
0.0,3,82
0.0,3,93
0.0,3,96
0.0,3,97
0.0,3,98
0.0,3,99
0.0073,3,103
0.0,3,108
0.0136,4,1
0.0,4,2
0.0,4,3
0.9778,4,4
0.0074,4,5
0.0012,4,6
0.0,4,7
0.0,4,8
0.0,4,9
0.0,4,10
0.0,4,12
0.0,4,13
0.0,4,14
0.0,4,15
0.0,4,16
0.0,4,17
0.0,4,18
0.0,4,19
0.0,4,20
0.0,4,22
0.0,4,23
0.0,4,24
0.0,4,27
0.0,4,28
0.0,4,29
0.0,4,32
0.0,4,33
0.0,4,34
0.0,4,35
0.0,4,36
0.0,4,37
0.0,4,38
0.0,4,40
0.0,4,42
0.0,4,44
0.0,4,45
0.0,4,47
0.0,4,48
0.0,4,53
0.0,4,54
0.0,4,59
0.0,4,60
0.0,4,63
0.0,4,67
0.0,4,72
0.0,4,87
0.0,4,96
0.0,4,97
0.0,4,98
0.0,4,99
0.0,4,103
0.0,4,108
0.0,4,111
0.0171,5,1
0.0,5,2
0.0,5,3
0.0286,5,4
0.92,5,5
0.0343,5,6
0.0,5,7
0.0,5,8
0.0,5,9
0.0,5,10
0.0,5,12
0.0,5,13
0.0,5,14
0.0,5,15
0.0,5,16
0.0,5,17
0.0,5,18
0.0,5,19
0.0,5,21
0.0,5,22
0.0,5,23
0.0,5,24
0.0,5,26
0.0,5,28
0.0,5,29
0.0,5,32
0.0,5,33
0.0,5,34
0.0,5,35
0.0,5,36
0.0,5,37
0.0,5,38
0.0,5,39
0.0,5,40
0.0,5,48
0.0,5,67
0.0,5,96
0.0,5,97
0.0,5,98
0.0,5,99
0.0,5,108
0.0029,6,1
0.0057,6,2
0.0,6,3
0.0029,6,4
0.0286,6,5
0.9343,6,6
0.0,6,7
0.0,6,8
0.0,6,9
0.0057,6,10
0.0,6,11
0.0,6,12
0.0,6,13
0.0,6,14
0.0,6,15
0.0,6,16
0.0,6,17
0.0114,6,18
0.0,6,19
0.0,6,20
0.0,6,22
0.0,6,23
0.0,6,24
0.0,6,26
0.0,6,27
0.0,6,28
0.0,6,32
0.0029,6,33
0.0029,6,34
0.0,6,35
0.0,6,36
0.0,6,37
0.0,6,38
0.0,6,39
0.0,6,40
0.0,6,43
0.0,6,44
0.0,6,45
0.0,6,46
0.0,6,47
0.0,6,48
0.0,6,49
0.0,6,51
0.0,6,52
0.0,6,53
0.0,6,54
0.0,6,55
0.0,6,56
0.0,6,58
0.0,6,60
0.0,6,65
0.0,6,68
0.0,6,75
0.0,6,80
0.0,6,93
0.0,6,96
0.0,6,97
0.0,6,98
0.0029,6,99
0.0,6,103
0.0,6,108
0.0088,7,1
0.0,7,2
0.0,7,3
0.0,7,4
0.0,7,5
0.0,7,6
0.9868,7,7
0.0,7,9
0.0,7,10
0.0,7,11
0.0,7,12
0.0,7,13
0.0,7,14
0.0044,7,15
0.0,7,16
0.0,7,17
0.0,7,18
0.0,7,19
0.0,7,21
0.0,7,22
0.0,7,23
0.0,7,24
0.0,7,28
0.0,7,33
0.0,7,34
0.0,7,35
0.0,7,36
0.0,7,37
0.0,7,40
0.0,7,45
0.0,7,48
0.0,7,49
0.0,7,52
0.0,7,54
0.0,7,58
0.0,7,59
0.0,7,60
0.0,7,63
0.0,7,96
0.0,7,98
0.0,7,99
0.0,7,100
0.0,7,103
0.0,7,108
0.0094,8,1
0.0,8,2
0.0,8,3
0.0,8,4
0.0,8,5
0.0,8,6
0.9811,8,8
0.0,8,9
0.0,8,10
0.0,8,11
0.0,8,12
0.0,8,13
0.0,8,15
0.0,8,16
0.0,8,17
0.0,8,18
0.0,8,19
0.0,8,21
0.0,8,22
0.0,8,23
0.0,8,28
0.0,8,33
0.0,8,34
0.0,8,36
0.0,8,37
0.0,8,47
0.0,8,48
0.0,8,58
0.0,8,65
0.0094,8,90
0.0,8,96
0.0,8,97
0.0,8,108
0.0,9,1
0.0,9,2
0.0043,9,3
0.0,9,4
0.0,9,5
0.0,9,6
0.0,9,7
0.0043,9,8
0.9913,9,9
0.0,9,10
0.0,9,11
0.0,9,12
0.0,9,13
0.0,9,14
0.0,9,15
0.0,9,16
0.0,9,17
0.0,9,18
0.0,9,19
0.0,9,20
0.0,9,21
0.0,9,22
0.0,9,23
0.0,9,26
0.0,9,28
0.0,9,33
0.0,9,34
0.0,9,35
0.0,9,37
0.0,9,38
0.0,9,40
0.0,9,41
0.0,9,45
0.0,9,46
0.0,9,48
0.0,9,52
0.0,9,58
0.0,9,60
0.0,9,65
0.0,9,96
0.0,9,97
0.0,9,98
0.0,9,103
0.0,9,108
0.0,10,1
0.0,10,2
0.0,10,3
0.0,10,4
0.0,10,5
0.0018,10,6
0.0,10,7
0.0,10,8
0.0,10,9
0.9964,10,10
0.0018,10,11
0.0,10,12
0.0,10,13
0.0,10,14
0.0,10,15
0.0,10,16
0.0,10,17
0.0,10,18
0.0,10,19
0.0,10,20
0.0,10,21
0.0,10,22
0.0,10,23
0.0,10,24
0.0,10,26
0.0,10,27
0.0,10,28
0.0,10,33
0.0,10,34
0.0,10,35
0.0,10,36
0.0,10,37
0.0,10,38
0.0,10,39
0.0,10,40
0.0,10,42
0.0,10,45
0.0,10,46
0.0,10,47
0.0,10,48
0.0,10,49
0.0,10,50
0.0,10,51
0.0,10,52
0.0,10,53
0.0,10,54
0.0,10,55
0.0,10,56
0.0,10,58
0.0,10,59
0.0,10,60
0.0,10,61
0.0,10,63
0.0,10,65
0.0,10,69
0.0,10,72
0.0,10,82
0.0,10,87
0.0,10,89
0.0,10,90
0.0,10,93
0.0,10,96
0.0,10,97
0.0,10,98
0.0,10,100
0.0,10,103
0.0,10,108
0.0,11,1
0.0,11,4
0.0,11,6
0.0,11,7
0.0,11,8
0.0,11,9
0.0,11,10
0.9274,11,11
0.0,11,12
0.0,11,13
0.0,11,15
0.0,11,16
0.0,11,17
0.0,11,18
0.0,11,19
0.0,11,20
0.0,11,23
0.0,11,24
0.0,11,30
0.0,11,33
0.0081,11,34
0.0,11,35
0.0,11,36
0.0,11,37
0.0,11,38
0.0,11,39
0.0,11,40
0.0,11,42
0.0565,11,45
0.0,11,46
0.0,11,47
0.0,11,48
0.0,11,49
0.0,11,50
0.0,11,52
0.0,11,53
0.0,11,54
0.0,11,56
0.0081,11,58
0.0,11,59
0.0,11,60
0.0,11,63
0.0,11,65
0.0,11,75
0.0,11,98
0.0,11,100
0.0,11,108
0.0,12,1
0.0,12,2
0.0017,12,3
0.0,12,4
0.0,12,5
0.0,12,6
0.0,12,7
0.0,12,8
0.0,12,9
0.0,12,10
0.0,12,11
0.9641,12,12
0.0103,12,13
0.0,12,14
0.0154,12,15
0.0,12,16
0.0,12,17
0.0,12,18
0.0,12,19
0.0,12,20
0.0,12,21
0.0,12,22
0.0,12,23
0.0,12,24
0.0,12,26
0.0,12,27
0.0,12,28
0.0,12,29
0.0,12,30
0.0,12,31
0.0,12,33
0.0,12,34
0.0,12,35
0.0,12,36
0.0,12,37
0.0,12,38
0.0,12,39
0.0,12,40
0.0,12,42
0.0,12,44
0.0,12,45
0.0,12,46
0.0,12,48
0.0,12,49
0.0,12,50
0.0,12,51
0.0,12,52
0.0,12,53
0.0,12,56
0.0,12,58
0.0017,12,60
0.0,12,61
0.0,12,63
0.0,12,64
0.0,12,65
0.0,12,66
0.0,12,72
0.0,12,73
0.0,12,74
0.0,12,78
0.0,12,79
0.0,12,81
0.0,12,82
0.0,12,85
0.0,12,87
0.0,12,89
0.0,12,90
0.0,12,92
0.0,12,96
0.0,12,97
0.0,12,98
0.0,12,99
0.0,12,102
0.0068,12,103
0.0,12,108
0.0,12,110
0.0,13,1
0.0,13,2
0.0,13,3
0.0,13,4
0.0,13,5
0.0,13,6
0.0,13,7
0.0,13,8
0.0,13,9
0.0,13,10
0.0,13,11
0.0127,13,12
0.9406,13,13
0.0106,13,14
0.0021,13,15
0.0,13,16
0.0,13,17
0.0,13,18
0.0,13,19
0.0,13,20
0.0,13,21
0.0,13,22
0.0,13,23
0.0,13,24
0.0,13,25
0.0,13,26
0.0,13,27
0.0,13,28
0.0,13,30
0.0,13,33
0.0,13,34
0.0,13,35
0.0,13,36
0.0,13,37
0.0,13,38
0.0,13,39
0.0,13,40
0.0,13,42
0.0,13,45
0.0,13,46
0.0,13,48
0.0,13,49
0.0,13,50
0.0,13,53
0.0,13,58
0.0,13,60
0.0,13,65
0.0,13,69
0.0,13,78
0.0,13,96
0.0191,13,97
0.0,13,98
0.0,13,99
0.0,13,103
0.0149,13,108
0.0,14,1
0.0,14,2
0.0,14,3
0.0,14,4
0.0,14,6
0.0,14,7
0.0,14,9
0.0,14,12
0.0033,14,13
0.9933,14,14
0.0,14,15
0.0,14,16
0.0,14,17
0.0,14,18
0.0,14,19
0.0,14,20
0.0,14,21
0.0,14,22
0.0,14,23
0.0,14,24
0.0,14,25
0.0,14,26
0.0,14,27
0.0,14,33
0.0,14,34
0.0,14,35
0.0,14,36
0.0,14,37
0.0,14,43
0.0,14,44
0.0,14,46
0.0,14,48
0.0,14,51
0.0,14,55
0.0,14,58
0.0,14,60
0.0,14,63
0.0,14,66
0.0,14,96
0.0033,14,97
0.0,14,98
0.0,14,99
0.0,14,108
0.0005,15,1
0.0005,15,2
0.001,15,3
0.0,15,4
0.0,15,5
0.0,15,6
0.0,15,7
0.0,15,8
0.0,15,9
0.0,15,10
0.0,15,11
0.004,15,12
0.0,15,13
0.0,15,14
0.9764,15,15
0.002,15,16
0.0,15,17
0.0025,15,18
0.0015,15,19
0.0,15,20
0.0,15,21
0.0,15,22
0.0,15,23
0.0,15,24
0.0,15,25
0.0,15,26
0.0,15,27
0.0,15,28
0.0,15,29
0.0,15,30
0.0,15,31
0.0,15,32
0.0,15,33
0.0,15,34
0.0,15,35
0.0,15,36
0.0,15,37
0.0,15,38
0.0,15,39
0.0,15,40
0.0,15,41
0.0,15,42
0.0,15,43
0.0,15,44
0.0,15,45
0.0,15,46
0.0,15,47
0.0,15,48
0.0,15,49
0.0,15,50
0.0,15,51
0.0,15,52
0.0005,15,53
0.0,15,54
0.0,15,55
0.0,15,56
0.0,15,58
0.0,15,59
0.0,15,60
0.0,15,61
0.0,15,62
0.0,15,63
0.0,15,65
0.0,15,67
0.0,15,68
0.0,15,69
0.0,15,70
0.0,15,71
0.0,15,72
0.0,15,73
0.0,15,74
0.0,15,75
0.0,15,79
0.0,15,80
0.0,15,81
0.0,15,82
0.0,15,87
0.0,15,88
0.0,15,90
0.0,15,92
0.0,15,93
0.0,15,95
0.0,15,96
0.0,15,97
0.002,15,98
0.0,15,99
0.0,15,100
0.0,15,102
0.0,15,103
0.009,15,108
0.0,15,109
0.0,15,111
0.0,16,1
0.0,16,2
0.0,16,3
0.0,16,4
0.0,16,5
0.0,16,6
0.0,16,7
0.0,16,8
0.0,16,9
0.0,16,10
0.0,16,11
0.0,16,12
0.0,16,13
0.0,16,14
0.0028,16,15
0.975,16,16
0.012,16,17
0.0,16,18
0.0019,16,19
0.0,16,20
0.0,16,21
0.0,16,22
0.0009,16,23
0.0,16,24
0.0,16,25
0.0,16,26
0.0,16,27
0.0,16,28
0.0,16,29
0.0,16,30
0.0,16,33
0.0,16,34
0.0,16,35
0.0,16,36
0.0,16,37
0.0,16,38
0.0,16,39
0.0,16,40
0.0,16,41
0.0,16,43
0.0,16,45
0.0,16,46
0.0,16,47
0.0,16,48
0.0,16,49
0.0,16,50
0.0,16,51
0.0,16,52
0.0,16,53
0.0,16,54
0.0,16,55
0.0,16,58
0.0009,16,60
0.0,16,61
0.0,16,62
0.0,16,63
0.0,16,64
0.0,16,65
0.0,16,69
0.0,16,71
0.0,16,72
0.0,16,74
0.0,16,75
0.0,16,77
0.0,16,79
0.0,16,82
0.0,16,86
0.0,16,87
0.0,16,89
0.0,16,90
0.0,16,92
0.0,16,93
0.0,16,95
0.0,16,96
0.0056,16,97
0.0,16,98
0.0,16,99
0.0,16,100
0.0,16,101
0.0,16,102
0.0,16,103
0.0009,16,108
0.0,16,110
0.0,17,1
0.0,17,2
0.0,17,3
0.0,17,4
0.0,17,5
0.0,17,6
0.0,17,7
0.0,17,8
0.0,17,9
0.0,17,10
0.0,17,11
0.0,17,12
0.0,17,13
0.0,17,14
0.0,17,15
0.0191,17,16
0.9685,17,17
0.0,17,18
0.0034,17,19
0.0045,17,20
0.0,17,21
0.0034,17,22
0.0,17,23
0.0,17,24
0.0,17,25
0.0,17,26
0.0,17,27
0.0,17,28
0.0,17,29
0.0,17,30
0.0,17,31
0.0,17,32
0.0,17,33
0.0,17,34
0.0,17,35
0.0,17,36
0.0,17,37
0.0,17,38
0.0,17,39
0.0,17,40
0.0,17,41
0.0,17,42
0.0,17,44
0.0,17,45
0.0,17,46
0.0,17,47
0.0,17,48
0.0,17,49
0.0,17,50
0.0,17,51
0.0,17,52
0.0,17,53
0.0,17,54
0.0,17,58
0.0,17,63
0.0,17,67
0.0,17,79
0.0,17,87
0.0,17,93
0.0,17,94
0.0,17,96
0.0,17,97
0.0011,17,98
0.0,17,99
0.0,17,100
0.0,17,103
0.0,17,108
0.0,18,1
0.0,18,2
0.0058,18,3
0.0,18,4
0.0,18,5
0.0116,18,6
0.0,18,7
0.0,18,8
0.0,18,9
0.0,18,10
0.0,18,11
0.0,18,12
0.0,18,13
0.0,18,14
0.0174,18,15
0.0,18,16
0.0,18,17
0.9565,18,18
0.0,18,19
0.0,18,20
0.0,18,21
0.0,18,22
0.0,18,23
0.0,18,24
0.0,18,26
0.0,18,27
0.0,18,28
0.0,18,30
0.0,18,32
0.0058,18,33
0.0,18,34
0.0,18,35
0.0,18,36
0.0,18,37
0.0,18,38
0.0,18,39
0.0,18,40
0.0,18,41
0.0,18,42
0.0,18,45
0.0,18,47
0.0,18,48
0.0,18,49
0.0,18,51
0.0,18,52
0.0,18,53
0.0,18,58
0.0,18,61
0.0,18,63
0.0,18,67
0.0,18,69
0.0,18,71
0.0,18,93
0.0,18,96
0.0,18,97
0.0029,18,98
0.0,18,99
0.0,18,100
0.0,18,103
0.0,18,108
0.0,19,1
0.0,19,2
0.0,19,3
0.0,19,4
0.0,19,5
0.0,19,6
0.0,19,7
0.0,19,8
0.0,19,9
0.0037,19,10
0.0,19,11
0.0,19,12
0.0,19,13
0.0,19,14
0.0112,19,15
0.0075,19,16
0.015,19,17
0.0037,19,18
0.9213,19,19
0.015,19,20
0.0,19,21
0.0,19,22
0.0,19,23
0.0,19,24
0.0,19,25
0.0,19,26
0.0,19,27
0.0,19,28
0.0,19,29
0.0,19,30
0.0,19,32
0.0,19,33
0.0,19,34
0.0,19,35
0.0,19,36
0.0,19,37
0.0,19,38
0.0,19,39
0.0,19,40
0.0,19,41
0.0,19,42
0.0,19,45
0.0,19,46
0.0,19,47
0.0,19,48
0.0,19,49
0.0,19,50
0.0,19,53
0.0,19,55
0.0,19,56
0.0,19,58
0.0,19,60
0.0,19,61
0.0,19,63
0.0,19,93
0.0,19,96
0.0,19,97
0.0225,19,98
0.0,19,99
0.0,19,101
0.0,19,103
0.0,19,108
0.0,20,1
0.0,20,2
0.0,20,3
0.0,20,4
0.0,20,6
0.0,20,9
0.0,20,10
0.0,20,11
0.0,20,12
0.0,20,13
0.0,20,14
0.0,20,15
0.0,20,16
0.0034,20,17
0.0,20,18
0.0069,20,19
0.9621,20,20
0.0,20,21
0.0,20,22
0.0069,20,23
0.0,20,24
0.0,20,25
0.0,20,26
0.0,20,27
0.0034,20,28
0.0,20,29
0.0,20,30
0.0,20,31
0.0,20,33
0.0,20,34
0.0138,20,35
0.0034,20,36
0.0,20,37
0.0,20,38
0.0,20,39
0.0,20,40
0.0,20,41
0.0,20,42
0.0,20,44
0.0,20,45
0.0,20,46
0.0,20,47
0.0,20,48
0.0,20,49
0.0,20,50
0.0,20,51
0.0,20,52
0.0,20,53
0.0,20,54
0.0,20,55
0.0,20,56
0.0,20,58
0.0,20,60
0.0,20,67
0.0,20,71
0.0,20,84
0.0,20,93
0.0,20,97
0.0,20,98
0.0,20,99
0.0,20,103
0.0,20,108
0.0,20,109
0.0,21,1
0.0,21,3
0.0,21,5
0.0,21,6
0.0,21,7
0.0,21,9
0.0,21,10
0.0,21,11
0.0,21,12
0.0,21,13
0.0,21,14
0.0,21,15
0.0,21,16
0.0,21,17
0.0,21,18
0.0,21,19
0.0,21,20
0.9949,21,21
0.0,21,22
0.0,21,23
0.0,21,24
0.0,21,25
0.0,21,26
0.0,21,27
0.0,21,28
0.0,21,29
0.0,21,30
0.0,21,31
0.0,21,33
0.0,21,34
0.0,21,35
0.0,21,36
0.0,21,37
0.0,21,38
0.0,21,39
0.0,21,40
0.0,21,41
0.0,21,42
0.0,21,43
0.0,21,45
0.0,21,46
0.0,21,48
0.0,21,50
0.0,21,51
0.0,21,52
0.0,21,55
0.0,21,56
0.0,21,58
0.0051,21,60
0.0,21,63
0.0,21,64
0.0,21,69
0.0,21,75
0.0,21,93
0.0,21,96
0.0,21,97
0.0,21,98
0.0,21,99
0.0,21,103
0.0,21,108
0.0,21,109
0.0,22,1
0.0,22,2
0.0,22,3
0.0,22,4
0.0,22,5
0.0,22,6
0.0,22,7
0.0,22,8
0.0,22,9
0.0,22,10
0.0,22,11
0.0,22,12
0.0,22,13
0.0,22,14
0.0,22,15
0.0,22,16
0.0051,22,17
0.0,22,18
0.0,22,19
0.0,22,20
0.0,22,21
0.9932,22,22
0.0,22,23
0.0017,22,24
0.0,22,25
0.0,22,26
0.0,22,27
0.0,22,28
0.0,22,29
0.0,22,30
0.0,22,32
0.0,22,33
0.0,22,34
0.0,22,35
0.0,22,36
0.0,22,37
0.0,22,38
0.0,22,39
0.0,22,40
0.0,22,41
0.0,22,42
0.0,22,43
0.0,22,44
0.0,22,46
0.0,22,48
0.0,22,49
0.0,22,50
0.0,22,51
0.0,22,52
0.0,22,55
0.0,22,58
0.0,22,59
0.0,22,66
0.0,22,67
0.0,22,69
0.0,22,71
0.0,22,72
0.0,22,79
0.0,22,80
0.0,22,90
0.0,22,93
0.0,22,96
0.0,22,97
0.0,22,98
0.0,22,99
0.0,22,108
0.0,22,109
0.0,23,1
0.0,23,2
0.0,23,3
0.0,23,4
0.0,23,5
0.0,23,6
0.0,23,7
0.0,23,9
0.0,23,10
0.0,23,11
0.0,23,12
0.0,23,13
0.0,23,14
0.0,23,15
0.0,23,16
0.0018,23,17
0.0,23,18
0.0,23,19
0.0074,23,20
0.0,23,21
0.0,23,22
0.9871,23,23
0.0037,23,24
0.0,23,25
0.0,23,26
0.0,23,27
0.0,23,28
0.0,23,29
0.0,23,30
0.0,23,31
0.0,23,32
0.0,23,33
0.0,23,34
0.0,23,35
0.0,23,36
0.0,23,37
0.0,23,38
0.0,23,39
0.0,23,40
0.0,23,41
0.0,23,42
0.0,23,44
0.0,23,45
0.0,23,46
0.0,23,47
0.0,23,48
0.0,23,49
0.0,23,50
0.0,23,51
0.0,23,52
0.0,23,53
0.0,23,54
0.0,23,55
0.0,23,56
0.0,23,57
0.0,23,58
0.0,23,60
0.0,23,63
0.0,23,64
0.0,23,66
0.0,23,67
0.0,23,68
0.0,23,69
0.0,23,70
0.0,23,71
0.0,23,72
0.0,23,74
0.0,23,75
0.0,23,82
0.0,23,87
0.0,23,93
0.0,23,96
0.0,23,97
0.0,23,98
0.0,23,99
0.0,23,103
0.0,23,108
0.0,23,109
0.0,23,111
0.0,24,1
0.0,24,3
0.0,24,4
0.0,24,5
0.0,24,6
0.0,24,7
0.0,24,10
0.0,24,11
0.0,24,12
0.0,24,13
0.0,24,14
0.0,24,15
0.0,24,16
0.0,24,17
0.0,24,18
0.0,24,19
0.0,24,20
0.0,24,21
0.0017,24,22
0.0068,24,23
0.9727,24,24
0.0017,24,25
0.0017,24,26
0.0017,24,27
0.0119,24,28
0.0,24,29
0.0017,24,30
0.0,24,31
0.0,24,32
0.0,24,33
0.0,24,34
0.0,24,35
0.0,24,36
0.0,24,37
0.0,24,38
0.0,24,39
0.0,24,40
0.0,24,41
0.0,24,42
0.0,24,44
0.0,24,45
0.0,24,46
0.0,24,48
0.0,24,49
0.0,24,51
0.0,24,52
0.0,24,53
0.0,24,54
0.0,24,55
0.0,24,58
0.0,24,59
0.0,24,60
0.0,24,63
0.0,24,68
0.0,24,70
0.0,24,71
0.0,24,93
0.0,24,96
0.0,24,97
0.0,24,98
0.0,24,99
0.0,24,100
0.0,24,103
0.0,24,108
0.0,25,1
0.0,25,5
0.0,25,13
0.0,25,14
0.0,25,15
0.0,25,16
0.0,25,17
0.0,25,18
0.0,25,19
0.0,25,20
0.0,25,21
0.0,25,22
0.0,25,23
0.0042,25,24
0.9833,25,25
0.0042,25,26
0.0,25,27
0.0,25,28
0.0,25,29
0.0042,25,30
0.0,25,31
0.0,25,32
0.0,25,33
0.0,25,35
0.0,25,36
0.0,25,37
0.0,25,38
0.0,25,39
0.0,25,40
0.0,25,41
0.0,25,42
0.0,25,45
0.0,25,48
0.0,25,49
0.0,25,51
0.0,25,52
0.0,25,55
0.0,25,58
0.0,25,60
0.0,25,80
0.0,25,90
0.0042,25,93
0.0,25,97
0.0,25,99
0.0,25,103
0.0,25,108
0.0,26,1
0.0,26,2
0.0,26,3
0.0,26,4
0.0,26,6
0.0,26,10
0.0,26,11
0.0,26,12
0.0,26,13
0.0,26,14
0.0,26,15
0.0,26,16
0.0,26,17
0.0,26,18
0.0,26,19
0.0,26,20
0.0,26,21
0.0,26,22
0.0,26,23
0.0016,26,24
0.0016,26,25
0.9756,26,26
0.0146,26,27
0.0032,26,28
0.0,26,29
0.0,26,30
0.0,26,31
0.0,26,32
0.0,26,33
0.0,26,34
0.0,26,35
0.0,26,36
0.0,26,37
0.0,26,38
0.0,26,39
0.0,26,40
0.0,26,41
0.0,26,42
0.0,26,46
0.0,26,47
0.0,26,48
0.0,26,50
0.0,26,52
0.0,26,53
0.0,26,54
0.0,26,57
0.0,26,58
0.0,26,59
0.0,26,60
0.0,26,61
0.0,26,63
0.0,26,67
0.0,26,68
0.0,26,72
0.0,26,74
0.0,26,75
0.0,26,79
0.0,26,82
0.0,26,86
0.0,26,87
0.0,26,92
0.0032,26,93
0.0,26,98
0.0,26,99
0.0,26,108
0.0,27,1
0.0,27,3
0.0,27,4
0.0,27,6
0.0,27,7
0.0,27,9
0.0,27,10
0.0,27,11
0.0,27,12
0.0,27,13
0.0,27,15
0.0,27,16
0.0,27,17
0.0,27,18
0.0,27,19
0.0,27,20
0.0,27,21
0.0,27,22
0.0,27,23
0.0019,27,24
0.0,27,25
0.0093,27,26
0.963,27,27
0.013,27,28
0.0,27,29
0.0019,27,30
0.0,27,31
0.0,27,32
0.0,27,33
0.0,27,34
0.0,27,35
0.0,27,36
0.0,27,37
0.0,27,38
0.0,27,39
0.0,27,40
0.0,27,41
0.0,27,42
0.0,27,45
0.0,27,46
0.0,27,47
0.0,27,48
0.0,27,50
0.0,27,51
0.0,27,52
0.0,27,53
0.0019,27,58
0.0,27,60
0.0,27,61
0.0,27,63
0.0,27,66
0.0,27,67
0.0,27,69
0.0,27,70
0.0,27,71
0.0,27,72
0.0,27,82
0.0,27,83
0.0,27,87
0.0,27,90
0.0,27,92
0.0093,27,93
0.0,27,96
0.0,27,97
0.0,27,98
0.0,27,99
0.0,27,100
0.0,27,108
0.0,27,109
0.0,27,110
0.0,27,111
0.0,28,1
0.0,28,2
0.0,28,3
0.0,28,4
0.0,28,5
0.0,28,6
0.0,28,7
0.0,28,9
0.0,28,10
0.0,28,12
0.0,28,13
0.0,28,14
0.0,28,15
0.0,28,16
0.0,28,17
0.0,28,18
0.0,28,19
0.0,28,20
0.0,28,21
0.0,28,22
0.0015,28,23
0.0091,28,24
0.0,28,25
0.003,28,26
0.0136,28,27
0.9667,28,28
0.0061,28,29
0.0,28,30
0.0,28,31
0.0,28,32
0.0,28,33
0.0,28,34
0.0,28,35
0.0,28,36
0.0,28,37
0.0,28,38
0.0,28,39
0.0,28,40
0.0,28,41
0.0,28,42
0.0,28,44
0.0,28,46
0.0,28,47
0.0,28,48
0.0,28,49
0.0,28,50
0.0,28,51
0.0,28,52
0.0,28,53
0.0,28,54
0.0,28,55
0.0,28,56
0.0,28,57
0.0,28,58
0.0,28,59
0.0,28,60
0.0,28,61
0.0,28,63
0.0,28,65
0.0,28,66
0.0,28,67
0.0,28,68
0.0,28,70
0.0,28,71
0.0,28,72
0.0,28,78
0.0,28,87
0.0,28,93
0.0,28,96
0.0,28,97
0.0,28,98
0.0,28,99
0.0,28,100
0.0,28,103
0.0,28,108
0.0,29,1
0.0,29,4
0.0,29,6
0.0,29,12
0.0,29,15
0.0,29,16
0.0,29,17
0.0,29,18
0.0,29,19
0.0055,29,20
0.0,29,21
0.0,29,22
0.0,29,23
0.0055,29,24
0.0,29,25
0.0,29,26
0.0055,29,27
0.011,29,28
0.9451,29,29
0.0,29,30
0.0,29,31
0.0,29,33
0.0,29,34
0.0,29,35
0.0,29,36
0.0,29,37
0.022,29,38
0.0,29,39
0.0,29,40
0.0,29,41
0.0,29,42
0.0,29,43
0.0,29,45
0.0,29,46
0.0,29,47
0.0055,29,48
0.0,29,50
0.0,29,51
0.0,29,52
0.0,29,53
0.0,29,54
0.0,29,58
0.0,29,67
0.0,29,68
0.0,29,71
0.0,29,93
0.0,29,96
0.0,29,97
0.0,29,98
0.0,29,99
0.0,29,108
0.0,30,1
0.0,30,2
0.0,30,3
0.0,30,6
0.0,30,12
0.0,30,13
0.0,30,15
0.0,30,16
0.0,30,17
0.0,30,18
0.0,30,19
0.0,30,20
0.0,30,21
0.0,30,22
0.0,30,23
0.0,30,24
0.0025,30,25
0.0,30,26
0.0,30,27
0.0,30,28
0.0,30,29
0.9828,30,30
0.0074,30,31
0.0,30,32
0.0,30,33
0.0,30,35
0.0,30,36
0.0,30,37
0.0,30,38
0.0,30,39
0.0,30,40
0.0,30,41
0.0,30,42
0.0,30,45
0.0,30,47
0.0,30,48
0.0,30,50
0.0,30,52
0.0,30,53
0.0,30,58
0.0,30,60
0.0,30,69
0.0,30,71
0.0,30,82
0.0,30,89
0.0074,30,93
0.0,30,97
0.0,30,98
0.0,30,108
0.0,31,12
0.0,31,15
0.0,31,17
0.0,31,20
0.0,31,21
0.0,31,23
0.0,31,24
0.0,31,25
0.0,31,26
0.0,31,27
0.0,31,28
0.0,31,29
0.0222,31,30
0.9667,31,31
0.0111,31,32
0.0,31,33
0.0,31,34
0.0,31,35
0.0,31,36
0.0,31,37
0.0,31,48
0.0,31,58
0.0,31,63
0.0,31,71
0.0,31,93
0.0,31,99
0.0,31,108
0.0,32,4
0.0,32,6
0.0,32,10
0.0,32,15
0.0,32,17
0.0,32,19
0.0,32,21
0.0,32,22
0.0,32,23
0.0,32,24
0.0,32,25
0.0,32,26
0.0,32,27
0.0,32,28
0.0,32,29
0.0085,32,30
0.0,32,31
0.9915,32,32
0.0,32,37
0.0,32,38
0.0,32,39
0.0,32,41
0.0,32,42
0.0,32,48
0.0,32,58
0.0,32,93
0.0,32,98
0.0,33,1
0.0,33,2
0.0,33,3
0.0,33,4
0.0,33,5
0.0,33,6
0.0,33,7
0.0,33,8
0.0,33,9
0.0,33,10
0.0,33,11
0.0,33,12
0.0,33,13
0.0,33,14
0.0,33,15
0.0,33,16
0.0,33,17
0.018,33,18
0.0,33,19
0.0,33,20
0.0,33,21
0.0,33,22
0.0,33,23
0.0,33,24
0.0,33,25
0.0,33,26
0.0,33,27
0.006,33,28
0.0,33,29
0.0,33,31
0.976,33,33
0.0,33,34
0.0,33,35
0.0,33,36
0.0,33,37
0.0,33,38
0.0,33,39
0.0,33,40
0.0,33,41
0.0,33,42
0.0,33,44
0.0,33,45
0.0,33,46
0.0,33,47
0.0,33,48
0.0,33,49
0.0,33,50
0.0,33,51
0.0,33,52
0.0,33,55
0.0,33,58
0.0,33,60
0.0,33,61
0.0,33,67
0.0,33,69
0.0,33,71
0.0,33,87
0.0,33,93
0.0,33,96
0.0,33,97
0.0,33,98
0.0,33,99
0.0,33,100
0.0,33,103
0.0,33,108
0.0,33,109
0.0,34,1
0.0,34,2
0.0,34,3
0.0,34,4
0.0,34,5
0.0,34,6
0.0,34,7
0.0,34,8
0.0,34,9
0.0,34,10
0.0041,34,11
0.0,34,12
0.0,34,13
0.0,34,14
0.0,34,15
0.0,34,16
0.0,34,17
0.0,34,18
0.0,34,19
0.0041,34,20
0.0,34,21
0.0,34,22
0.0,34,23
0.0,34,24
0.0,34,26
0.0,34,27
0.0,34,28
0.0,34,29
0.0,34,30
0.0,34,33
0.9751,34,34
0.0124,34,35
0.0,34,36
0.0,34,37
0.0,34,38
0.0,34,39
0.0,34,40
0.0,34,41
0.0,34,42
0.0,34,43
0.0,34,44
0.0041,34,45
0.0,34,46
0.0,34,47
0.0,34,48
0.0,34,49
0.0,34,50
0.0,34,51
0.0,34,52
0.0,34,53
0.0,34,54
0.0,34,55
0.0,34,57
0.0,34,58
0.0,34,59
0.0,34,60
0.0,34,61
0.0,34,63
0.0,34,65
0.0,34,67
0.0,34,68
0.0,34,69
0.0,34,71
0.0,34,73
0.0,34,76
0.0,34,82
0.0,34,87
0.0,34,93
0.0,34,96
0.0,34,97
0.0,34,98
0.0,34,99
0.0,34,100
0.0,34,108
0.0,34,109
0.0,35,1
0.0,35,2
0.0,35,3
0.0,35,4
0.0,35,5
0.0,35,6
0.0,35,7
0.0,35,8
0.0,35,9
0.0,35,10
0.0,35,11
0.0,35,12
0.0,35,13
0.0,35,15
0.0,35,16
0.0,35,17
0.0,35,18
0.0,35,19
0.0166,35,20
0.0,35,21
0.0,35,22
0.0,35,23
0.0,35,24
0.0,35,25
0.0,35,26
0.0,35,27
0.0,35,28
0.0,35,29
0.0,35,30
0.0,35,31
0.0,35,33
0.0133,35,34
0.9535,35,35
0.0166,35,36
0.0,35,37
0.0,35,38
0.0,35,39
0.0,35,40
0.0,35,41
0.0,35,42
0.0,35,43
0.0,35,45
0.0,35,46
0.0,35,47
0.0,35,48
0.0,35,49
0.0,35,50
0.0,35,51
0.0,35,52
0.0,35,53
0.0,35,54
0.0,35,56
0.0,35,58
0.0,35,59
0.0,35,60
0.0,35,61
0.0,35,63
0.0,35,65
0.0,35,67
0.0,35,69
0.0,35,71
0.0,35,78
0.0,35,79
0.0,35,90
0.0,35,91
0.0,35,93
0.0,35,96
0.0,35,97
0.0,35,98
0.0,35,99
0.0,35,100
0.0,35,103
0.0,35,108
0.0,35,109
0.0,36,1
0.0,36,2
0.0,36,3
0.0,36,4
0.0,36,5
0.0,36,6
0.0,36,7
0.0,36,8
0.0,36,9
0.0,36,10
0.0,36,11
0.0,36,12
0.0,36,13
0.0023,36,15
0.0,36,16
0.0,36,17
0.0,36,18
0.0,36,19
0.0023,36,20
0.0,36,21
0.0,36,22
0.0,36,23
0.0,36,24
0.0,36,25
0.0,36,26
0.0,36,27
0.0,36,28
0.0,36,29
0.0,36,30
0.0,36,31
0.0,36,33
0.0,36,34
0.0114,36,35
0.9567,36,36
0.0159,36,37
0.0091,36,38
0.0,36,39
0.0,36,40
0.0,36,41
0.0,36,42
0.0,36,43
0.0,36,44
0.0,36,45
0.0,36,46
0.0023,36,47
0.0,36,48
0.0,36,49
0.0,36,50
0.0,36,51
0.0,36,52
0.0,36,53
0.0,36,54
0.0,36,55
0.0,36,56
0.0,36,57
0.0,36,58
0.0,36,60
0.0,36,61
0.0,36,63
0.0,36,66
0.0,36,67
0.0,36,69
0.0,36,71
0.0,36,74
0.0,36,77
0.0,36,78
0.0,36,93
0.0,36,96
0.0,36,97
0.0,36,98
0.0,36,99
0.0,36,100
0.0,36,108
0.0,36,109
0.0,37,1
0.0,37,2
0.0,37,3
0.0,37,4
0.0,37,5
0.0,37,6
0.0,37,7
0.0,37,9
0.0,37,10
0.0,37,11
0.0,37,12
0.0,37,13
0.0,37,14
0.0,37,15
0.0,37,16
0.0,37,17
0.0,37,18
0.0,37,19
0.0,37,20
0.0,37,21
0.0,37,22
0.0,37,23
0.0,37,24
0.0,37,25
0.0,37,26
0.0,37,27
0.0,37,28
0.0015,37,29
0.0,37,30
0.0,37,31
0.0,37,32
0.0,37,33
0.0,37,34
0.0,37,35
0.0119,37,36
0.9657,37,37
0.0089,37,38
0.0045,37,39
0.0015,37,40
0.0,37,41
0.0,37,42
0.0,37,43
0.0,37,44
0.0,37,45
0.0,37,46
0.0,37,47
0.003,37,48
0.0,37,49
0.0,37,50
0.0,37,51
0.0,37,52
0.0,37,53
0.0,37,54
0.0,37,55
0.0,37,56
0.0,37,57
0.0,37,58
0.0,37,59
0.0,37,60
0.0,37,61
0.0,37,63
0.0,37,64
0.0,37,65
0.0,37,66
0.0,37,67
0.0,37,68
0.0,37,69
0.0,37,70
0.0,37,71
0.0,37,72
0.0,37,73
0.0,37,74
0.0,37,75
0.0,37,78
0.0,37,79
0.0,37,80
0.0,37,81
0.0,37,82
0.0,37,86
0.0,37,87
0.0,37,89
0.0,37,90
0.0,37,92
0.0,37,93
0.0,37,96
0.0,37,97
0.0015,37,98
0.0015,37,99
0.0,37,100
0.0,37,101
0.0,37,103
0.0,37,108
0.0,37,109
0.0,38,1
0.0,38,5
0.0,38,6
0.0,38,11
0.0,38,12
0.0,38,13
0.0,38,15
0.0,38,16
0.0,38,17
0.0,38,18
0.0,38,19
0.0,38,20
0.0,38,21
0.0,38,22
0.0,38,23
0.0,38,24
0.0,38,25
0.0,38,26
0.0,38,27
0.0,38,28
0.0149,38,29
0.0,38,30
0.0,38,32
0.0,38,33
0.0,38,34
0.0,38,35
0.0149,38,36
0.0297,38,37
0.9368,38,38
0.0037,38,39
0.0,38,40
0.0,38,41
0.0,38,42
0.0,38,43
0.0,38,46
0.0,38,47
0.0,38,48
0.0,38,49
0.0,38,50
0.0,38,51
0.0,38,52
0.0,38,54
0.0,38,55
0.0,38,58
0.0,38,63
0.0,38,65
0.0,38,67
0.0,38,68
0.0,38,70
0.0,38,81
0.0,38,93
0.0,38,98
0.0,38,99
0.0,38,100
0.0,38,108
0.0,38,109
0.0,39,1
0.0,39,3
0.0,39,4
0.0,39,6
0.0,39,8
0.0,39,9
0.0,39,10
0.0,39,11
0.0,39,12
0.0,39,13
0.0,39,14
0.0,39,15
0.0,39,16
0.0,39,17
0.0,39,18
0.0,39,19
0.0,39,20
0.0,39,21
0.0,39,22
0.0,39,23
0.0,39,24
0.0,39,25
0.0,39,26
0.0,39,27
0.0,39,28
0.0,39,29
0.0,39,30
0.0,39,32
0.0,39,33
0.0,39,34
0.0,39,35
0.0,39,36
0.0177,39,37
0.0,39,38
0.9645,39,39
0.0177,39,40
0.0,39,41
0.0,39,42
0.0,39,43
0.0,39,44
0.0,39,45
0.0,39,46
0.0,39,47
0.0,39,48
0.0,39,49
0.0,39,50
0.0,39,51
0.0,39,52
0.0,39,53
0.0,39,54
0.0,39,57
0.0,39,58
0.0,39,60
0.0,39,63
0.0,39,65
0.0,39,66
0.0,39,67
0.0,39,68
0.0,39,69
0.0,39,70
0.0,39,71
0.0,39,72
0.0,39,93
0.0,39,94
0.0,39,97
0.0,39,98
0.0,39,99
0.0,39,100
0.0,39,108
0.0,39,109
0.0,40,1
0.0,40,3
0.0,40,4
0.0,40,6
0.0,40,9
0.0,40,10
0.0,40,11
0.0,40,14
0.0,40,15
0.0,40,16
0.0,40,17
0.0,40,18
0.0,40,19
0.0,40,20
0.0,40,21
0.0,40,22
0.0,40,23
0.0,40,24
0.0,40,25
0.0,40,26
0.0,40,27
0.0,40,28
0.0,40,29
0.0,40,30
0.0,40,33
0.0,40,34
0.0,40,35
0.0,40,36
0.007,40,37
0.0,40,38
0.014,40,39
0.9649,40,40
0.0,40,41
0.0,40,42
0.0,40,43
0.0,40,44
0.0,40,46
0.0,40,47
0.0,40,48
0.0,40,49
0.0,40,50
0.0,40,51
0.0,40,52
0.0,40,54
0.0,40,55
0.0,40,56
0.0,40,57
0.0,40,58
0.0,40,59
0.0,40,60
0.0,40,61
0.0,40,62
0.0,40,63
0.0,40,66
0.0,40,67
0.0,40,68
0.0,40,69
0.0,40,70
0.0,40,71
0.0,40,72
0.0,40,73
0.0,40,74
0.0,40,75
0.0,40,90
0.0,40,93
0.0,40,96
0.0,40,97
0.0,40,98
0.014,40,99
0.0,40,100
0.0,40,108
0.0,40,109
0.0,40,110
0.0,41,3
0.0,41,9
0.0,41,11
0.0,41,13
0.0,41,15
0.0,41,16
0.0,41,17
0.0,41,18
0.0,41,19
0.0053,41,20
0.0,41,21
0.0,41,22
0.0,41,23
0.0,41,24
0.0,41,25
0.0,41,26
0.0,41,27
0.0,41,28
0.0,41,29
0.0,41,30
0.0,41,32
0.0,41,33
0.0,41,34
0.0,41,35
0.0,41,36
0.0,41,37
0.0,41,38
0.0,41,39
0.0,41,40
0.9684,41,41
0.0053,41,42
0.0,41,43
0.0,41,44
0.0,41,46
0.0,41,47
0.0,41,48
0.0,41,49
0.0,41,51
0.0,41,52
0.0,41,53
0.0,41,54
0.0,41,55
0.0,41,56
0.0,41,57
0.0,41,58
0.0,41,59
0.0,41,60
0.0,41,61
0.0,41,63
0.0,41,66
0.0,41,67
0.0,41,68
0.0,41,69
0.0,41,70
0.0,41,71
0.0,41,72
0.0,41,75
0.0,41,76
0.0,41,93
0.0,41,98
0.0211,41,99
0.0,41,100
0.0,41,108
0.0,41,109
0.0,42,1
0.0,42,3
0.0,42,4
0.0,42,6
0.0,42,12
0.0,42,13
0.0,42,15
0.0,42,16
0.0,42,18
0.0,42,19
0.0,42,20
0.0,42,21
0.0,42,22
0.0,42,23
0.0,42,24
0.0,42,26
0.0,42,27
0.0,42,28
0.0,42,29
0.0,42,30
0.0,42,31
0.0,42,32
0.0,42,33
0.0,42,34
0.0,42,35
0.0,42,36
0.0,42,37
0.0,42,38
0.0,42,39
0.0,42,40
0.0052,42,41
0.9742,42,42
0.0206,42,43
0.0,42,44
0.0,42,46
0.0,42,47
0.0,42,48
0.0,42,49
0.0,42,50
0.0,42,51
0.0,42,52
0.0,42,54
0.0,42,55
0.0,42,58
0.0,42,61
0.0,42,63
0.0,42,66
0.0,42,67
0.0,42,68
0.0,42,69
0.0,42,70
0.0,42,71
0.0,42,72
0.0,42,74
0.0,42,77
0.0,42,94
0.0,42,98
0.0,42,99
0.0,42,109
0.0,42,110
0.0,43,1
0.0,43,6
0.0,43,7
0.0,43,10
0.0,43,13
0.0,43,15
0.0,43,16
0.0,43,17
0.0,43,19
0.0,43,21
0.0,43,22
0.0,43,23
0.0,43,26
0.0,43,27
0.0,43,33
0.0,43,34
0.0,43,35
0.0,43,36
0.0,43,37
0.0,43,38
0.0,43,39
0.0,43,40
0.0,43,41
0.0367,43,42
0.945,43,43
0.0,43,44
0.0,43,46
0.0,43,48
0.0,43,50
0.0,43,51
0.0,43,54
0.0,43,55
0.0,43,56
0.0,43,57
0.0,43,58
0.0,43,59
0.0,43,60
0.0,43,61
0.0,43,63
0.0,43,65
0.0,43,66
0.0,43,67
0.0,43,68
0.0,43,69
0.0,43,70
0.0,43,71
0.0,43,72
0.0,43,98
0.0,43,99
0.0,43,100
0.0183,43,109
0.0,44,4
0.0,44,6
0.0,44,15
0.0,44,17
0.0,44,18
0.0,44,19
0.0,44,23
0.0,44,24
0.0,44,29
0.0,44,33
0.0,44,34
0.0,44,35
0.0,44,36
0.0114,44,37
0.0,44,39
0.0,44,40
0.0,44,41
0.0,44,42
0.0,44,43
0.9545,44,44
0.0,44,49
0.0,44,54
0.0,44,55
0.0,44,57
0.0,44,58
0.0,44,60
0.0,44,61
0.0,44,65
0.0,44,66
0.0341,44,67
0.0,44,68
0.0,44,69
0.0,44,70
0.0,44,71
0.0,44,72
0.0,44,92
0.0,44,99
0.0,44,109
0.0,44,111
0.0,45,1
0.0,45,2
0.0,45,3
0.0,45,4
0.0,45,6
0.0,45,7
0.0,45,9
0.0,45,10
0.0674,45,11
0.0,45,13
0.0,45,15
0.0,45,16
0.0,45,17
0.0,45,18
0.0,45,19
0.0,45,20
0.0,45,21
0.0,45,23
0.0,45,25
0.0,45,27
0.0,45,28
0.0,45,33
0.0112,45,34
0.0,45,35
0.0,45,36
0.0,45,37
0.0,45,39
0.0,45,40
0.9213,45,45
0.0,45,46
0.0,45,47
0.0,45,48
0.0,45,49
0.0,45,50
0.0,45,51
0.0,45,52
0.0,45,53
0.0,45,55
0.0,45,58
0.0,45,60
0.0,45,65
0.0,45,67
0.0,45,95
0.0,45,96
0.0,45,97
0.0,45,98
0.0,45,100
0.0,45,108
0.0,46,1
0.0,46,2
0.0,46,4
0.0,46,7
0.0,46,8
0.0,46,10
0.0,46,11
0.0,46,12
0.0,46,13
0.0,46,15
0.0,46,16
0.0,46,17
0.0,46,18
0.0,46,19
0.0,46,20
0.0,46,21
0.0,46,22
0.0,46,23
0.0,46,24
0.0,46,26
0.0,46,27
0.0,46,28
0.0,46,33
0.0,46,34
0.0,46,35
0.0,46,36
0.0,46,37
0.0,46,38
0.0,46,39
0.0,46,40
0.0,46,42
0.0,46,44
0.0,46,45
0.9758,46,46
0.0121,46,47
0.0061,46,48
0.0,46,49
0.0061,46,50
0.0,46,51
0.0,46,52
0.0,46,53
0.0,46,54
0.0,46,55
0.0,46,56
0.0,46,58
0.0,46,60
0.0,46,65
0.0,46,98
0.0,46,100
0.0,47,1
0.0,47,3
0.0,47,4
0.0,47,10
0.0,47,11
0.0,47,12
0.0,47,15
0.0,47,16
0.0,47,17
0.0,47,18
0.0,47,19
0.0,47,20
0.0,47,21
0.0,47,22
0.0,47,23
0.0,47,26
0.0,47,27
0.0,47,28
0.0,47,30
0.0,47,33
0.0,47,34
0.0,47,35
0.0,47,36
0.0148,47,37
0.0,47,38
0.0,47,39
0.0,47,40
0.0,47,42
0.0,47,45
0.0,47,46
0.9407,47,47
0.0148,47,48
0.0,47,49
0.0,47,50
0.0,47,51
0.0,47,52
0.0,47,53
0.0,47,54
0.0,47,55
0.0,47,56
0.0,47,58
0.0,47,59
0.0,47,60
0.0,47,65
0.0,47,66
0.0,47,70
0.0,47,71
0.0,47,85
0.0,47,98
0.0,47,99
0.0296,47,100
0.0,48,1
0.0,48,2
0.0,48,3
0.0,48,4
0.0,48,5
0.0,48,6
0.0,48,7
0.0,48,10
0.0,48,11
0.0,48,12
0.0,48,13
0.0,48,14
0.0,48,15
0.0,48,16
0.0,48,17
0.0,48,18
0.0,48,19
0.0,48,20
0.0,48,21
0.0,48,22
0.0,48,23
0.0,48,24
0.0,48,25
0.0,48,26
0.0,48,27
0.0,48,28
0.0,48,29
0.0,48,30
0.0,48,31
0.0,48,32
0.0,48,33
0.0,48,34
0.0,48,35
0.0,48,36
0.0072,48,37
0.0,48,38
0.0024,48,39
0.0,48,40
0.0,48,41
0.0,48,42
0.0,48,43
0.0,48,45
0.0024,48,46
0.0024,48,47
0.9663,48,48
0.0,48,49
0.0024,48,50
0.0048,48,51
0.0024,48,52
0.0,48,53
0.0,48,54
0.0,48,55
0.0,48,56
0.0,48,57
0.0024,48,58
0.0,48,59
0.0,48,60
0.0,48,61
0.0,48,63
0.0,48,64
0.0,48,65
0.0,48,66
0.0,48,67
0.0,48,69
0.0,48,70
0.0,48,71
0.0,48,76
0.0,48,78
0.0,48,82
0.0,48,87
0.0,48,90
0.0,48,96
0.0,48,97
0.0,48,98
0.0,48,99
0.0072,48,100
0.0,48,108
0.0,48,109
0.0,49,1
0.0,49,2
0.0,49,6
0.0,49,7
0.0,49,8
0.0,49,10
0.0,49,11
0.0,49,12
0.0,49,13
0.0,49,15
0.0,49,16
0.0,49,17
0.0,49,18
0.0,49,19
0.0,49,21
0.0,49,22
0.0,49,23
0.0,49,24
0.0,49,25
0.0,49,27
0.0,49,28
0.0,49,29
0.0,49,33
0.0,49,34
0.0,49,35
0.0,49,36
0.0,49,37
0.0,49,38
0.0,49,39
0.0,49,40
0.0,49,41
0.0,49,42
0.0,49,43
0.0,49,44
0.0,49,45
0.0,49,46
0.0,49,47
0.0,49,48
0.9783,49,49
0.0217,49,50
0.0,49,51
0.0,49,52
0.0,49,53
0.0,49,54
0.0,49,56
0.0,49,58
0.0,49,63
0.0,49,65
0.0,49,82
0.0,49,90
0.0,49,97
0.0,49,100
0.0,49,108
0.0,49,109
0.0,50,1
0.0,50,4
0.0,50,10
0.0,50,11
0.0,50,12
0.0,50,13
0.0,50,15
0.0,50,17
0.0,50,19
0.0,50,20
0.0,50,22
0.0,50,23
0.0,50,24
0.0,50,26
0.0,50,27
0.0,50,28
0.0,50,29
0.0,50,30
0.0,50,33
0.0,50,34
0.0,50,35
0.0,50,36
0.0,50,37
0.0,50,38
0.0,50,39
0.0,50,42
0.0,50,43
0.0,50,45
0.0185,50,46
0.0,50,47
0.0185,50,48
0.0309,50,49
0.9321,50,50
0.0,50,51
0.0,50,52
0.0,50,53
0.0,50,54
0.0,50,56
0.0,50,58
0.0,50,60
0.0,50,61
0.0,50,63
0.0,50,66
0.0,50,72
0.0,50,74
0.0,50,79
0.0,50,80
0.0,50,82
0.0,50,87
0.0,50,90
0.0,50,95
0.0,50,100
0.0,50,111
0.0,51,1
0.0,51,3
0.0,51,6
0.0,51,10
0.0,51,11
0.0,51,12
0.0,51,14
0.0,51,15
0.0,51,16
0.0,51,17
0.0,51,18
0.0,51,19
0.0,51,21
0.0,51,22
0.0,51,23
0.0,51,24
0.0,51,27
0.0,51,28
0.0,51,29
0.0,51,30
0.0,51,33
0.0,51,34
0.0,51,35
0.0,51,36
0.0,51,37
0.0,51,38
0.0,51,39
0.0,51,40
0.0,51,41
0.0,51,42
0.0,51,43
0.0,51,45
0.0,51,46
0.0,51,47
0.0222,51,48
0.0,51,49
0.0,51,50
0.9481,51,51
0.0074,51,52
0.0,51,53
0.0148,51,54
0.0,51,55
0.0,51,56
0.0,51,57
0.0074,51,58
0.0,51,60
0.0,51,61
0.0,51,63
0.0,51,64
0.0,51,65
0.0,51,69
0.0,51,75
0.0,51,76
0.0,51,90
0.0,51,97
0.0,51,98
0.0,51,99
0.0,51,100
0.0,51,103
0.0,52,6
0.0,52,9
0.0,52,10
0.0,52,11
0.0,52,13
0.0,52,15
0.0,52,16
0.0,52,17
0.0,52,18
0.0,52,19
0.0,52,21
0.0,52,22
0.0,52,23
0.0,52,24
0.0,52,25
0.0,52,26
0.0,52,27
0.0,52,28
0.0,52,29
0.0,52,30
0.0,52,33
0.0,52,34
0.0,52,35
0.0,52,36
0.0,52,37
0.0,52,40
0.0,52,41
0.0,52,42
0.0,52,43
0.0,52,45
0.0,52,46
0.0,52,47
0.0169,52,48
0.0,52,49
0.0,52,50
0.0,52,51
0.9492,52,52
0.0085,52,53
0.0254,52,54
0.0,52,55
0.0,52,56
0.0,52,57
0.0,52,58
0.0,52,59
0.0,52,60
0.0,52,61
0.0,52,63
0.0,52,65
0.0,52,66
0.0,52,73
0.0,52,75
0.0,52,77
0.0,52,89
0.0,52,96
0.0,52,98
0.0,52,100
0.0,52,109
0.0,53,1
0.0,53,4
0.0,53,8
0.0,53,9
0.0,53,10
0.0,53,11
0.0,53,12
0.0,53,13
0.0,53,15
0.0,53,16
0.0,53,17
0.0,53,19
0.0,53,21
0.0,53,23
0.0,53,25
0.0,53,26
0.0,53,27
0.0,53,28
0.0,53,33
0.0,53,34
0.0,53,35
0.0,53,36
0.0,53,37
0.0,53,41
0.0,53,44
0.0,53,45
0.0,53,46
0.0,53,47
0.0,53,48
0.0,53,49
0.0,53,50
0.0,53,51
0.0,53,52
1.0,53,53
0.0,53,54
0.0,53,55
0.0,53,56
0.0,53,58
0.0,53,59
0.0,53,60
0.0,53,63
0.0,53,65
0.0,53,66
0.0,53,90
0.0,53,100
0.0,54,1
0.0,54,2
0.0,54,4
0.0,54,5
0.0,54,7
0.0,54,10
0.0,54,11
0.0,54,14
0.0,54,15
0.0,54,16
0.0,54,17
0.0,54,21
0.0,54,23
0.0,54,24
0.0,54,25
0.0,54,26
0.0,54,27
0.0,54,28
0.0,54,29
0.0,54,33
0.0,54,36
0.0,54,37
0.0,54,38
0.0,54,39
0.0041,54,40
0.0,54,41
0.0,54,42
0.0,54,43
0.0,54,44
0.0,54,46
0.0,54,47
0.0,54,48
0.0,54,49
0.0,54,50
0.0041,54,51
0.0082,54,52
0.0,54,53
0.9753,54,54
0.0041,54,55
0.0,54,56
0.0,54,57
0.0,54,58
0.0,54,59
0.0041,54,60
0.0,54,61
0.0,54,62
0.0,54,63
0.0,54,65
0.0,54,66
0.0,54,67
0.0,54,68
0.0,54,69
0.0,54,70
0.0,54,71
0.0,54,77
0.0,54,78
0.0,54,94
0.0,54,96
0.0,54,99
0.0,54,100
0.0,54,101
0.0,54,109
0.0,54,110
0.0,55,1
0.0,55,3
0.0,55,7
0.0,55,11
0.0,55,15
0.0,55,16
0.0,55,17
0.0,55,18
0.0,55,21
0.0,55,22
0.0,55,23
0.0,55,24
0.0,55,29
0.0,55,33
0.0,55,34
0.0,55,35
0.0,55,36
0.0,55,37
0.0,55,38
0.0,55,39
0.0,55,40
0.0,55,41
0.0,55,42
0.0,55,43
0.0,55,44
0.0,55,45
0.0,55,46
0.0,55,47
0.0,55,48
0.0,55,51
0.0,55,52
0.0,55,53
0.0,55,54
0.9747,55,55
0.0253,55,56
0.0,55,57
0.0,55,58
0.0,55,59
0.0,55,60
0.0,55,61
0.0,55,63
0.0,55,64
0.0,55,65
0.0,55,66
0.0,55,67
0.0,55,68
0.0,55,72
0.0,56,7
0.0,56,9
0.0,56,10
0.0,56,12
0.0,56,14
0.0,56,15
0.0,56,16
0.0,56,21
0.0,56,22
0.0,56,23
0.0,56,26
0.0,56,27
0.0,56,28
0.0,56,30
0.0,56,34
0.0,56,35
0.0,56,36
0.0,56,37
0.0,56,40
0.0,56,43
0.0,56,44
0.0,56,46
0.0,56,47
0.0,56,48
0.0,56,49
0.0,56,50
0.0,56,51
0.0,56,52
0.0,56,53
0.0,56,54
0.0,56,55
0.9512,56,56
0.0081,56,57
0.0407,56,58
0.0,56,59
0.0,56,60
0.0,56,61
0.0,56,63
0.0,56,65
0.0,56,66
0.0,56,67
0.0,56,68
0.0,56,71
0.0,56,78
0.0,56,79
0.0,56,90
0.0,56,108
0.0,57,1
0.0,57,16
0.0,57,23
0.0,57,25
0.0,57,34
0.0,57,35
0.0,57,37
0.0,57,40
0.0,57,41
0.0,57,42
0.0,57,43
0.0,57,44
0.0208,57,48
0.0,57,51
0.0,57,52
0.0,57,54
0.0,57,55
0.0,57,56
0.9167,57,57
0.0625,57,58
0.0,57,59
0.0,57,60
0.0,57,61
0.0,57,62
0.0,57,63
0.0,57,64
0.0,57,65
0.0,57,66
0.0,57,67
0.0,57,68
0.0,57,69
0.0,57,70
0.0,57,80
0.0,57,89
0.0,57,99
0.0,57,109
0.0,58,1
0.0,58,3
0.0,58,4
0.0,58,5
0.0,58,6
0.0,58,7
0.0,58,8
0.0,58,10
0.0,58,11
0.0,58,12
0.0,58,13
0.0,58,15
0.0,58,16
0.0,58,17
0.0,58,19
0.0,58,20
0.0,58,21
0.0,58,22
0.0,58,23
0.0,58,24
0.0,58,25
0.0,58,26
0.0006,58,27
0.0,58,28
0.0,58,29
0.0,58,30
0.0,58,32
0.0,58,33
0.0,58,34
0.0,58,35
0.0,58,36
0.0,58,37
0.0,58,38
0.0,58,39
0.0,58,40
0.0,58,41
0.0,58,42
0.0,58,43
0.0,58,44
0.0,58,45
0.0,58,46
0.0,58,47
0.0,58,48
0.0,58,49
0.0,58,50
0.0,58,51
0.0,58,52
0.0,58,53
0.0006,58,54
0.0,58,55
0.0019,58,56
0.0039,58,57
0.9839,58,58
0.0052,58,59
0.0026,58,60
0.0,58,61
0.0,58,62
0.0,58,63
0.0,58,64
0.0006,58,65
0.0,58,66
0.0,58,67
0.0,58,68
0.0,58,69
0.0,58,70
0.0,58,71
0.0,58,72
0.0,58,73
0.0,58,74
0.0006,58,75
0.0,58,76
0.0,58,77
0.0,58,78
0.0,58,79
0.0,58,80
0.0,58,81
0.0,58,82
0.0,58,83
0.0,58,86
0.0,58,87
0.0,58,89
0.0,58,90
0.0,58,92
0.0,58,93
0.0,58,94
0.0,58,95
0.0,58,96
0.0,58,97
0.0,58,98
0.0,58,99
0.0,58,100
0.0,58,102
0.0,58,103
0.0,58,108
0.0,58,109
0.0,58,110
0.0,58,111
0.0,59,1
0.0,59,3
0.0,59,6
0.0,59,7
0.0,59,10
0.0,59,11
0.0,59,15
0.0,59,16
0.0,59,17
0.0,59,21
0.0,59,24
0.0,59,28
0.0,59,34
0.0,59,37
0.0,59,40
0.0,59,41
0.0,59,48
0.0,59,51
0.0,59,52
0.0,59,53
0.0,59,54
0.0,59,55
0.0,59,56
0.0,59,57
0.0305,59,58
0.9618,59,59
0.0076,59,60
0.0,59,61
0.0,59,62
0.0,59,63
0.0,59,64
0.0,59,65
0.0,59,66
0.0,59,68
0.0,59,69
0.0,59,71
0.0,59,72
0.0,59,80
0.0,59,82
0.0,59,94
0.0,59,97
0.0,59,110
0.0,60,1
0.0,60,2
0.0,60,3
0.0,60,4
0.0,60,5
0.0,60,6
0.0,60,7
0.0,60,9
0.0,60,10
0.0,60,11
0.0,60,12
0.0,60,13
0.0,60,14
0.0,60,15
0.0069,60,16
0.0,60,17
0.0,60,18
0.0,60,19
0.0,60,20
0.0,60,21
0.0,60,22
0.0,60,23
0.0,60,24
0.0,60,26
0.0,60,27
0.0,60,28
0.0,60,30
0.0,60,33
0.0,60,34
0.0,60,35
0.0,60,36
0.0,60,37
0.0,60,38
0.0,60,39
0.0,60,40
0.0,60,41
0.0,60,42
0.0,60,43
0.0,60,45
0.0,60,46
0.0,60,47
0.0,60,48
0.0069,60,49
0.0,60,50
0.0,60,51
0.0,60,52
0.0,60,53
0.0069,60,54
0.0,60,55
0.0,60,56
0.0,60,57
0.0207,60,58
0.0,60,59
0.9241,60,60
0.0069,60,61
0.0,60,62
0.0069,60,63
0.0,60,64
0.0,60,65
0.0138,60,66
0.0,60,67
0.0,60,68
0.0069,60,69
0.0,60,70
0.0,60,71
0.0,60,72
0.0,60,73
0.0,60,74
0.0,60,75
0.0,60,77
0.0,60,78
0.0,60,79
0.0,60,82
0.0,60,87
0.0,60,89
0.0,60,91
0.0,60,92
0.0,60,94
0.0,60,95
0.0,60,96
0.0,60,97
0.0,60,98
0.0,60,99
0.0,60,108
0.0,60,110
0.0,61,10
0.0,61,12
0.0,61,15
0.0,61,19
0.0,61,23
0.0,61,27
0.0,61,28
0.0,61,34
0.0,61,36
0.0,61,37
0.0,61,40
0.0,61,41
0.0,61,42
0.0,61,43
0.0,61,46
0.0,61,48
0.0,61,50
0.0,61,51
0.0,61,52
0.0,61,54
0.0,61,55
0.0,61,56
0.0,61,57
0.0,61,58
0.0052,61,59
0.0156,61,60
0.9531,61,61
0.0,61,62
0.026,61,63
0.0,61,64
0.0,61,65
0.0,61,66
0.0,61,67
0.0,61,68
0.0,61,69
0.0,61,70
0.0,61,71
0.0,61,72
0.0,61,73
0.0,61,74
0.0,61,75
0.0,61,76
0.0,61,78
0.0,61,79
0.0,61,83
0.0,61,87
0.0,61,94
0.0,61,100
0.0,61,101
0.0,61,110
0.0,61,111
0.0,62,1
0.0,62,15
0.0,62,40
0.0,62,48
0.0,62,55
0.0,62,57
0.0,62,58
0.0,62,59
0.0,62,60
0.0,62,61
0.9873,62,62
0.0,62,63
0.0127,62,64
0.0,62,65
0.0,62,67
0.0,62,69
0.0,62,70
0.0,62,71
0.0,62,72
0.0,62,73
0.0,62,74
0.0,62,76
0.0,62,78
0.0,62,90
0.0,62,94
0.0,62,99
0.0,62,110
0.0,63,1
0.0,63,7
0.0,63,10
0.0,63,12
0.0,63,13
0.0,63,15
0.0,63,16
0.0,63,18
0.0,63,19
0.0,63,21
0.0,63,22
0.0,63,23
0.0,63,24
0.0,63,26
0.0,63,27
0.0,63,28
0.0,63,30
0.0,63,34
0.0,63,35
0.0,63,36
0.0,63,37
0.0,63,39
0.0,63,40
0.0,63,41
0.0,63,42
0.0,63,43
0.0,63,44
0.0,63,45
0.0,63,46
0.0,63,48
0.0,63,49
0.0,63,51
0.0,63,52
0.0,63,53
0.0,63,54
0.0,63,55
0.0,63,56
0.0,63,57
0.0,63,58
0.0,63,59
0.0016,63,60
0.0114,63,61
0.0016,63,62
0.969,63,63
0.0049,63,64
0.0114,63,65
0.0,63,66
0.0,63,67
0.0,63,68
0.0,63,69
0.0,63,70
0.0,63,71
0.0,63,72
0.0,63,73
0.0,63,74
0.0,63,75
0.0,63,76
0.0,63,77
0.0,63,78
0.0,63,79
0.0,63,82
0.0,63,83
0.0,63,87
0.0,63,88
0.0,63,94
0.0,63,95
0.0,63,97
0.0,63,99
0.0,63,110
0.0,64,1
0.0,64,15
0.0,64,21
0.0,64,23
0.0,64,30
0.0,64,37
0.0,64,46
0.0,64,48
0.0,64,51
0.0,64,55
0.0,64,56
0.0,64,58
0.0,64,59
0.0,64,60
0.009,64,61
0.009,64,62
0.018,64,63
0.964,64,64
0.0,64,65
0.0,64,66
0.0,64,70
0.0,64,71
0.0,64,72
0.0,64,73
0.0,64,74
0.0,64,75
0.0,64,76
0.0,64,77
0.0,64,78
0.0,64,94
0.0,64,99
0.0,64,110
0.0,65,8
0.0,65,10
0.0,65,11
0.0,65,12
0.0,65,13
0.0,65,15
0.0,65,16
0.0,65,18
0.0,65,21
0.0,65,23
0.0,65,34
0.0,65,35
0.0038,65,37
0.0,65,38
0.0,65,39
0.0,65,40
0.0,65,46
0.0,65,48
0.0,65,51
0.0,65,52
0.0,65,54
0.0,65,55
0.0,65,56
0.0,65,57
0.0,65,58
0.0,65,59
0.0,65,60
0.0,65,61
0.0,65,62
0.0263,65,63
0.0,65,64
0.9586,65,65
0.0,65,66
0.0,65,68
0.0,65,69
0.0,65,70
0.0,65,71
0.0,65,72
0.0,65,73
0.0,65,74
0.0,65,75
0.0113,65,76
0.0,65,77
0.0,65,78
0.0,65,79
0.0,65,80
0.0,65,83
0.0,65,88
0.0,65,90
0.0,65,94
0.0,65,98
0.0,65,102
0.0,65,108
0.0,65,111
0.0,66,1
0.0,66,15
0.0,66,17
0.0,66,22
0.0,66,23
0.0,66,27
0.0,66,28
0.0,66,35
0.0,66,37
0.0,66,39
0.0,66,41
0.0,66,42
0.0,66,43
0.0,66,44
0.0,66,48
0.0,66,50
0.0,66,51
0.0,66,52
0.0,66,53
0.0,66,54
0.0,66,55
0.0,66,56
0.0,66,57
0.0,66,58
0.0,66,59
0.0,66,60
0.0,66,61
0.0,66,62
0.0,66,63
0.0,66,65
1.0,66,66
0.0,66,67
0.0,66,68
0.0,66,69
0.0,66,70
0.0,66,71
0.0,66,72
0.0,66,73
0.0,66,82
0.0,66,83
0.0,66,85
0.0,66,87
0.0,66,94
0.0,66,99
0.0,66,101
0.0,66,109
0.0,67,1
0.0,67,5
0.0,67,13
0.0,67,15
0.0,67,17
0.0,67,19
0.0,67,20
0.0,67,21
0.0,67,22
0.0,67,23
0.0,67,27
0.0,67,28
0.0,67,29
0.0,67,33
0.0,67,34
0.0,67,35
0.0,67,36
0.0,67,37
0.0,67,38
0.0,67,39
0.0,67,40
0.0,67,41
0.0,67,42
0.0,67,43
0.0177,67,44
0.0,67,48
0.0,67,51
0.0,67,54
0.0,67,55
0.0,67,56
0.0,67,57
0.0,67,58
0.0,67,60
0.0,67,65
0.0,67,66
0.9646,67,67
0.0177,67,68
0.0,67,69
0.0,67,70
0.0,67,71
0.0,67,72
0.0,67,74
0.0,67,75
0.0,67,77
0.0,67,94
0.0,67,96
0.0,67,99
0.0,67,108
0.0,67,109
0.0,67,110
0.0,68,1
0.0,68,11
0.0,68,15
0.0,68,16
0.0,68,17
0.0,68,18
0.0,68,23
0.0,68,26
0.0,68,28
0.0,68,33
0.0,68,36
0.0,68,37
0.0,68,38
0.0,68,39
0.0,68,40
0.0,68,41
0.0,68,42
0.0,68,43
0.0,68,44
0.0,68,48
0.0,68,54
0.0,68,56
0.0,68,57
0.0091,68,58
0.0,68,59
0.0,68,60
0.0,68,63
0.0,68,66
0.0364,68,67
0.9182,68,68
0.0364,68,69
0.0,68,70
0.0,68,71
0.0,68,72
0.0,68,74
0.0,68,75
0.0,68,76
0.0,68,77
0.0,68,80
0.0,68,94
0.0,68,97
0.0,68,99
0.0,68,109
0.0,68,110
0.0,69,1
0.0,69,9
0.0,69,10
0.0,69,13
0.0,69,15
0.0,69,17
0.0,69,21
0.0,69,22
0.0,69,23
0.0,69,25
0.0,69,26
0.0,69,28
0.0,69,29
0.0,69,33
0.0,69,35
0.0,69,36
0.0,69,37
0.0,69,38
0.0,69,39
0.0,69,40
0.0,69,41
0.0,69,42
0.0,69,43
0.0,69,44
0.0,69,51
0.0,69,54
0.0,69,58
0.0,69,59
0.0063,69,60
0.0,69,61
0.0,69,62
0.0,69,63
0.0,69,65
0.0,69,66
0.0,69,67
0.025,69,68
0.9625,69,69
0.0063,69,70
0.0,69,71
0.0,69,72
0.0,69,73
0.0,69,74
0.0,69,75
0.0,69,76
0.0,69,77
0.0,69,78
0.0,69,94
0.0,69,99
0.0,69,109
0.0,69,110
0.0,70,1
0.0,70,4
0.0,70,10
0.0,70,15
0.0,70,23
0.0,70,24
0.0,70,28
0.0,70,34
0.0,70,37
0.0,70,39
0.0,70,40
0.0,70,42
0.0,70,43
0.0,70,44
0.0,70,48
0.0,70,50
0.0,70,51
0.0,70,54
0.0,70,55
0.0,70,57
0.0,70,58
0.0,70,59
0.0,70,60
0.0,70,61
0.0,70,62
0.0,70,63
0.0,70,64
0.0,70,65
0.0,70,66
0.0,70,67
0.0,70,68
0.0225,70,69
0.9213,70,70
0.0337,70,71
0.0,70,72
0.0,70,73
0.0,70,75
0.0,70,76
0.0,70,77
0.0,70,78
0.0,70,87
0.0225,70,94
0.0,70,99
0.0,70,109
0.0,70,110
0.0,71,1
0.0,71,2
0.0,71,10
0.0,71,11
0.0,71,15
0.0,71,17
0.0,71,18
0.0,71,22
0.0,71,23
0.0,71,24
0.0,71,26
0.0,71,28
0.0,71,30
0.0,71,35
0.0,71,36
0.0,71,37
0.0,71,38
0.0,71,39
0.0,71,40
0.0,71,41
0.0,71,42
0.0,71,43
0.006,71,44
0.0,71,47
0.0,71,48
0.0,71,51
0.0,71,52
0.0,71,54
0.0,71,55
0.0,71,56
0.0,71,58
0.0,71,59
0.0,71,60
0.0,71,61
0.0,71,62
0.0,71,63
0.0,71,64
0.0,71,65
0.0,71,66
0.0,71,67
0.0,71,68
0.006,71,69
0.0179,71,70
0.9524,71,71
0.0,71,72
0.0,71,73
0.0,71,74
0.0,71,75
0.0,71,76
0.0,71,77
0.0,71,78
0.0,71,80
0.0,71,87
0.0,71,94
0.0,71,97
0.0,71,99
0.0,71,109
0.0179,71,110
0.0,72,1
0.0,72,2
0.0,72,4
0.0,72,10
0.0,72,12
0.0,72,15
0.0,72,16
0.0,72,18
0.0,72,21
0.0,72,24
0.0,72,26
0.0,72,27
0.0,72,30
0.0,72,33
0.0,72,36
0.0,72,37
0.0,72,40
0.0,72,41
0.0,72,42
0.0,72,44
0.0,72,45
0.0,72,48
0.0,72,50
0.0,72,55
0.0,72,58
0.0,72,59
0.0,72,60
0.0,72,61
0.0,72,62
0.0,72,63
0.0,72,64
0.0,72,65
0.0,72,66
0.0,72,67
0.0,72,68
0.0,72,69
0.0,72,70
0.003,72,71
0.9791,72,72
0.006,72,73
0.0,72,74
0.0,72,75
0.003,72,76
0.0,72,77
0.0,72,78
0.0,72,79
0.0,72,82
0.0,72,83
0.0,72,87
0.0,72,89
0.0,72,94
0.0,72,97
0.0,72,99
0.0,72,108
0.0,72,109
0.009,72,110
0.0,73,1
0.0,73,23
0.0,73,28
0.0,73,34
0.0,73,37
0.0,73,40
0.0,73,43
0.0,73,48
0.0056,73,58
0.0,73,59
0.0,73,60
0.0,73,61
0.0,73,63
0.0,73,64
0.0,73,65
0.0,73,66
0.0,73,69
0.0,73,70
0.0,73,71
0.0168,73,72
0.9721,73,73
0.0056,73,74
0.0,73,75
0.0,73,76
0.0,73,77
0.0,73,78
0.0,73,85
0.0,73,93
0.0,73,110
0.0,74,1
0.0,74,12
0.0,74,15
0.0,74,16
0.0,74,35
0.0,74,36
0.0,74,37
0.0,74,50
0.0,74,52
0.0,74,58
0.0,74,61
0.0,74,63
0.0,74,64
0.0,74,65
0.0,74,69
0.0,74,70
0.0,74,71
0.0088,74,72
0.0177,74,73
0.9646,74,74
0.0,74,75
0.0,74,76
0.0088,74,77
0.0,74,78
0.0,74,97
0.0,74,98
0.0,74,99
0.0,74,109
0.0,74,110
0.0,75,1
0.0,75,15
0.0,75,21
0.0,75,22
0.0,75,23
0.0,75,34
0.0,75,36
0.0,75,42
0.0,75,51
0.0,75,58
0.0,75,60
0.0,75,61
0.0,75,63
0.0,75,64
0.0,75,65
0.0,75,69
0.0,75,70
0.0,75,71
0.0,75,72
0.0,75,73
0.0,75,74
1.0,75,75
0.0,75,76
0.0,75,77
0.0,75,78
0.0,75,79
0.0,75,98
0.0,75,101
0.0,75,110
0.0,76,1
0.0,76,15
0.0,76,34
0.0,76,54
0.0,76,58
0.0,76,61
0.0,76,62
0.0,76,63
0.0,76,64
0.01,76,65
0.0,76,69
0.0,76,71
0.01,76,72
0.0,76,73
0.0,76,74
0.0,76,75
0.97,76,76
0.0,76,77
0.01,76,78
0.0,76,79
0.0,76,80
0.0,76,82
0.0,76,94
0.0,76,102
0.0,76,109
0.0,76,110
0.0,77,1
0.0,77,15
0.0,77,36
0.0,77,60
0.0,77,61
0.0,77,62
0.0,77,63
0.0,77,65
0.0,77,66
0.0,77,67
0.0,77,69
0.0,77,71
0.0,77,72
0.0,77,73
0.0182,77,74
0.0,77,75
0.0182,77,76
0.9636,77,77
0.0,77,78
0.0,77,103
0.0,77,110
0.0,78,1
0.0,78,12
0.0,78,13
0.0,78,15
0.0,78,16
0.0,78,17
0.0,78,23
0.0,78,28
0.0,78,37
0.0,78,46
0.0,78,48
0.0,78,57
0.0,78,58
0.0,78,60
0.0,78,61
0.0,78,63
0.0,78,64
0.007,78,65
0.0,78,67
0.0,78,70
0.0,78,71
0.0,78,72
0.0,78,73
0.0,78,74
0.0,78,75
0.007,78,76
0.007,78,77
0.9718,78,78
0.0,78,79
0.0,78,80
0.0,78,82
0.0,78,83
0.0,78,87
0.007,78,101
0.0,78,102
0.0,78,110
0.0,79,1
0.0,79,15
0.0,79,16
0.0,79,24
0.0,79,26
0.0,79,27
0.0,79,37
0.0,79,50
0.0,79,56
0.0,79,58
0.0,79,60
0.0,79,65
0.0,79,72
0.0,79,73
0.0,79,74
0.0,79,75
0.0294,79,78
0.9706,79,79
0.0,79,80
0.0,79,83
0.0,79,87
0.0,79,92
0.0,79,101
0.0,79,102
0.0,79,108
0.0,80,1
0.0,80,3
0.0,80,6
0.0,80,13
0.0,80,15
0.0,80,22
0.0,80,25
0.0,80,30
0.0,80,58
0.0,80,60
0.0,80,63
0.0,80,65
0.0,80,78
0.0,80,79
0.9823,80,80
0.0,80,82
0.0088,80,83
0.0,80,85
0.0,80,87
0.0,80,88
0.0,80,89
0.0,80,101
0.0088,80,102
0.0,80,110
0.0,81,10
0.0,81,37
0.0,81,58
0.9877,81,81
0.0123,81,82
0.0,81,83
0.0,81,84
0.0,81,87
0.0,81,89
0.0,82,1
0.0,82,12
0.0,82,13
0.0,82,15
0.0,82,16
0.0,82,18
0.0,82,19
0.0,82,23
0.0,82,26
0.0,82,27
0.0,82,28
0.0,82,30
0.0,82,34
0.0,82,37
0.0,82,48
0.0,82,49
0.0,82,50
0.0,82,53
0.0,82,58
0.0,82,59
0.0,82,60
0.0,82,63
0.0,82,64
0.0,82,72
0.0,82,76
0.0,82,79
0.0,82,81
0.9916,82,82
0.0,82,83
0.0042,82,84
0.0042,82,85
0.0,82,86
0.0,82,87
0.0,82,88
0.0,82,89
0.0,82,93
0.0,82,98
0.0,82,111
0.0,83,12
0.0,83,27
0.0,83,48
0.0,83,51
0.0,83,58
0.0,83,61
0.0,83,63
0.0,83,65
0.0,83,66
0.0,83,76
0.0,83,78
0.0,83,79
0.0056,83,80
0.0,83,81
0.0,83,82
0.9889,83,83
0.0,83,84
0.0,83,85
0.0,83,86
0.0,83,87
0.0,83,88
0.0,83,89
0.0,83,101
0.0056,83,102
0.0,84,15
0.0,84,78
0.0,84,81
0.0098,84,82
0.0,84,83
0.9706,84,84
0.0196,84,85
0.0,84,86
0.0,84,87
0.0,84,88
0.0,84,89
0.0,85,66
0.0,85,81
0.0,85,82
0.0,85,83
0.0492,85,84
0.9344,85,85
0.0164,85,86
0.0,85,87
0.0,85,88
0.0,85,89
0.0,86,15
0.0,86,26
0.0,86,30
0.0,86,58
0.0,86,82
0.0,86,83
0.0,86,84
0.0465,86,85
0.907,86,86
0.0465,86,87
0.0,86,88
0.0,86,89
0.0,87,1
0.0,87,3
0.0,87,4
0.0,87,10
0.0,87,12
0.0,87,15
0.0,87,16
0.0,87,20
0.0,87,23
0.0,87,24
0.0,87,26
0.0,87,27
0.0,87,28
0.0,87,29
0.0,87,37
0.0,87,50
0.0,87,54
0.0,87,58
0.0,87,60
0.0,87,61
0.0,87,62
0.0,87,63
0.0,87,70
0.0,87,71
0.0,87,72
0.0,87,73
0.0,87,78
0.0,87,79
0.0,87,80
0.0,87,81
0.0,87,82
0.0103,87,83
0.0,87,84
0.0,87,85
0.0068,87,86
0.9623,87,87
0.0103,87,88
0.0103,87,89
0.0,87,90
0.0,87,92
0.0,87,100
0.0,88,15
0.0,88,78
0.0,88,82
0.0,88,83
0.0,88,84
0.0,88,85
0.0,88,86
0.0125,88,87
0.9875,88,88
0.0,88,89
0.0,89,1
0.0,89,29
0.0,89,30
0.0,89,37
0.0,89,51
0.0,89,60
0.0,89,80
0.0,89,81
0.0,89,82
0.0,89,83
0.0,89,84
0.0,89,85
0.0,89,86
0.0286,89,87
0.0,89,88
0.9714,89,89
0.0,90,1
0.0,90,3
0.0,90,9
0.0,90,10
0.0,90,12
0.0,90,15
0.0,90,16
0.0,90,18
0.0,90,22
0.0,90,23
0.0,90,25
0.0,90,26
0.0,90,30
0.0,90,33
0.0,90,34
0.0,90,35
0.0,90,37
0.0,90,48
0.0,90,49
0.0,90,50
0.0,90,53
0.0,90,56
0.0,90,58
0.0,90,65
0.993,90,90
0.007,90,91
0.0,90,92
0.0,90,95
0.0,90,97
0.0,90,111
0.0,91,53
0.0,91,58
0.0,91,60
0.0,91,81
0.0196,91,90
0.9412,91,91
0.0,91,92
0.0392,91,95
0.0,91,111
0.0,92,1
0.0,92,4
0.0,92,9
0.0,92,10
0.0,92,12
0.0,92,15
0.0,92,16
0.0,92,17
0.0,92,23
0.0,92,26
0.0,92,27
0.0,92,37
0.0,92,42
0.0,92,44
0.0,92,47
0.0,92,49
0.0,92,55
0.0,92,58
0.0,92,60
0.0,92,63
0.0,92,72
0.0,92,75
0.0,92,89
0.0,92,90
0.0,92,91
0.9776,92,92
0.0075,92,95
0.0149,92,111
0.0,93,1
0.0,93,2
0.0,93,5
0.0,93,6
0.0,93,10
0.0,93,12
0.0,93,13
0.0,93,15
0.0,93,16
0.0,93,17
0.0,93,19
0.0,93,20
0.0,93,21
0.0,93,22
0.0,93,23
0.0,93,24
0.0,93,25
0.0128,93,26
0.0214,93,27
0.0,93,28
0.0,93,29
0.0171,93,30
0.0,93,31
0.0,93,32
0.0,93,33
0.0,93,34
0.0,93,35
0.0,93,36
0.0,93,37
0.0,93,38
0.0,93,39
0.0,93,40
0.0,93,48
0.0,93,49
0.0,93,58
0.0,93,65
0.0,93,78
0.0,93,90
0.9487,93,93
0.0,93,99
0.0,93,100
0.0,93,108
0.0,93,109
0.0,94,17
0.0,94,28
0.0,94,36
0.0,94,39
0.0,94,42
0.0,94,55
0.0,94,57
0.0,94,58
0.0,94,59
0.0,94,60
0.0,94,61
0.0,94,62
0.0,94,63
0.0,94,64
0.0,94,65
0.0,94,66
0.0,94,67
0.0,94,68
0.0,94,69
0.0833,94,70
0.0,94,71
0.0,94,72
0.0,94,78
0.9167,94,94
0.0,94,96
0.0,94,99
0.0,95,48
0.0,95,50
0.0,95,60
0.0,95,90
0.0526,95,91
0.0,95,92
0.9474,95,95
0.0,95,111
0.0066,96,1
0.0066,96,2
0.0,96,3
0.0,96,4
0.0,96,5
0.0,96,6
0.0,96,7
0.0,96,8
0.0,96,9
0.0,96,10
0.0066,96,12
0.0,96,13
0.0,96,14
0.0,96,15
0.0,96,16
0.0,96,17
0.0,96,18
0.0,96,20
0.0,96,21
0.0,96,22
0.0,96,23
0.0,96,24
0.0,96,27
0.0,96,28
0.0,96,29
0.0,96,33
0.0,96,34
0.0,96,35
0.0,96,36
0.0,96,37
0.0,96,38
0.0,96,40
0.0,96,45
0.0,96,60
0.0,96,72
0.9801,96,96
0.0,96,97
0.0,96,98
0.0,96,99
0.0,96,100
0.0,96,103
0.0,96,108
0.0,97,1
0.0,97,2
0.0,97,3
0.0,97,4
0.0,97,5
0.0,97,6
0.0,97,7
0.0,97,8
0.0,97,9
0.0,97,10
0.0,97,11
0.0,97,12
0.0278,97,13
0.0062,97,14
0.0,97,15
0.0154,97,16
0.0,97,17
0.0,97,18
0.0,97,19
0.0,97,20
0.0,97,21
0.0,97,22
0.0,97,23
0.0,97,24
0.0,97,26
0.0,97,27
0.0,97,28
0.0,97,29
0.0,97,30
0.0,97,33
0.0,97,34
0.0,97,35
0.0,97,36
0.0,97,37
0.0,97,39
0.0,97,40
0.0,97,41
0.0,97,45
0.0,97,46
0.0,97,48
0.0,97,49
0.0,97,52
0.0,97,56
0.0,97,58
0.0,97,60
0.0,97,63
0.0,97,72
0.0,97,90
0.0,97,96
0.9259,97,97
0.0,97,98
0.0,97,99
0.0,97,103
0.0247,97,108
0.0,98,1
0.0,98,2
0.0,98,3
0.0,98,4
0.0,98,5
0.0,98,6
0.0,98,7
0.0,98,9
0.0,98,10
0.0,98,11
0.0,98,12
0.0,98,13
0.0,98,14
0.0368,98,15
0.0,98,16
0.0061,98,17
0.0061,98,18
0.0184,98,19
0.0,98,20
0.0,98,21
0.0,98,22
0.0,98,23
0.0,98,24
0.0,98,26
0.0,98,27
0.0,98,28
0.0,98,32
0.0061,98,33
0.0,98,34
0.0,98,35
0.0,98,36
0.0,98,37
0.0,98,39
0.0,98,40
0.0,98,41
0.0,98,42
0.0,98,45
0.0,98,46
0.0,98,48
0.0,98,49
0.0,98,50
0.0,98,51
0.0,98,53
0.0,98,54
0.0,98,56
0.0,98,58
0.0,98,60
0.0,98,63
0.0,98,65
0.0,98,67
0.0,98,68
0.0,98,71
0.0,98,96
0.0,98,97
0.9202,98,98
0.0,98,99
0.0,98,103
0.0061,98,108
0.0,99,1
0.0,99,2
0.0,99,4
0.0,99,5
0.0,99,6
0.0,99,12
0.0,99,13
0.0,99,14
0.0,99,15
0.0,99,16
0.0,99,17
0.0,99,18
0.0,99,19
0.0,99,20
0.0,99,21
0.0,99,22
0.0,99,23
0.0,99,24
0.0,99,25
0.0,99,26
0.0,99,27
0.0,99,28
0.0,99,29
0.0,99,30
0.0,99,33
0.0,99,34
0.0,99,35
0.0,99,36
0.0049,99,37
0.0,99,38
0.0,99,39
0.0194,99,40
0.0194,99,41
0.0,99,42
0.0,99,43
0.0,99,44
0.0,99,46
0.0,99,47
0.0,99,48
0.0,99,51
0.0,99,54
0.0,99,55
0.0,99,58
0.0,99,60
0.0,99,61
0.0,99,63
0.0,99,64
0.0,99,66
0.0,99,67
0.0,99,68
0.0,99,69
0.0,99,70
0.0,99,71
0.0,99,72
0.0,99,73
0.0,99,75
0.0,99,93
0.0,99,97
0.0,99,98
0.9563,99,99
0.0,99,100
0.0,99,108
0.0,99,109
0.0,99,110
0.0,100,1
0.0,100,3
0.0,100,10
0.0,100,11
0.0,100,15
0.0,100,16
0.0,100,17
0.0,100,18
0.0,100,22
0.0,100,23
0.0,100,24
0.0,100,26
0.0,100,27
0.0,100,30
0.0,100,34
0.0,100,35
0.0,100,36
0.0,100,37
0.0,100,38
0.0,100,39
0.0,100,40
0.0,100,41
0.0,100,45
0.0,100,46
0.0667,100,47
0.0286,100,48
0.0,100,49
0.0,100,50
0.0,100,51
0.0,100,52
0.0,100,53
0.0,100,54
0.0,100,57
0.0,100,58
0.0,100,63
0.0,100,88
0.0,100,96
0.0,100,99
0.9048,100,100
0.0,101,12
0.0,101,16
0.0,101,37
0.0,101,54
0.0,101,63
0.0,101,66
0.0256,101,78
0.0,101,79
0.0,101,80
0.0,101,83
0.0,101,87
0.9744,101,101
0.0,101,102
0.0,102,12
0.0,102,58
0.0,102,65
0.0,102,72
0.0,102,76
0.0,102,78
0.0,102,79
0.0588,102,80
0.0,102,83
0.0,102,101
0.9412,102,102
0.0,103,1
0.0,103,2
0.0102,103,3
0.0,103,4
0.0,103,5
0.0,103,6
0.0,103,7
0.0,103,9
0.0,103,10
0.0153,103,12
0.0,103,13
0.0,103,14
0.0,103,15
0.0,103,16
0.0,103,17
0.0,103,18
0.0,103,19
0.0,103,20
0.0,103,23
0.0,103,24
0.0,103,27
0.0,103,28
0.0,103,33
0.0,103,34
0.0,103,36
0.0,103,37
0.0,103,45
0.0,103,49
0.0,103,77
0.0,103,96
0.0,103,97
0.0,103,98
0.9745,103,103
0.0,103,108
0.0,108,1
0.0,108,2
0.0,108,3
0.0,108,4
0.0,108,6
0.0,108,7
0.0,108,8
0.0,108,9
0.0,108,10
0.0,108,11
0.0,108,12
0.0141,108,13
0.0,108,14
0.0314,108,15
0.0016,108,16
0.0,108,17
0.0,108,18
0.0,108,19
0.0,108,20
0.0,108,21
0.0,108,22
0.0,108,23
0.0,108,24
0.0,108,25
0.0,108,26
0.0,108,27
0.0,108,28
0.0,108,29
0.0,108,31
0.0,108,32
0.0,108,33
0.0,108,34
0.0,108,35
0.0,108,36
0.0,108,37
0.0,108,38
0.0,108,39
0.0,108,40
0.0,108,41
0.0,108,42
0.0,108,45
0.0,108,46
0.0,108,47
0.0,108,48
0.0,108,49
0.0,108,50
0.0,108,51
0.0,108,52
0.0,108,53
0.0,108,58
0.0,108,60
0.0,108,61
0.0,108,65
0.0,108,67
0.0,108,68
0.0,108,71
0.0,108,78
0.0,108,96
0.0078,108,97
0.0,108,98
0.0,108,99
0.0,108,101
0.0,108,103
0.9451,108,108
0.0,109,1
0.0,109,3
0.0,109,15
0.0,109,16
0.0,109,17
0.0,109,22
0.0,109,23
0.0,109,24
0.0,109,26
0.0,109,28
0.0,109,33
0.0,109,34
0.0,109,35
0.0,109,36
0.0,109,37
0.0,109,38
0.0,109,39
0.0,109,40
0.0,109,41
0.0,109,42
0.0667,109,43
0.0,109,44
0.0,109,48
0.0,109,52
0.0,109,54
0.0,109,56
0.0,109,57
0.0,109,58
0.0,109,66
0.0,109,67
0.0,109,68
0.0,109,69
0.0,109,70
0.0,109,71
0.0,109,72
0.0,109,73
0.0,109,76
0.0,109,99
0.9333,109,109
0.0,109,110
0.0,110,2
0.0,110,6
0.0,110,18
0.0,110,28
0.0,110,30
0.0,110,37
0.0,110,38
0.0,110,40
0.0,110,42
0.0,110,48
0.0,110,58
0.0,110,60
0.0,110,61
0.0,110,62
0.0,110,63
0.0097,110,64
0.0,110,66
0.0,110,67
0.0,110,68
0.0,110,69
0.0,110,70
0.0291,110,71
0.0291,110,72
0.0,110,73
0.0,110,74
0.0,110,75
0.0,110,76
0.0,110,77
0.0,110,78
0.0,110,80
0.0,110,99
0.932,110,110
0.0,111,15
0.0,111,16
0.0,111,61
0.0,111,63
0.0,111,65
0.0,111,82
0.0,111,90
0.0,111,91
0.019,111,92
0.0,111,95
0.981,111,111
