"source","target","weight"
1,0,142
1,1,1110142
1,2,3123
1,3,880
1,4,8216
1,5,3599
1,6,952
1,7,1939
1,8,33
1,9,87
1,10,164
1,11,8
1,12,222
1,13,147
1,14,33
1,15,3132
1,16,100
1,17,39
1,18,112
1,19,26
1,20,3
1,21,1
1,22,26
1,23,20
1,24,24
1,26,73
1,27,2
1,28,14
1,29,5
1,33,56
1,34,13
1,35,7
1,36,20
1,37,20
1,38,13
1,40,4
1,45,1
1,46,2
1,47,1
1,48,5
1,49,2
1,50,2
1,58,15
1,96,1094
1,97,32
1,98,34
1,100,2
1,103,58
1,108,145
2,0,13
2,1,4634
2,2,68363
2,3,4798
2,4,41
2,5,110
2,6,1758
2,7,46
2,9,3
2,10,16
2,11,1
2,12,128
2,13,27
2,14,2
2,15,1298
2,16,23
2,17,10
2,18,335
2,19,1
2,21,2
2,22,2
2,23,24
2,24,25
2,26,4
2,27,19
2,28,5
2,29,1
2,33,5
2,34,1
2,35,1
2,36,12
2,37,2
2,40,1
2,48,1
2,49,3
2,50,1
2,96,3342
2,97,3
2,98,10
2,103,56
2,108,48
3,0,94
3,1,769
3,2,4326
3,3,160457
3,4,15
3,5,176
3,6,263
3,7,9
3,8,7
3,9,9
3,10,20
3,11,7
3,12,5955
3,13,174
3,14,1
3,15,12634
3,16,95
3,17,28
3,18,1313
3,19,9
3,20,6
3,21,3
3,22,13
3,23,19
3,24,41
3,25,1
3,26,3
3,27,10
3,28,16
3,29,4
3,33,14
3,34,21
3,35,2
3,36,159
3,37,3
3,39,2
3,40,2
3,46,1
3,48,2
3,50,5
3,52,2
3,58,3
3,96,522
3,97,30
3,98,32
3,99,6
3,100,3
3,103,2227
3,108,280
4,0,29
4,1,12970
4,2,18
4,3,28
4,4,290247
4,5,1944
4,6,219
4,7,10
4,8,116
4,9,840
4,10,123
4,11,4
4,12,6
4,13,12
4,14,6
4,15,128
4,16,4
4,17,2
4,18,14
4,19,17
4,20,3
4,22,4
4,23,4
4,24,2
4,28,1
4,33,6
4,34,4
4,36,3
4,37,2
4,40,1
4,46,8
4,50,2
4,52,9
4,96,14
4,97,1
4,98,5
4,103,3
4,108,8
5,0,7
5,1,9112
5,2,124
5,3,44
5,4,4619
5,5,88296
5,6,3733
5,7,14
5,8,7
5,9,54
5,10,112
5,12,24
5,13,5
5,14,1
5,15,272
5,16,10
5,17,6
5,18,57
5,19,4
5,21,1
5,22,3
5,23,2
5,24,4
5,27,3
5,28,1
5,29,1
5,33,8
5,34,2
5,36,1
5,37,8
5,38,1
5,46,4
5,47,1
5,51,1
5,52,1
5,96,17
5,97,3
5,98,3
5,100,1
5,103,5
5,108,6
6,0,13
6,1,2032
6,2,1338
6,3,334
6,4,225
6,5,2677
6,6,182259
6,7,10
6,8,13
6,9,430
6,10,5048
6,11,15
6,12,70
6,13,27
6,14,3
6,15,2288
6,16,28
6,17,35
6,18,3920
6,19,21
6,20,12
6,21,4
6,23,5
6,24,13
6,25,5
6,26,1
6,27,4
6,28,12
6,29,1
6,33,69
6,34,15
6,35,9
6,36,5
6,37,12
6,38,9
6,40,1
6,41,1
6,45,4
6,46,2
6,47,2
6,48,3
6,49,1
6,50,2
6,51,3
6,58,1
6,93,1
6,96,56
6,97,7
6,98,26
6,99,5
6,103,7
6,108,63
7,0,21
7,1,1024
7,2,16
7,3,11
7,4,5
7,5,5
7,6,43
7,7,65541
7,8,1
7,10,3
7,11,1
7,12,7
7,15,60
7,16,1
7,18,5
7,22,2
7,23,1
7,29,1
7,37,6
7,50,2
7,96,43
7,108,5
8,0,4059
8,1,48
8,3,4
8,4,83
8,5,2
8,6,10
8,8,89585
8,9,1370
8,10,326
8,11,3
8,12,3
8,15,18
8,16,6
8,17,2
8,18,4
8,19,1
8,20,1
8,34,1
8,35,1
8,36,1
8,46,1
8,48,3
8,49,1
8,50,4
8,52,1
8,96,1
8,108,2
9,0,15
9,1,198
9,2,5
9,3,16
9,4,824
9,5,38
9,6,278
9,8,1338
9,9,118714
9,10,5755
9,11,17
9,12,8
9,13,3
9,14,15
9,15,142
9,16,8
9,17,1
9,18,36
9,19,1
9,22,9
9,23,12
9,24,1
9,28,1
9,33,3
9,34,3
9,35,5
9,36,4
9,37,4
9,38,1
9,45,2
9,46,2
9,48,5
9,51,1
9,52,16
9,96,9
9,97,2
9,100,1
9,103,1
9,108,6
10,0,18
10,1,234
10,2,29
10,3,24
10,4,227
10,5,62
10,6,2554
10,7,3
10,8,128
10,9,3029
10,10,402447
10,11,763
10,12,25
10,13,22
10,14,2
10,15,1039
10,16,29
10,17,14
10,18,191
10,19,5
10,20,3
10,21,3
10,22,5
10,23,6
10,24,7
10,27,3
10,28,41
10,29,1
10,33,56
10,34,50
10,35,41
10,36,5
10,37,7
10,38,26
10,39,2
10,40,1
10,45,62
10,46,31
10,47,5
10,48,15
10,49,17
10,50,46
10,51,1
10,52,6
10,53,5
10,58,18
10,96,15
10,97,6
10,98,12
10,99,1
10,100,4
10,103,1
10,108,41
11,0,10
11,1,11
11,2,4
11,3,1
11,4,10
11,6,6
11,8,3
11,9,19
11,10,1879
11,11,92206
11,12,1
11,13,1
11,14,5
11,15,45
11,16,2
11,17,5
11,18,7
11,19,4
11,22,2
11,24,2
11,25,3
11,27,1
11,28,3
11,33,8
11,34,160
11,35,28
11,36,8
11,37,5
11,39,1
11,40,1
11,41,10
11,42,1
11,43,6
11,45,4937
11,46,584
11,47,17
11,48,110
11,49,104
11,50,1171
11,51,1
11,52,10
11,54,6
11,55,3
11,57,5
11,58,2
11,96,3
11,97,1
11,100,16
11,103,2
11,108,4
12,0,21788
12,1,141
12,2,90
12,3,2853
12,4,17
12,5,11
12,6,48
12,7,16
12,8,9
12,9,6
12,10,27
12,11,163
12,12,376010
12,13,8192
12,14,10
12,15,54431
12,16,350
12,17,90
12,18,209
12,19,35
12,20,12
12,21,9
12,22,11
12,23,55
12,24,142
12,25,5
12,26,4
12,27,5
12,28,11
12,29,3
12,33,26
12,34,24
12,35,10
12,36,21
12,37,14
12,40,1
12,46,4
12,48,8
12,50,3
12,51,1
12,52,2
12,93,1
12,96,77
12,97,183
12,98,76
12,99,7
12,100,1
12,103,881
12,108,2703
13,0,20533
13,1,80
13,2,27
13,3,217
13,4,252
13,5,3
13,6,17
13,7,4
13,8,2
13,9,98
13,10,18
13,11,8
13,12,12673
13,13,243047
13,14,1001
13,15,23082
13,16,363
13,17,95
13,18,85
13,19,45
13,20,3
13,21,3
13,22,9
13,23,21
13,24,122
13,25,1
13,26,8
13,27,9
13,28,27
13,29,22
13,30,1
13,31,4
13,33,26
13,34,23
13,35,12
13,36,11
13,37,14
13,38,2
13,39,2
13,40,5
13,45,12
13,46,8
13,48,4
13,50,2
13,96,24
13,97,6364
13,98,312
13,99,3
13,103,36
13,108,13311
14,0,2626
14,1,4
14,3,1
14,4,2
14,6,3
14,8,1
14,9,19
14,10,7
14,11,3
14,12,22
14,13,676
14,14,84297
14,15,580
14,16,43
14,17,90
14,18,15
14,19,4
14,20,5
14,21,5
14,22,4
14,23,1
14,24,4
14,28,3
14,29,1
14,33,7
14,35,1
14,36,2
14,37,6
14,40,1
14,46,1
14,96,2
14,97,1942
14,98,5
14,108,93
15,0,707
15,1,976
15,2,318
15,3,3969
15,4,59
15,5,67
15,6,411
15,7,16
15,8,24
15,9,36
15,10,257
15,11,23
15,12,31146
15,13,4661
15,14,64
15,15,1535507
15,16,9918
15,17,1222
15,18,9879
15,19,1817
15,20,87
15,21,27
15,22,45
15,23,213
15,24,1232
15,25,8
15,26,38
15,27,43
15,28,51
15,29,8
15,30,11
15,32,1
15,33,695
15,34,332
15,35,104
15,36,178
15,37,123
15,38,13
15,39,9
15,40,9
15,41,15
15,45,30
15,46,7
15,47,8
15,48,89
15,49,23
15,50,45
15,51,6
15,52,167
15,58,51
15,83,6
15,93,8
15,96,538
15,97,1896
15,98,6811
15,99,29
15,100,6
15,103,198
15,108,42371
16,0,68
16,1,101
16,2,13
16,3,68
16,4,44
16,5,22
16,6,71
16,8,2
16,9,9
16,10,35
16,11,5
16,12,455
16,13,485
16,14,49
16,15,30724
16,16,536603
16,17,13998
16,18,290
16,19,2474
16,20,87
16,21,75
16,22,38
16,23,221
16,24,75
16,25,24
16,26,11
16,27,17
16,28,40
16,29,9
16,30,8
16,33,86
16,34,87
16,35,31
16,36,31
16,37,68
16,38,15
16,39,4
16,40,7
16,41,4
16,45,12
16,46,11
16,47,1
16,48,16
16,49,2
16,50,6
16,52,6
16,58,4
16,93,3
16,96,70
16,97,4652
16,98,386
16,99,2
16,100,1
16,103,13
16,108,6269
17,0,49
17,1,49
17,2,11
17,3,32
17,4,7
17,5,13
17,6,12
17,7,1
17,8,1
17,9,4
17,10,24
17,11,5
17,12,216
17,13,167
17,14,209
17,15,7750
17,16,12517
17,17,625865
17,18,184
17,19,4375
17,20,5769
17,21,44
17,22,898
17,23,2870
17,24,123
17,25,2
17,26,23
17,27,71
17,28,190
17,29,9
17,30,8
17,31,1
17,32,4
17,33,287
17,34,412
17,35,53
17,36,42
17,37,54
17,38,22
17,39,3
17,40,10
17,41,3
17,42,2
17,46,2
17,47,2
17,48,15
17,49,1
17,50,6
17,51,2
17,52,1
17,54,1
17,58,6
17,93,3
17,96,9
17,97,97
17,98,208
17,99,3
17,100,1
17,103,5
17,108,502
18,0,31
18,1,190
18,2,923
18,3,2058
18,4,29
18,5,52
18,6,3894
18,7,4
18,8,4
18,9,42
18,10,210
18,11,18
18,12,354
18,13,149
18,14,11
18,15,44424
18,16,213
18,17,116
18,18,214909
18,19,160
18,20,65
18,21,6
18,22,26
18,23,34
18,24,101
18,25,5
18,26,25
18,27,1
18,28,82
18,29,3
18,30,3
18,33,1941
18,34,142
18,35,33
18,36,22
18,37,17
18,38,9
18,39,2
18,40,5
18,41,173
18,45,7
18,46,2
18,47,15
18,48,8
18,49,6
18,50,65
18,51,2
18,52,24
18,57,1
18,93,6
18,96,49
18,97,38
18,98,2618
18,99,96
18,103,14
18,108,560
19,0,10
19,1,21
19,2,5
19,3,14
19,4,31
19,5,30
19,6,19
19,7,1
19,8,5
19,9,2
19,10,7
19,11,6
19,12,62
19,13,47
19,14,2
19,15,13456
19,16,4361
19,17,4268
19,18,323
19,19,151701
19,20,3010
19,21,5
19,22,13
19,23,112
19,24,44
19,25,1
19,26,29
19,27,65
19,28,109
19,29,2
19,30,8
19,33,1668
19,34,2228
19,35,202
19,36,66
19,37,46
19,38,8
19,39,2
19,40,5
19,41,2
19,42,1
19,45,1
19,46,3
19,47,3
19,48,1
19,49,16
19,50,2
19,51,2
19,52,4
19,53,43
19,54,4
19,58,2
19,61,3
19,93,3
19,96,4
19,97,45
19,98,3935
19,99,3
19,100,2
19,103,1
19,108,414
20,0,4
20,1,31
20,2,1
20,3,6
20,4,40
20,5,21
20,6,9
20,8,12
20,9,3
20,10,1
20,11,5
20,12,16
20,13,9
20,14,1
20,15,398
20,16,84
20,17,6430
20,18,24
20,19,2770
20,20,184268
20,21,20
20,22,125
20,23,6583
20,24,64
20,25,1
20,26,25
20,27,46
20,28,103
20,29,577
20,30,7
20,31,1
20,32,2
20,33,71
20,34,1347
20,35,4443
20,36,3368
20,37,398
20,38,531
20,39,20
20,40,8
20,41,1
20,42,9
20,43,2
20,45,11
20,46,2
20,47,1
20,48,17
20,49,1
20,51,3
20,52,1
20,53,27
20,54,3
20,93,9
20,96,2
20,97,4
20,98,77
20,99,8
20,100,2
20,108,39
20,109,2
21,0,1054
21,3,1
21,12,1
21,15,56
21,16,3
21,17,7
21,18,3
21,20,7
21,21,284175
21,22,1797
21,23,100
21,24,11
21,25,42
21,26,7
21,27,7
21,28,39
21,29,2
21,30,6
21,31,1
21,32,2
21,33,1
21,34,4
21,36,5
21,37,37
21,38,3
21,39,1
21,40,8
21,47,1
21,48,8
21,93,4
21,97,1
21,108,1
22,0,14
22,1,72
22,2,3
22,3,3
22,4,6
22,5,7
22,6,4
22,7,2
22,9,2
22,10,2
22,11,3
22,12,8
22,13,9
22,14,5
22,15,66
22,16,18
22,17,719
22,19,23
22,20,41
22,21,2805
22,22,288590
22,23,1192
22,24,222
22,25,506
22,26,102
22,27,47
22,28,81
22,29,12
22,30,7
22,31,2
22,32,3
22,33,4
22,34,8
22,35,7
22,36,23
22,37,24
22,38,13
22,39,1
22,40,5
22,41,1
22,45,3
22,46,3
22,48,5
22,50,1
22,93,7
22,96,3
22,97,5
22,98,2
22,99,3
22,103,1
22,108,7
23,0,37
23,1,134
23,2,1
23,3,10
23,4,7
23,5,17
23,6,8
23,7,3
23,8,1
23,9,4
23,10,6
23,11,5
23,12,200
23,13,175
23,14,11
23,15,641
23,16,131
23,17,1745
23,18,15
23,19,69
23,20,3753
23,21,179
23,22,1700
23,23,471242
23,24,7305
23,25,10
23,26,180
23,27,551
23,28,2540
23,29,751
23,30,22
23,31,21
23,33,28
23,34,158
23,35,78
23,36,173
23,37,231
23,38,159
23,39,11
23,40,6
23,41,4
23,42,1
23,43,1
23,46,1
23,47,22
23,48,27
23,50,4
23,51,15
23,53,1
23,54,2
23,58,5
23,93,23
23,96,25
23,97,6
23,98,8
23,99,9
23,103,44
23,108,46
24,0,31
24,1,33
24,2,8
24,3,3
24,4,3
24,6,1
24,7,1
24,9,1
24,10,1
24,11,1
24,12,8
24,13,4
24,14,4
24,15,93
24,16,25
24,17,112
24,18,44
24,19,9
24,20,57
24,21,25
24,22,485
24,23,5215
24,24,447431
24,25,284
24,26,3654
24,27,1869
24,28,13979
24,29,142
24,30,35
24,31,1
24,32,8
24,33,16
24,34,12
24,35,30
24,36,29
24,37,68
24,38,74
24,39,7
24,40,6
24,41,7
24,42,1
24,45,1
24,46,6
24,47,5
24,48,31
24,50,27
24,51,3
24,52,32
24,53,1
24,93,26
24,96,95
24,97,3
24,98,2
24,100,5
24,103,6
24,108,14
25,0,4
25,12,1
25,15,9
25,16,1
25,17,9
25,20,3
25,21,276
25,22,524
25,23,11
25,24,157
25,25,101031
25,26,1949
25,27,249
25,28,198
25,29,2
25,30,73
25,31,2
25,32,24
25,34,1
25,35,1
25,37,8
25,38,12
25,39,1
25,40,1
25,51,2
25,93,72
25,96,5
25,99,1
26,0,23
26,1,7
26,2,3
26,3,4
26,6,6
26,12,5
26,13,3
26,14,33
26,15,55
26,16,9
26,17,186
26,18,37
26,19,1
26,20,8
26,21,32
26,22,115
26,23,185
26,24,7382
26,25,1989
26,26,425694
26,27,23525
26,28,9752
26,29,111
26,30,690
26,31,50
26,32,116
26,33,18
26,34,15
26,35,4
26,36,7
26,37,98
26,38,38
26,39,3
26,40,4
26,41,10
26,42,1
26,43,2
26,46,3
26,48,5
26,50,2
26,52,4
26,58,3
26,93,5692
26,96,18
26,97,1
26,98,2
26,99,1
26,100,2
26,103,1
26,108,6
27,0,13
27,1,2
27,2,15
27,3,5
27,4,3
27,5,5
27,6,2
27,10,22
27,11,3
27,12,14
27,13,21
27,14,3
27,15,115
27,16,15
27,17,80
27,18,2
27,19,4
27,20,13
27,21,25
27,22,44
27,23,428
27,24,1524
27,25,92
27,26,19311
27,27,376296
27,28,28058
27,29,2095
27,30,2112
27,31,151
27,32,474
27,33,34
27,34,14
27,35,15
27,36,23
27,37,180
27,38,247
27,39,28
27,40,16
27,41,16
27,42,4
27,45,1
27,46,1
27,47,1
27,48,12
27,49,1
27,50,9
27,52,4
27,55,3
27,57,4
27,58,5
27,67,1
27,93,4166
27,96,16
27,97,4
27,98,3
27,99,4
27,100,3
27,103,11
27,108,2
28,0,23
28,1,9
28,3,1
28,5,2
28,6,9
28,10,4
28,12,16
28,13,3
28,14,2
28,15,124
28,16,31
28,17,83
28,18,7
28,19,10
28,20,55
28,21,34
28,22,74
28,23,2971
28,24,15090
28,25,110
28,26,9076
28,27,19191
28,28,446846
28,29,5435
28,30,67
28,31,17
28,32,28
28,33,236
28,34,20
28,35,20
28,36,39
28,37,434
28,38,1030
28,39,39
28,40,18
28,41,30
28,42,1
28,43,2
28,45,2
28,47,4
28,48,5
28,50,6
28,52,3
28,53,1
28,54,3
28,58,9
28,93,77
28,96,13
28,97,1
28,99,2
28,100,7
28,103,1
28,108,5
29,0,4
29,1,16
29,3,3
29,4,1
29,5,1
29,6,1
29,7,2
29,10,1
29,12,4
29,13,4
29,14,5
29,15,16
29,16,7
29,17,21
29,18,1
29,19,5
29,20,986
29,21,15
29,22,24
29,23,1727
29,24,231
29,25,6
29,26,91
29,27,2305
29,28,5218
29,29,99726
29,30,17
29,31,1
29,32,1
29,33,17
29,34,16
29,35,36
29,36,307
29,37,1123
29,38,7242
29,39,178
29,40,34
29,41,6
29,42,1
29,43,4
29,45,4
29,47,9
29,48,24
29,50,18
29,54,4
29,55,1
29,57,2
29,67,1
29,69,1
29,93,7
29,96,1
29,97,2
29,98,3
29,99,12
29,100,8
29,103,1
29,108,3
30,0,157
30,15,15
30,16,20
30,17,5
30,19,3
30,20,2
30,21,8
30,22,26
30,23,26
30,24,43
30,25,98
30,26,379
30,27,2351
30,28,169
30,29,8
30,30,254458
30,31,6681
30,32,2281
30,33,1
30,34,4
30,35,3
30,36,3
30,37,9
30,38,3
30,39,1
30,40,6
30,47,2
30,48,2
30,50,1
30,52,1
30,93,4121
30,98,2
30,99,2
30,100,3
30,108,1
31,0,216
31,14,1
31,15,4
31,16,1
31,17,1
31,22,3
31,23,6
31,24,18
31,25,4
31,26,49
31,27,138
31,28,23
31,29,10
31,30,6213
31,31,56180
31,32,5345
31,34,2
31,36,3
31,37,5
31,38,1
31,40,3
31,48,1
31,93,121
31,97,1
31,98,2
31,100,5
32,0,350
32,15,11
32,17,3
32,22,2
32,23,4
32,24,3
32,25,3
32,26,25
32,27,131
32,28,22
32,29,4
32,30,878
32,31,2414
32,32,111005
32,33,1
32,34,1
32,35,2
32,37,3
32,38,3
32,40,1
32,48,1
32,58,4
32,93,95
32,100,1
33,0,8
33,1,34
33,2,10
33,3,12
33,4,11
33,5,10
33,6,69
33,7,2
33,8,10
33,9,1
33,10,43
33,11,5
33,12,32
33,13,21
33,14,1
33,15,3781
33,16,62
33,17,192
33,18,1394
33,19,2415
33,20,53
33,21,3
33,22,5
33,23,25
33,24,20
33,25,5
33,26,7
33,27,1
33,28,514
33,29,1
33,30,1
33,33,129125
33,34,4188
33,35,157
33,36,103
33,37,143
33,38,5
33,39,9
33,40,13
33,41,30
33,42,1
33,43,1
33,45,5
33,46,3
33,47,9
33,48,3
33,49,2
33,50,6
33,51,2
33,52,5
33,54,20
33,93,3
33,96,4
33,97,9
33,98,2086
33,99,6
33,100,4
33,108,83
34,0,11
34,1,21
34,3,14
34,4,9
34,5,5
34,6,11
34,8,60
34,9,5
34,10,50
34,11,45
34,12,21
34,13,9
34,15,768
34,16,33
34,17,94
34,18,30
34,19,664
34,20,384
34,21,4
34,22,9
34,23,58
34,24,12
34,26,5
34,27,4
34,28,89
34,29,7
34,30,5
34,32,1
34,33,1759
34,34,220652
34,35,5109
34,36,622
34,37,661
34,38,12
34,39,16
34,40,40
34,41,3
34,42,3
34,45,72
34,46,8
34,47,9
34,48,20
34,49,2
34,50,11
34,51,9
34,52,2
34,53,9
34,54,16
34,55,4
34,58,8
34,93,49
34,96,3
34,97,4
34,98,67
34,99,13
34,100,6
34,108,29
34,109,1
35,0,13
35,1,119
35,3,54
35,4,7
35,5,4
35,6,22
35,7,14
35,8,9
35,9,2
35,10,12
35,11,13
35,12,3
35,13,10
35,15,255
35,16,15
35,17,37
35,18,15
35,19,151
35,20,3159
35,21,8
35,22,22
35,23,149
35,24,14
35,26,6
35,27,12
35,28,24
35,29,94
35,30,4
35,31,1
35,32,1
35,33,132
35,34,8991
35,35,251043
35,36,19870
35,37,1800
35,38,85
35,39,26
35,40,38
35,41,7
35,42,5
35,43,70
35,45,30
35,46,1
35,47,2
35,48,19
35,49,3
35,50,2
35,51,11
35,53,1
35,54,43
35,55,14
35,56,1
35,57,4
35,58,5
35,93,8
35,96,4
35,97,3
35,98,29
35,99,34
35,100,6
35,103,13
35,108,12
35,109,2
36,0,10
36,1,25
36,3,164
36,4,4
36,5,3
36,7,13
36,8,2
36,9,1
36,11,5
36,12,3
36,13,40
36,14,3
36,15,245
36,16,14
36,17,36
36,18,4
36,19,15
36,20,1245
36,21,4
36,22,16
36,23,285
36,24,26
36,25,3
36,26,6
36,27,11
36,28,50
36,29,99
36,30,5
36,31,3
36,32,2
36,33,83
36,34,987
36,35,11503
36,36,344049
36,37,13028
36,38,1188
36,39,89
36,40,109
36,41,5
36,42,1
36,43,131
36,44,1
36,45,77
36,46,14
36,47,93
36,48,68
36,49,1
36,50,9
36,51,5
36,52,2
36,54,21
36,56,1
36,57,8
36,58,3
36,67,1
36,93,1
36,96,20
36,97,2
36,98,324
36,99,50
36,100,6
36,103,55
36,108,9
36,109,3
37,0,40
37,1,26
37,2,3
37,3,33
37,4,11
37,5,63
37,6,10
37,7,5
37,9,4
37,10,10
37,11,4
37,12,74
37,13,54
37,14,96
37,15,266
37,16,49
37,17,218
37,18,10
37,19,19
37,20,150
37,21,53
37,22,43
37,23,302
37,24,46
37,25,4
37,26,26
37,27,63
37,28,206
37,29,216
37,30,43
37,31,43
37,32,3
37,33,61
37,34,367
37,35,759
37,36,6871
37,37,499215
37,38,5974
37,39,3917
37,40,1590
37,41,45
37,42,17
37,43,7
37,44,8
37,45,32
37,46,17
37,47,194
37,48,609
37,49,1
37,50,24
37,51,15
37,52,11
37,53,2
37,54,19
37,56,19
37,57,1
37,58,34
37,63,1
37,67,13
37,68,16
37,69,1
37,93,5
37,96,36
37,97,8
37,98,17
37,99,358
37,100,159
37,103,10
37,108,7
37,109,4
38,0,6
38,1,26
38,2,3
38,3,4
38,5,14
38,6,2
38,9,2
38,10,16
38,12,11
38,13,7
38,14,11
38,15,42
38,16,9
38,17,71
38,18,3
38,19,6
38,20,226
38,21,41
38,22,38
38,23,115
38,24,56
38,25,8
38,26,27
38,27,196
38,28,388
38,29,2645
38,30,17
38,31,5
38,32,5
38,33,27
38,34,38
38,35,120
38,36,2718
38,37,16840
38,38,147284
38,39,2587
38,40,206
38,41,7
38,42,4
38,43,4
38,44,2
38,45,4
38,46,1
38,47,3
38,48,88
38,50,1
38,51,3
38,52,1
38,53,1
38,54,2
38,56,1
38,57,2
38,58,3
38,67,14
38,69,1
38,93,6
38,96,36
38,97,3
38,98,32
38,99,28
38,100,8
38,103,1
38,108,2
38,109,1
39,0,53
39,2,2
39,5,4
39,6,1
39,9,1
39,12,4
39,13,6
39,14,7
39,15,32
39,16,55
39,17,11
39,19,6
39,20,10
39,21,4
39,22,10
39,23,27
39,24,52
39,25,1
39,26,7
39,27,86
39,28,22
39,29,39
39,30,14
39,31,4
39,33,27
39,34,26
39,35,502
39,36,159
39,37,9836
39,38,1007
39,39,174739
39,40,9164
39,41,45
39,42,14
39,43,7
39,44,10
39,46,3
39,47,6
39,48,150
39,49,3
39,50,2
39,51,8
39,52,1
39,54,9
39,55,1
39,57,43
39,58,9
39,66,2
39,67,7
39,93,5
39,96,5
39,98,7
39,99,717
39,100,8
39,108,2
39,109,1
40,0,393
40,2,2
40,3,2
40,5,4
40,6,3
40,10,2
40,12,4
40,13,1
40,15,28
40,16,3
40,17,5
40,18,4
40,19,2
40,20,10
40,21,1
40,22,9
40,23,23
40,24,17
40,25,7
40,26,5
40,27,5
40,28,7
40,29,16
40,30,1
40,31,2
40,32,2
40,33,39
40,34,23
40,35,52
40,36,75
40,37,3039
40,38,174
40,39,6501
40,40,191264
40,41,159
40,42,45
40,43,15
40,44,1
40,45,1
40,47,1
40,48,46
40,50,7
40,51,57
40,52,4
40,53,2
40,54,25
40,56,1
40,57,4
40,58,23
40,60,4
40,66,2
40,67,7
40,68,1
40,69,1
40,97,2
40,98,7
40,99,7047
40,100,3
40,108,3
40,109,3
41,0,640
41,15,17
41,17,3
41,18,318
41,19,2
41,20,1
41,22,4
41,23,5
41,24,2
41,25,1
41,26,1
41,27,3
41,28,22
41,29,13
41,33,59
41,34,7
41,35,13
41,36,14
41,37,173
41,38,10
41,39,93
41,40,392
41,41,171352
41,42,5566
41,43,57
41,44,20
41,45,1
41,46,4
41,47,8
41,48,76
41,50,34
41,51,129
41,52,6
41,53,1
41,54,359
41,55,12
41,56,6
41,57,12
41,58,18
41,60,3
41,66,1
41,67,8
41,68,9
41,69,2
41,70,1
41,93,1
41,94,1
41,99,5444
41,100,71
41,109,12
42,0,17
42,15,7
42,17,2
42,18,20
42,20,1
42,22,2
42,23,4
42,24,10
42,26,20
42,27,10
42,28,7
42,29,1
42,33,7
42,34,8
42,35,2
42,36,7
42,37,63
42,38,4
42,39,39
42,40,99
42,41,3381
42,42,230739
42,43,6940
42,44,158
42,45,1
42,47,31
42,48,16
42,50,3
42,51,49
42,52,6
42,54,244
42,55,6
42,56,4
42,57,2
42,58,34
42,60,1
42,61,1
42,62,12
42,63,1
42,64,1
42,66,5
42,67,26
42,68,19
42,69,12
42,71,3
42,72,1
42,98,3
42,99,306
42,100,10
42,109,263
43,0,2
43,20,1
43,23,2
43,26,1
43,27,1
43,28,2
43,33,1
43,34,3
43,36,2
43,37,17
43,38,6
43,39,6
43,40,33
43,41,124
43,42,10057
43,43,144027
43,44,255
43,47,1
43,48,5
43,51,6
43,52,1
43,53,2
43,54,229
43,55,6
43,56,4
43,57,5
43,58,28
43,60,1
43,61,16
43,62,2
43,63,5
43,64,2
43,65,1
43,66,11
43,67,41
43,68,23
43,69,13
43,71,3
43,99,27
43,100,1
43,109,4132
44,28,1
44,35,2
44,36,2
44,37,21
44,38,7
44,39,5
44,40,3
44,41,42
44,42,652
44,43,620
44,44,89913
44,48,4
44,51,4
44,52,1
44,54,46
44,55,5
44,56,1
44,57,72
44,58,49
44,59,1
44,60,2
44,61,2
44,63,1
44,65,1
44,66,52
44,67,5113
44,68,138
44,69,93
44,70,3
44,71,1
44,72,1
44,99,11
44,109,2424
45,0,9
45,1,14
45,2,13
45,3,1
45,4,4
45,5,1
45,6,6
45,7,2
45,8,3
45,9,5
45,10,174
45,11,7867
45,13,9
45,15,37
45,16,2
45,17,13
45,18,7
45,19,2
45,20,2
45,21,1
45,22,6
45,23,4
45,26,2
45,27,3
45,28,1
45,29,2
45,33,18
45,34,442
45,35,20
45,36,21
45,37,14
45,38,2
45,41,18
45,42,3
45,43,56
45,45,74691
45,46,3642
45,47,60
45,48,325
45,49,172
45,50,2601
45,51,3
45,52,15
45,53,3
45,54,1
45,55,2
45,56,1
45,57,2
45,58,3
45,97,1
45,98,4
45,100,50
45,108,7
46,1,9
46,2,7
46,3,10
46,4,12
46,5,14
46,6,10
46,7,1
46,8,1
46,9,4
46,10,74
46,11,468
46,12,4
46,13,12
46,15,26
46,16,8
46,17,8
46,18,18
46,19,1
46,20,4
46,21,2
46,22,29
46,23,39
46,24,6
46,25,1
46,26,98
46,27,1
46,28,41
46,29,5
46,30,1
46,33,9
46,34,26
46,35,9
46,36,19
46,37,30
46,38,1
46,39,1
46,40,3
46,41,9
46,43,25
46,45,2328
46,46,168508
46,47,3028
46,48,1866
46,49,681
46,50,9578
46,51,21
46,52,28
46,53,6
46,54,7
46,55,1
46,57,19
46,58,19
46,96,2
46,97,77
46,98,61
46,99,17
46,100,329
46,103,4
46,104,1
46,108,4
47,1,8
47,3,2
47,4,6
47,5,16
47,6,7
47,8,1
47,9,2
47,10,3
47,11,21
47,12,4
47,13,1
47,15,17
47,16,2
47,17,7
47,18,11
47,20,3
47,21,1
47,22,11
47,23,4
47,24,3
47,25,2
47,26,5
47,27,1
47,28,23
47,29,3
47,30,1
47,32,1
47,33,115
47,34,19
47,35,6
47,36,40
47,37,516
47,38,5
47,39,4
47,40,13
47,41,4
47,42,2
47,43,3
47,45,36
47,46,3887
47,47,117359
47,48,11516
47,49,102
47,50,1740
47,51,51
47,52,87
47,53,9
47,54,21
47,56,4
47,57,3
47,58,19
47,59,1
47,67,1
47,93,1
47,96,1
47,97,1
47,98,5
47,99,4
47,100,8686
47,103,1
47,104,1
47,108,3
47,109,3
48,0,22
48,1,12
48,2,1
48,3,1
48,4,2
48,5,1
48,6,5
48,8,1
48,9,1
48,10,13
48,11,32
48,12,2
48,13,2
48,15,74
48,16,3
48,17,11
48,18,9
48,19,3
48,20,3
48,21,3
48,22,6
48,23,10
48,24,11
48,25,6
48,26,7
48,27,2
48,28,30
48,29,11
48,30,1
48,32,3
48,33,113
48,34,25
48,35,22
48,36,47
48,37,802
48,38,25
48,39,463
48,40,101
48,41,3
48,43,4
48,44,2
48,45,38
48,46,627
48,47,2367
48,48,479065
48,49,287
48,50,6550
48,51,3355
48,52,4932
48,53,50
48,54,68
48,55,6
48,56,3
48,57,10
48,58,195
48,59,1
48,60,6
48,63,3
48,66,19
48,93,9
48,96,1
48,97,3
48,98,7
48,99,10
48,100,10141
48,108,2
48,109,3
49,1,4
49,4,1
49,6,1
49,9,3
49,10,18
49,11,113
49,12,7
49,13,3
49,15,25
49,16,6
49,17,4
49,18,17
49,23,5
49,24,3
49,26,2
49,27,3
49,28,27
49,29,7
49,33,1
49,34,10
49,35,4
49,36,2
49,37,19
49,38,1
49,39,1
49,40,2
49,41,2
49,43,2
49,45,134
49,46,542
49,47,114
49,48,1403
49,49,142947
49,50,12024
49,51,7
49,52,72
49,53,916
49,54,5
49,56,2
49,57,5
49,58,32
49,59,30
49,60,2
49,97,2
49,99,1
49,100,73
50,0,1
50,1,5
50,2,2
50,3,2
50,4,4
50,5,6
50,6,3
50,8,1
50,9,2
50,10,38
50,11,151
50,12,7
50,13,2
50,15,60
50,16,7
50,17,4
50,18,41
50,19,2
50,20,2
50,22,5
50,23,2
50,24,17
50,26,5
50,28,26
50,29,1
50,33,17
50,34,17
50,35,17
50,36,9
50,37,40
50,38,4
50,39,1
50,40,5
50,41,9
50,42,2
50,43,5
50,45,298
50,46,4652
50,47,901
50,48,10185
50,49,7829
50,50,186927
50,51,49
50,52,520
50,53,152
50,54,24
50,57,106
50,58,31
50,59,9
50,60,1
50,93,5
50,96,14
50,97,3
50,98,14
50,99,3
50,100,260
50,108,2
50,109,1
51,0,15
51,5,3
51,6,9
51,8,2
51,10,37
51,11,5
51,15,22
51,16,1
51,17,2
51,18,3
51,19,12
51,22,6
51,23,7
51,24,5
51,26,6
51,27,1
51,28,5
51,29,7
51,33,6
51,34,23
51,35,4
51,36,6
51,37,55
51,38,4
51,39,16
51,40,68
51,41,169
51,42,9
51,43,6
51,44,3
51,45,2
51,46,21
51,47,47
51,48,10997
51,49,16
51,50,48
51,51,156838
51,52,2901
51,53,11
51,54,2829
51,55,25
51,56,7
51,58,112
51,59,2
51,60,8
51,61,4
51,63,1
51,66,7
51,67,1
51,68,1
51,69,6
51,98,1
51,99,117
51,100,132
51,108,1
51,109,2
52,4,2
52,5,2
52,6,2
52,9,2
52,10,3
52,11,3
52,15,10
52,16,1
52,17,3
52,19,2
52,20,1
52,22,3
52,23,2
52,24,3
52,26,45
52,27,1
52,29,2
52,33,4
52,34,8
52,35,3
52,36,2
52,37,22
52,40,3
52,41,7
52,42,4
52,43,4
52,44,2
52,45,3
52,46,17
52,47,46
52,48,5450
52,49,32
52,50,249
52,51,1998
52,52,127611
52,53,579
52,54,906
52,55,93
52,56,74
52,57,3
52,58,145
52,59,2
52,61,5
52,63,1
52,66,2
52,68,1
52,96,1
52,99,4
52,100,100
52,108,1
52,109,1
53,0,1
53,6,2
53,9,1
53,10,12
53,11,6
53,18,1
53,19,3
53,23,5
53,26,1
53,27,1
53,28,21
53,29,2
53,33,1
53,35,2
53,37,20
53,39,1
53,40,4
53,44,1
53,45,7
53,46,12
53,47,8
53,48,267
53,49,1871
53,50,388
53,51,45
53,52,1933
53,53,93167
53,54,24
53,55,13
53,56,299
53,57,1
53,58,450
53,60,1
53,66,2
53,67,1
53,68,2
53,69,1
53,98,1
53,99,1
53,100,16
53,104,2
54,0,9
54,10,3
54,11,2
54,15,9
54,18,1
54,20,1
54,23,3
54,24,1
54,28,7
54,29,1
54,33,7
54,34,17
54,35,5
54,36,2
54,37,44
54,38,2
54,39,23
54,40,39
54,41,276
54,42,1311
54,43,233
54,44,20
54,45,2
54,46,3
54,47,17
54,48,235
54,49,6
54,50,16
54,51,4169
54,52,1587
54,53,11
54,54,317783
54,55,2064
54,56,85
54,57,93
54,58,712
54,59,5
54,60,32
54,61,2
54,63,6
54,66,14
54,67,5
54,68,12
54,69,4
54,70,2
54,94,1
54,99,34
54,100,15
54,109,8
55,0,3
55,29,5
55,34,2
55,35,2
55,36,3
55,37,7
55,39,1
55,40,1
55,41,5
55,42,12
55,43,10
55,44,3
55,45,1
55,46,8
55,47,2
55,48,44
55,49,1
55,50,1
55,51,64
55,52,273
55,53,9
55,54,3428
55,55,95520
55,56,1616
55,57,532
55,58,3358
55,59,18
55,60,28
55,61,2
55,63,4
55,65,1
55,66,25
55,67,4
55,68,4
55,69,9
55,70,1
55,99,1
55,100,3
55,109,3
56,0,52
56,23,1
56,29,5
56,35,3
56,36,3
56,37,2
56,39,7
56,41,2
56,42,7
56,43,14
56,44,1
56,47,4
56,48,23
56,49,5
56,50,5
56,51,30
56,52,344
56,53,672
56,54,155
56,55,2146
56,56,122126
56,57,195
56,58,17162
56,59,88
56,60,27
56,61,1
56,62,2
56,63,8
56,64,1
56,65,2
56,66,13
56,67,1
56,69,2
56,90,1
56,94,1
56,99,10
56,100,1
56,109,8
57,0,17
57,37,2
57,39,4
57,40,1
57,42,1
57,43,4
57,44,65
57,47,3
57,48,11
57,50,1
57,51,10
57,52,8
57,53,31
57,54,159
57,55,1039
57,56,545
57,57,55554
57,58,11770
57,59,42
57,60,27
57,63,4
57,64,1
57,65,3
57,66,1674
57,67,16
57,68,10
57,69,10
57,94,2
57,99,5
57,109,5
58,0,2128
58,1,15
58,3,1
58,10,6
58,11,6
58,15,92
58,17,2
58,23,8
58,27,9
58,28,5
58,32,3
58,34,5
58,35,5
58,36,5
58,37,92
58,38,3
58,39,41
58,40,22
58,41,50
58,42,40
58,43,37
58,44,24
58,46,13
58,47,16
58,48,174
58,49,21
58,50,24
58,51,41
58,52,66
58,53,162
58,54,263
58,55,294
58,56,3796
58,57,2752
58,58,2009542
58,59,12158
58,60,4563
58,61,165
58,62,37
58,63,401
58,64,29
58,65,62
58,66,1440
58,67,75
58,68,28
58,69,275
58,70,50
58,71,42
58,72,11
58,76,22
58,77,1
58,78,5
58,79,4
58,80,6
58,81,1
58,82,6
58,90,1
58,92,2
58,94,40
58,99,241
58,100,7
58,102,3
58,104,7
58,109,74
58,110,1
59,0,17
59,40,2
59,42,1
59,43,2
59,44,4
59,47,1
59,48,11
59,49,58
59,50,2
59,51,5
59,52,8
59,53,7
59,54,20
59,55,14
59,56,27
59,57,41
59,58,33495
59,59,217579
59,60,3329
59,61,1044
59,62,10
59,63,1517
59,64,6
59,65,47
59,66,30
59,67,2
59,68,4
59,69,12
59,70,8
59,71,6
59,72,1
59,76,2
59,77,1
59,94,26
59,99,4
59,100,1
59,109,2
60,0,14
60,8,1
60,40,2
60,41,13
60,42,5
60,43,6
60,44,1
60,48,43
60,49,2
60,51,25
60,52,9
60,53,7
60,54,27
60,55,54
60,56,42
60,57,88
60,58,18648
60,59,1726
60,60,194705
60,61,512
60,62,15
60,63,335
60,64,12
60,65,12
60,66,605
60,67,9
60,68,16
60,69,32
60,70,21
60,71,26
60,76,2
60,77,1
60,94,300
60,99,2
60,100,4
60,109,19
61,42,2
61,43,21
61,44,4
61,48,1
61,51,5
61,52,6
61,53,9
61,54,24
61,55,11
61,56,19
61,57,28
61,58,3150
61,59,2169
61,60,3579
61,61,328675
61,62,2566
61,63,37701
61,64,488
61,65,1088
61,66,51
61,67,37
61,68,25
61,69,30
61,70,113
61,71,24
61,72,22
61,73,3
61,74,2
61,75,13
61,76,37
61,77,3
61,78,74
61,79,21
61,94,1684
61,101,1
61,109,2
61,110,4
62,43,4
62,44,2
62,54,3
62,55,5
62,56,2
62,57,1
62,58,217
62,59,23
62,60,59
62,61,3151
62,62,107951
62,63,3782
62,64,2314
62,65,464
62,66,3
62,67,2
62,68,1
62,69,13
62,70,1243
62,71,187
62,72,17
62,74,1
62,75,3
62,76,19
62,77,1
62,78,4
62,94,47
62,110,3
63,1,9
63,15,38
63,27,1
63,37,10
63,43,7
63,44,10
63,48,11
63,51,1
63,52,21
63,53,4
63,54,39
63,55,28
63,56,67
63,57,31
63,58,2898
63,59,627
63,60,411
63,61,29688
63,62,1116
63,63,1217745
63,64,3306
63,65,17044
63,66,71
63,67,22
63,68,46
63,69,49
63,70,75
63,71,76
63,72,79
63,73,21
63,74,1
63,75,3
63,76,160
63,77,8
63,78,44
63,79,17
63,82,4
63,94,112
63,101,65
63,102,1
63,109,9
63,110,10
64,12,1
64,44,11
64,52,2
64,54,4
64,55,3
64,56,3
64,57,3
64,58,251
64,59,13
64,60,23
64,61,979
64,62,5373
64,63,11373
64,64,158955
64,65,7180
64,66,23
64,67,5
64,68,2
64,69,8
64,70,105
64,71,444
64,72,20
64,73,1
64,74,1
64,75,1
64,76,609
64,77,2
64,78,4
64,94,17
64,101,1
64,109,2
64,110,15
65,0,1
65,44,8
65,52,2
65,54,5
65,55,10
65,56,5
65,57,4
65,58,635
65,59,57
65,60,62
65,61,1158
65,62,221
65,63,21682
65,64,2718
65,65,444409
65,66,42
65,67,1
65,68,7
65,69,22
65,70,33
65,71,37
65,72,14
65,73,9
65,75,2
65,76,1682
65,77,45
65,78,99
65,79,8
65,80,3
65,94,32
65,101,4
65,102,3
65,109,1
65,110,3
66,0,3
66,5,1
66,40,3
66,41,5
66,42,10
66,43,15
66,44,72
66,48,4
66,51,207
66,52,1
66,53,2
66,54,41
66,55,16
66,56,5
66,57,352
66,58,3357
66,59,30
66,60,911
66,61,26
66,63,93
66,64,7
66,65,4
66,66,125841
66,67,386
66,68,1240
66,69,570
66,70,19
66,71,6
66,78,1
66,94,130
66,99,8
66,109,32
67,36,3
67,37,20
67,38,8
67,39,2
67,40,3
67,41,28
67,42,219
67,43,139
67,44,5953
67,48,2
67,51,6
67,52,1
67,54,30
67,55,9
67,56,2
67,57,13
67,58,243
67,60,10
67,61,5
67,63,4
67,64,8
67,65,1
67,66,1620
67,67,129877
67,68,4712
67,69,1063
67,70,7
67,71,13
67,72,2
67,94,3
67,99,3
67,109,195
68,0,1
68,7,1
68,15,7
68,37,25
68,38,3
68,39,2
68,40,3
68,41,46
68,42,103
68,43,44
68,44,212
68,46,1
68,51,2
68,52,2
68,54,28
68,55,2
68,56,3
68,57,30
68,58,151
68,59,4
68,60,9
68,61,5
68,62,2
68,63,6
68,64,2
68,65,1
68,66,1484
68,67,3049
68,68,124335
68,69,17102
68,70,42
68,71,37
68,72,4
68,76,5
68,94,3
68,99,3
68,109,41
69,37,12
69,39,4
69,40,4
69,41,21
69,42,77
69,43,38
69,44,72
69,51,1
69,53,6
69,54,20
69,57,16
69,58,134
69,59,5
69,60,12
69,61,24
69,62,4
69,63,29
69,65,9
69,66,550
69,67,536
69,68,12785
69,69,161807
69,70,978
69,71,54
69,72,5
69,73,2
69,76,2
69,77,1
69,94,131
69,99,5
69,109,28
69,110,2
70,12,1
70,40,1
70,41,3
70,42,11
70,43,7
70,44,2
70,54,3
70,57,1
70,58,73
70,59,2
70,60,42
70,61,84
70,62,217
70,63,89
70,64,30
70,65,13
70,66,24
70,67,12
70,68,191
70,69,2696
70,70,92896
70,71,337
70,72,1
70,73,1
70,74,2
70,76,7
70,78,8
70,94,959
70,99,2
70,110,2
71,15,20
71,37,17
71,41,2
71,42,30
71,43,13
71,44,7
71,54,8
71,55,1
71,58,94
71,59,3
71,60,3
71,61,13
71,62,124
71,63,97
71,64,392
71,65,26
71,66,27
71,67,11
71,68,244
71,69,440
71,70,1874
71,71,253324
71,72,1206
71,73,18
71,74,4
71,75,11
71,76,1809
71,77,3
71,78,22
71,94,27
71,109,1
71,110,1320
72,0,2
72,15,30
72,44,5
72,58,29
72,59,2
72,60,4
72,61,8
72,62,21
72,63,38
72,64,32
72,65,120
72,66,1
72,67,12
72,68,11
72,69,107
72,70,22
72,71,811
72,72,551521
72,73,4410
72,74,2010
72,75,271
72,76,509
72,77,3239
72,78,33
72,79,5
72,101,1
72,102,2
72,110,5720
73,58,28
73,59,1
73,61,5
73,62,1
73,63,16
73,64,2
73,65,20
73,68,6
73,69,24
73,70,2
73,71,32
73,72,6274
73,73,231005
73,74,2909
73,75,1074
73,76,56
73,77,1586
73,78,34
73,79,7
73,80,5
73,83,1
73,94,1
73,101,2
73,110,67
74,58,11
74,61,2
74,62,5
74,63,14
74,64,2
74,65,14
74,69,6
74,70,1
74,71,20
74,72,5387
74,73,7350
74,74,148950
74,75,4393
74,76,14
74,77,234
74,78,9
74,79,1
74,94,1
74,101,1
74,102,1
74,110,48
75,15,11
75,58,17
75,61,23
75,62,2
75,63,1
75,64,3
75,65,59
75,71,29
75,72,1592
75,73,1677
75,74,6046
75,75,315544
75,76,15
75,77,23
75,78,29
75,79,13
75,101,4
75,102,2
75,110,40
76,43,1
76,58,98
76,59,1
76,60,1
76,61,14
76,62,10
76,63,200
76,64,219
76,65,1186
76,66,5
76,67,1
76,68,54
76,69,6
76,70,6
76,71,494
76,72,232
76,73,49
76,74,2
76,75,4
76,76,156559
76,77,1157
76,78,550
76,79,7
76,80,1
76,83,1
76,94,3
76,102,2
76,110,146
77,58,19
77,59,1
77,62,1
77,63,15
77,64,4
77,65,27
77,66,2
77,68,4
77,69,4
77,70,2
77,71,14
77,72,1664
77,73,1047
77,74,22
77,75,27
77,76,2014
77,77,80237
77,78,167
77,79,2
77,80,1
77,94,1
77,101,6
77,102,1
77,110,29
78,58,28
78,59,3
78,61,30
78,62,3
78,63,72
78,64,7
78,65,184
78,70,2
78,71,1
78,72,63
78,73,156
78,74,7
78,75,12
78,76,883
78,77,839
78,78,288878
78,79,2867
78,80,203
78,83,28
78,87,5
78,94,2
78,101,819
78,102,274
78,110,1
79,15,17
79,48,9
79,58,66
79,61,18
79,63,9
79,64,2
79,65,7
79,72,7
79,75,1
79,76,21
79,77,2
79,78,2012
79,79,148088
79,80,486
79,82,2
79,83,34
79,85,2
79,86,1
79,87,84
79,88,3
79,101,760
79,102,1197
80,15,12
80,58,29
80,65,2
80,72,3
80,73,5
80,76,4
80,78,474
80,79,1476
80,80,223559
80,82,8
80,83,3794
80,85,2
80,86,2
80,87,58
80,88,7
80,89,9
80,101,25
80,102,965
81,50,12
81,58,8
81,80,1
81,81,164931
81,82,4473
81,83,28
81,84,398
81,85,20
81,86,25
81,87,60
81,89,13
81,92,1
82,15,47
82,37,19
82,58,45
82,63,5
82,78,2
82,79,22
82,80,20
82,81,1897
82,82,512331
82,83,255
82,84,845
82,85,394
82,86,367
82,87,223
82,88,15
82,89,33
82,102,18
83,15,24
83,37,6
83,58,28
83,63,3
83,65,2
83,73,1
83,76,5
83,77,3
83,78,23
83,79,19
83,80,1093
83,81,6
83,82,1085
83,83,266192
83,84,17
83,85,21
83,86,554
83,87,3626
83,88,15
83,89,176
83,101,3
83,102,31
84,79,4
84,80,9
84,81,782
84,82,3336
84,83,26
84,84,166058
84,85,2490
84,86,177
84,87,466
84,88,112
84,89,31
84,102,1
85,78,1
85,79,14
85,80,13
85,81,9
85,82,980
85,83,40
85,84,1583
85,85,102022
85,86,1213
85,87,1464
85,88,1012
85,89,110
86,78,3
86,79,1
86,80,3
86,81,10
86,82,328
86,83,151
86,84,79
86,85,1123
86,86,65223
86,87,3196
86,88,34
86,89,112
87,15,18
87,40,1
87,58,17
87,78,192
87,79,205
87,80,114
87,81,10
87,82,228
87,83,3495
87,84,107
87,85,525
87,86,2205
87,87,443056
87,88,994
87,89,4128
87,102,6
88,58,11
88,78,1
88,79,1
88,80,17
88,81,2
88,82,10
88,83,26
88,84,23
88,85,348
88,86,38
88,87,982
88,88,135908
88,89,1095
89,1,6
89,15,8
89,50,6
89,58,9
89,78,3
89,79,7
89,80,22
89,81,4
89,82,27
89,83,166
89,84,27
89,85,68
89,86,86
89,87,5365
89,88,1957
89,89,154554
90,15,15
90,58,17
90,90,140975
90,91,1127
90,92,103
90,95,247
90,104,2482
90,105,9
90,106,9
90,107,3
91,50,1
91,56,2
91,90,525
91,91,62902
91,92,363
91,95,682
91,104,1198
91,105,172
91,106,12
91,107,9
92,15,10
92,58,13
92,90,63
92,91,204
92,92,248866
92,95,687
92,104,26
92,105,330
92,106,2291
92,107,1762
93,0,10
93,3,1
93,12,1
93,13,3
93,14,1
93,15,20
93,16,6
93,17,5
93,18,4
93,20,5
93,21,17
93,22,12
93,23,25
93,24,52
93,25,305
93,26,6800
93,27,3305
93,28,233
93,29,8
93,30,5149
93,31,134
93,32,293
93,33,3
93,34,12
93,35,3
93,36,4
93,37,6
93,38,2
93,39,1
93,40,1
93,41,1
93,46,1
93,47,8
93,48,2
93,50,4
93,52,2
93,93,146770
93,97,1
93,98,1
93,99,7
93,108,3
94,43,3
94,51,2
94,52,1
94,54,2
94,55,3
94,56,2
94,58,179
94,59,9
94,60,659
94,61,262
94,62,11
94,63,212
94,64,4
94,65,8
94,66,592
94,67,3
94,68,41
94,69,307
94,70,1409
94,71,12
94,77,1
94,94,32443
95,90,332
95,91,1526
95,92,1812
95,95,61866
95,104,97
95,105,25
95,106,661
95,107,33
96,0,15
96,1,2041
96,2,3998
96,3,1123
96,4,24
96,5,22
96,6,80
96,7,96
96,10,16
96,12,72
96,13,18
96,14,1
96,15,530
96,16,18
96,17,12
96,18,44
96,21,1
96,22,2
96,23,2
96,24,11
96,26,1
96,28,1
96,33,2
96,34,2
96,35,1
96,36,8
96,47,2
96,49,1
96,50,3
96,96,79686
96,97,3
96,98,6
96,103,20
96,108,27
97,0,178
97,1,29
97,2,2
97,3,28
97,4,10
97,5,4
97,6,16
97,7,1
97,9,3
97,10,15
97,11,2
97,12,230
97,13,5338
97,14,1246
97,15,14094
97,16,4358
97,17,117
97,18,51
97,19,29
97,20,4
97,21,4
97,22,8
97,23,18
97,24,38
97,25,7
97,26,14
97,27,2
97,28,6
97,29,1
97,31,5
97,33,42
97,34,7
97,35,5
97,36,12
97,37,6
97,38,1
97,39,1
97,46,27
97,48,2
97,50,3
97,96,3
97,97,143026
97,98,54
97,99,1
97,103,9
97,108,14868
98,0,14
98,1,35
98,2,5
98,3,19
98,4,9
98,5,7
98,6,29
98,7,5
98,8,1
98,9,4
98,10,13
98,11,5
98,12,113
98,13,85
98,14,10
98,15,28895
98,16,391
98,17,165
98,18,2514
98,19,3015
98,20,15
98,21,1
98,22,6
98,23,30
98,24,47
98,25,1
98,26,7
98,27,3
98,28,336
98,29,2
98,30,4
98,33,3583
98,34,313
98,35,15
98,36,33
98,37,28
98,38,10
98,40,3
98,41,17
98,45,5
98,46,16
98,47,3
98,48,2
98,49,65
98,50,4
98,52,3
98,53,1
98,54,3
98,96,4
98,97,86
98,98,82772
98,99,2
98,100,1
98,103,2
98,108,475
99,0,4393
99,3,1
99,10,1
99,12,1
99,15,18
99,16,3
99,17,1
99,18,10
99,20,4
99,21,1
99,22,16
99,23,16
99,24,3
99,25,1
99,26,2
99,27,4
99,28,7
99,29,3
99,33,6
99,34,7
99,35,79
99,36,43
99,37,921
99,38,45
99,39,984
99,40,6012
99,41,3833
99,42,169
99,43,18
99,44,1
99,46,1
99,47,3
99,48,7
99,50,1
99,51,38
99,54,11
99,55,1
99,56,1
99,57,12
99,58,25
99,60,3
99,66,3
99,67,5
99,68,3
99,69,4
99,71,1
99,94,1
99,97,1
99,98,2
99,99,147512
99,100,1
99,109,9
100,0,2
100,1,7
100,3,1
100,4,2
100,5,1
100,6,2
100,10,4
100,11,3
100,12,2
100,13,1
100,14,3
100,15,28
100,16,2
100,17,9
100,18,4
100,20,1
100,22,4
100,24,4
100,25,1
100,26,2
100,27,2
100,28,30
100,29,5
100,33,284
100,34,15
100,35,8
100,36,6
100,37,367
100,38,1
100,39,6
100,40,20
100,41,12
100,45,7
100,46,171
100,47,4514
100,48,23864
100,49,27
100,50,252
100,51,56
100,52,111
100,53,9
100,54,32
100,56,1
100,57,1
100,58,18
100,60,1
100,93,5
100,98,3
100,99,1
100,100,103037
100,108,1
100,109,3
101,37,9
101,58,17
101,61,1
101,63,2
101,65,1
101,72,2
101,73,2
101,74,2
101,75,2
101,76,2
101,77,3
101,78,1319
101,79,811
101,80,31
101,83,1
101,87,4
101,101,65561
101,102,15
102,65,2
102,72,3
102,73,1
102,75,1
102,78,420
102,79,1946
102,80,814
102,83,101
102,84,1
102,85,1
102,87,8
102,101,11
102,102,62610
103,0,5442
103,1,58
103,2,92
103,3,2785
103,4,4
103,5,9
103,6,27
103,7,2
103,10,2
103,11,4
103,12,572
103,13,34
103,15,1148
103,16,11
103,17,14
103,18,65
103,19,1
103,20,1
103,21,3
103,22,3
103,23,54
103,24,7
103,26,1
103,27,20
103,28,1
103,33,2
103,34,1
103,35,3
103,36,4
103,37,1
103,45,1
103,96,19
103,97,3
103,100,1
103,103,67498
103,108,18
104,48,1
104,50,6
104,58,29
104,90,950
104,91,394
104,92,29
104,95,11
104,104,65371
104,105,6
104,106,1
104,107,1
105,90,9
105,91,221
105,92,326
105,95,11
105,104,22
105,105,22833
105,106,3
105,107,2
106,90,49
106,91,72
106,92,7463
106,95,901
106,104,13
106,105,13
106,106,31454
106,107,223
107,90,9
107,91,17
107,92,4677
107,95,56
107,104,5
107,105,5
107,106,190
107,107,45464
108,0,301
108,1,230
108,2,39
108,3,225
108,4,69
108,5,9
108,6,54
108,7,3
108,8,5
108,9,29
108,10,46
108,11,6
108,12,5558
108,13,12122
108,14,43
108,15,117546
108,16,3214
108,17,325
108,18,377
108,19,162
108,20,17
108,21,5
108,22,37
108,23,51
108,24,269
108,25,14
108,26,16
108,27,14
108,28,23
108,29,9
108,30,4
108,31,4
108,32,1
108,33,73
108,34,67
108,35,17
108,36,157
108,37,23
108,38,3
108,39,2
108,40,1
108,45,22
108,46,2
108,47,2
108,48,17
108,49,3
108,50,15
108,52,15
108,93,4
108,96,48
108,97,10059
108,98,279
108,99,1
108,103,92
108,108,315211
109,0,1
109,20,1
109,28,4
109,34,3
109,37,15
109,38,14
109,39,2
109,40,7
109,41,67
109,42,1107
109,43,6789
109,44,2258
109,47,1
109,48,12
109,49,1
109,51,5
109,52,1
109,53,1
109,54,16
109,55,2
109,56,1
109,57,1
109,58,18
109,60,4
109,61,1
109,63,1
109,64,1
109,65,1
109,66,6
109,67,96
109,68,29
109,69,17
109,71,2
109,99,19
109,100,1
109,109,75077
110,42,2
110,44,1
110,58,29
110,59,2
110,60,4
110,61,5
110,62,12
110,63,23
110,64,16
110,65,21
110,66,2
110,67,5
110,68,14
110,69,37
110,70,13
110,71,2708
110,72,14605
110,73,130
110,74,66
110,75,22
110,76,713
110,77,48
110,78,1
110,79,2
110,101,1
110,110,152950
