origin,destination,flow
1,1,0.9511379310344829
1,2,0.006396551724137931
1,3,0.0012931034482758623
1,4,0.020979310344827584
1,5,0.007620689655172414
1,6,0.0014758620689655174
1,7,0.0035793103448275862
1,8,1.7241379310344828e-05
1,9,0.00025862068965517253
1,10,0.0003793103448275863
1,11,0.0
1,12,0.00023793103448275867
1,13,8.620689655172414e-05
1,14,0.0
1,15,0.0011965517241379314
1,16,0.000206896551724138
1,17,0.00020689655172413795
1,18,0.0004068965517241381
1,19,0.0
1,20,0.0001724137931034483
1,21,0.0
1,22,0.0
1,23,1.7241379310344828e-05
1,24,0.0
1,26,0.0
1,27,1.7241379310344828e-05
1,28,3.4482758620689657e-05
1,30,0.0
1,31,0.0
1,33,3.4482758620689657e-05
1,34,8.620689655172414e-05
1,35,8.620689655172414e-05
1,36,0.0
1,37,8.620689655172414e-05
1,38,1.7241379310344828e-05
1,39,0.0
1,40,0.00010344827586206896
1,41,0.0
1,42,0.0
1,43,0.0
1,44,0.0
1,45,0.0
1,46,0.0
1,47,0.0
1,48,1.7241379310344828e-05
1,49,0.0
1,50,0.0
1,51,0.0
1,53,0.0
1,54,0.0
1,55,0.0
1,56,1.7241379310344828e-05
1,58,6.896551724137931e-05
1,60,0.00020689655172413793
1,61,1.7241379310344828e-05
1,62,0.0
1,63,1.7241379310344828e-05
1,64,0.0
1,65,0.0
1,66,0.0
1,67,0.0
1,68,0.0
1,69,0.0
1,70,1.7241379310344828e-05
1,71,6.896551724137931e-05
1,72,1.7241379310344828e-05
1,73,0.0
1,74,1.7241379310344828e-05
1,75,0.0
1,76,0.0
1,78,0.0
1,79,0.0
1,80,0.0
1,81,0.0
1,82,0.0
1,83,0.0
1,84,0.0
1,87,0.0
1,89,0.0
1,90,0.0
1,96,0.0031275862068965514
1,97,0.0
1,98,0.0
1,99,0.0
1,103,0.0002931034482758622
1,108,6.896551724137931e-05
1,109,1.7241379310344828e-05
2,1,0.06216206896551724
2,2,0.7352758620689656
2,3,0.0720586206896552
2,4,0.001093103448275862
2,5,0.0012620689655172413
2,6,0.02753448275862069
2,7,0.0012379310344827587
2,8,0.0
2,9,0.0
2,10,0.0
2,12,0.0006103448275862069
2,13,0.00033793103448275864
2,14,0.0
2,15,0.004331034482758621
2,16,0.0005931034482758621
2,17,0.0004517241379310345
2,18,0.0068655172413793104
2,19,0.00014482758620689654
2,20,0.0
2,23,0.00016896551724137932
2,24,0.00015172413793103449
2,26,0.0
2,28,0.0003103448275862069
2,30,0.0
2,33,0.00015172413793103449
2,34,0.0
2,36,0.0
2,37,0.0003068965517241379
2,38,0.0001586206896551724
2,45,0.0001586206896551724
2,48,0.00014827586206896551
2,49,0.0
2,65,0.0
2,70,0.0
2,71,0.0
2,72,0.0
2,93,0.0
2,96,0.07581034482758618
2,97,0.0
2,98,0.00014827586206896551
2,99,0.0
2,103,0.006999999999999999
2,108,0.0015206896551724135
3,1,0.006372413793103449
3,2,0.044534482758620694
3,3,0.8109724137931035
3,4,0.0017931034482758618
3,5,0.00030344827586206897
3,6,0.004837931034482758
3,7,0.00020344827586206895
3,8,0.0
3,9,0.0
3,10,0.0006206896551724137
3,12,0.022627586206896557
3,13,0.0007
3,14,0.00020344827586206895
3,15,0.04448275862068966
3,16,0.0009241379310344827
3,17,0.0003103448275862069
3,18,0.015272413793103451
3,19,0.0
3,20,9.655172413793103e-05
3,21,0.0
3,22,0.00010344827586206896
3,23,0.0003068965517241379
3,24,0.0
3,27,0.0
3,28,9.655172413793103e-05
3,30,0.0
3,33,0.0004034482758620689
3,34,0.00020689655172413793
3,35,9.655172413793103e-05
3,36,0.0
3,37,0.00020344827586206895
3,39,0.0
3,40,0.0
3,42,0.0
3,45,0.0
3,46,0.0
3,48,0.0
3,58,0.00010344827586206896
3,59,0.00020689655172413793
3,60,0.0
3,61,0.0
3,69,0.0
3,80,0.0
3,82,0.0
3,93,0.0
3,96,0.008327586206896552
3,97,9.999999999999999e-05
3,98,0.00010344827586206896
3,99,0.0
3,103,0.031258620689655174
3,108,0.00416551724137931
4,1,0.04235862068965517
4,2,0.00028275862068965514
4,3,0.00043103448275862074
4,4,0.9308965517241379
4,5,0.01247586206896552
4,6,0.0020310344827586205
4,7,7.586206896551724e-05
4,8,0.0006103448275862069
4,9,0.0071586206896551725
4,10,0.0009827586206896553
4,12,3.4482758620689657e-05
4,13,3.793103448275862e-05
4,14,0.0
4,15,0.0005448275862068966
4,16,0.00014482758620689657
4,17,0.0002517241379310345
4,18,0.00035517241379310347
4,19,4.137931034482758e-05
4,20,0.0
4,22,0.0
4,23,7.586206896551724e-05
4,24,3.793103448275862e-05
4,27,0.0
4,28,0.0
4,29,0.0
4,32,0.0
4,33,3.4482758620689657e-05
4,34,3.793103448275862e-05
4,35,3.793103448275862e-05
4,36,3.793103448275862e-05
4,37,0.0001103448275862069
4,38,0.0
4,40,0.0
4,42,7.93103448275862e-05
4,44,0.0
4,45,0.0
4,47,0.0
4,48,3.4482758620689657e-05
4,53,0.0
4,54,0.0
4,59,0.0
4,60,0.00046206896551724157
4,63,0.0
4,67,0.0
4,72,0.0
4,87,0.0
4,96,3.4482758620689657e-05
4,97,0.0001724137931034483
4,98,3.793103448275862e-05
4,99,0.0
4,103,7.241379310344827e-05
4,108,0.0
4,111,0.0
5,1,0.06497931034482758
5,2,0.0009241379310344827
5,3,0.00046896551724137935
5,4,0.058213793103448264
5,5,0.7870896551724137
5,6,0.08023793103448275
5,7,0.0
5,8,0.0
5,9,0.0008241379310344828
5,10,0.0010827586206896553
5,12,0.0003413793103448276
5,13,0.0
5,14,0.00015517241379310343
5,15,0.00031034482758620686
5,16,0.0003103448275862069
5,17,0.0006344827586206896
5,18,0.0014344827586206896
5,19,0.0
5,21,0.0003172413793103448
5,22,0.0
5,23,0.0008034482758620689
5,24,0.0
5,26,0.0
5,28,0.0
5,29,0.0
5,32,0.00016206896551724137
5,33,0.0003068965517241379
5,34,0.0
5,35,0.00014482758620689654
5,36,0.0
5,37,0.00015517241379310343
5,38,0.0
5,39,0.00015172413793103449
5,40,0.0
5,48,0.0
5,67,0.0
5,96,0.0006172413793103448
5,97,0.0
5,98,0.00015172413793103449
5,99,0.0
5,108,0.00016206896551724137
6,1,0.007293103448275863
6,2,0.013972413793103445
6,3,0.003596551724137931
6,4,0.004013793103448277
6,5,0.04715172413793104
6,6,0.8667482758620689
6,7,0.00036206896551724136
6,8,0.0004275862068965517
6,9,0.004189655172413794
6,10,0.014455172413793104
6,11,8.620689655172414e-05
6,12,0.0019379310344827586
6,13,0.0004103448275862069
6,14,8.275862068965516e-05
6,15,0.006558620689655173
6,16,0.001089655172413793
6,17,0.0006517241379310344
6,18,0.017589655172413794
6,19,0.0004241379310344827
6,20,0.00017586206896551726
6,22,8.620689655172414e-05
6,23,8.620689655172414e-05
6,24,0.00033793103448275864
6,26,0.0
6,27,8.275862068965516e-05
6,28,0.00026551724137931036
6,32,0.0
6,33,0.001586206896551724
6,34,0.0
6,35,0.00016551724137931037
6,36,0.00017241379310344826
6,37,0.0003413793103448276
6,38,8.620689655172414e-05
6,39,0.0
6,40,0.00016551724137931037
6,43,0.0
6,44,0.0
6,45,0.0
6,46,0.0
6,47,8.620689655172414e-05
6,48,0.0
6,49,0.0
6,51,0.0
6,52,0.0
6,53,0.0
6,54,0.0
6,55,0.0
6,56,0.0
6,58,0.0
6,60,0.0001586206896551724
6,65,8.620689655172414e-05
6,68,0.0
6,75,9.310344827586207e-05
6,80,0.0
6,93,0.0
6,96,0.0034724137931034485
6,97,0.00016896551724137932
6,98,0.0005
6,99,7.93103448275862e-05
6,103,0.00041379310344827585
6,108,0.00033103448275862064
7,1,0.029413793103448268
7,2,0.0013586206896551726
7,3,0.0008413793103448275
7,4,0.0001413793103448276
7,5,0.0
7,6,0.00014482758620689654
7,7,0.9644689655172412
7,9,0.0
7,10,0.0
7,11,0.0
7,12,0.0
7,13,0.0
7,14,0.00013448275862068965
7,15,0.0009620689655172414
7,16,0.0002724137931034483
7,17,0.0
7,18,0.0
7,19,0.0
7,21,0.0
7,22,0.0
7,23,0.00042068965517241374
7,24,0.0
7,28,0.0
7,33,0.00013103448275862068
7,34,0.0
7,35,0.0
7,36,0.0
7,37,0.0
7,40,0.0
7,45,0.0
7,48,0.0
7,49,0.0
7,52,0.0
7,54,0.0
7,58,0.0
7,59,0.0
7,60,0.00013793103448275863
7,63,0.0
7,96,0.0012689655172413792
7,98,0.0
7,99,0.0
7,100,0.0
7,103,0.0002931034482758621
7,108,0.0
8,1,0.0
8,2,0.0
8,3,0.0
8,4,0.006148275862068965
8,5,0.00029655172413793103
8,6,0.0005827586206896551
8,8,0.9477172413793103
8,9,0.032720689655172414
8,10,0.006510344827586206
8,11,0.0003068965517241379
8,12,0.0
8,13,0.002096551724137931
8,15,0.0027241379310344828
8,16,0.0
8,17,0.0
8,18,0.0002793103448275862
8,19,0.00028620689655172414
8,21,0.0
8,22,0.0
8,23,0.0
8,28,0.0
8,33,0.00030344827586206897
8,34,0.0
8,36,0.0
8,37,0.0
8,47,0.0
8,48,0.0
8,58,0.0
8,65,0.0
8,90,0.0
8,96,0.0
8,97,0.0
8,108,0.0
9,1,0.0021551724137931034
9,2,0.0
9,3,0.00012413793103448277
9,4,0.02365172413793104
9,5,0.00038275862068965513
9,6,0.006672413793103449
9,7,0.00013448275862068965
9,8,0.014820689655172413
9,9,0.9181793103448277
9,10,0.031610344827586206
9,11,0.0002551724137931035
9,12,0.0
9,13,0.0
9,14,0.0002517241379310345
9,15,0.0005
9,16,0.0
9,17,0.0002551724137931035
9,18,0.0002586206896551724
9,19,0.0
9,20,0.0
9,21,0.0
9,22,0.0002517241379310345
9,23,0.0
9,26,0.0
9,28,0.0
9,33,0.0
9,34,0.00012413793103448277
9,35,0.0
9,37,0.0
9,38,0.0
9,40,0.00012413793103448277
9,41,0.0001206896551724138
9,45,0.0
9,46,0.00012413793103448277
9,48,0.0
9,52,0.0
9,58,0.0
9,60,0.0
9,65,0.0
9,96,0.0
9,97,0.0
9,98,0.0
9,103,0.0
9,108,0.0
10,1,0.000706896551724138
10,2,9.655172413793103e-05
10,3,0.00030344827586206897
10,4,0.0012551724137931034
10,5,0.0002586206896551724
10,6,0.010331034482758617
10,7,0.0
10,8,0.0010206896551724137
10,9,0.014020689655172416
10,10,0.959958620689655
10,11,0.005337931034482759
10,12,0.00010689655172413795
10,13,0.0
10,14,0.0
10,15,0.0009827586206896553
10,16,0.00015172413793103446
10,17,0.0002551724137931035
10,18,0.0007241379310344827
10,19,0.0002137931034482759
10,20,0.00010344827586206896
10,21,0.0
10,22,0.0
10,23,0.00010344827586206896
10,24,0.0
10,26,0.0
10,27,4.8275862068965517e-05
10,28,0.0
10,33,0.00031034482758620686
10,34,4.8275862068965517e-05
10,35,0.00010344827586206896
10,36,5.172413793103448e-05
10,37,0.00010344827586206896
10,38,0.0
10,39,5.172413793103448e-05
10,40,0.0
10,42,0.0
10,45,0.0008827586206896553
10,46,0.0005689655172413793
10,47,5.172413793103448e-05
10,48,0.00020344827586206895
10,49,0.0003586206896551724
10,50,0.0001586206896551724
10,51,5.172413793103448e-05
10,52,4.8275862068965517e-05
10,53,5.172413793103448e-05
10,54,0.0
10,55,0.0
10,56,4.8275862068965517e-05
10,58,0.00020689655172413793
10,59,0.0
10,60,0.0002
10,61,0.0
10,63,0.0
10,65,0.0
10,69,0.0
10,72,0.0
10,82,0.0
10,87,0.0
10,89,0.0
10,90,0.0
10,93,0.0
10,96,0.0
10,97,0.0
10,98,0.0001103448275862069
10,100,0.00010344827586206896
10,103,5.517241379310345e-05
10,108,0.0002551724137931035
11,1,0.0
11,4,0.0
11,6,0.0002448275862068966
11,7,0.0
11,8,0.00024827586206896553
11,9,0.00026206896551724137
11,10,0.025234482758620693
11,11,0.8749862068965515
11,12,0.0
11,13,0.0
11,15,0.0002413793103448276
11,16,0.0
11,17,0.0
11,18,0.00026206896551724137
11,19,0.0
11,20,0.0
11,23,0.0
11,24,0.0
11,30,0.0
11,33,0.0004896551724137932
11,34,0.00577586206896552
11,35,0.0004517241379310345
11,36,0.0002310344827586207
11,37,0.0014275862068965518
11,38,0.0
11,39,0.0
11,40,0.0002310344827586207
11,42,0.0
11,45,0.07340689655172412
11,46,0.009893103448275861
11,47,0.001406896551724138
11,48,0.0018931034482758623
11,49,0.0009275862068965517
11,50,0.001189655172413793
11,52,0.0
11,53,0.0
11,54,0.0
11,56,0.0
11,58,0.00023793103448275862
11,59,0.0
11,60,0.0
11,63,0.0
11,65,0.0
11,75,0.0
11,98,0.0002448275862068966
11,100,0.0007
11,108,0.0
12,1,0.0007241379310344828
12,2,0.0003344827586206897
12,3,0.012182758620689656
12,4,4.8275862068965517e-05
12,5,0.0
12,6,0.0005827586206896552
12,7,0.0
12,8,0.0
12,9,4.8275862068965517e-05
12,10,9.655172413793103e-05
12,11,0.0
12,12,0.845303448275862
12,13,0.030282758620689652
12,14,0.0006758620689655173
12,15,0.08480344827586206
12,16,0.0023689655172413793
12,17,0.0011413793103448274
12,18,0.0008137931034482758
12,19,9.655172413793103e-05
12,20,4.8275862068965517e-05
12,21,0.0
12,22,0.0
12,23,0.0001896551724137931
12,24,9.655172413793103e-05
12,26,9.655172413793103e-05
12,27,0.00014482758620689654
12,28,9.999999999999999e-05
12,29,0.0
12,30,5.172413793103448e-05
12,31,0.0
12,33,4.8275862068965517e-05
12,34,0.0
12,35,5.172413793103448e-05
12,36,4.8275862068965517e-05
12,37,9.655172413793103e-05
12,38,4.8275862068965517e-05
12,39,0.0
12,40,5.172413793103448e-05
12,42,0.0
12,44,0.0
12,45,0.0
12,46,0.0
12,48,0.0
12,49,0.0
12,50,0.0
12,51,0.0
12,52,0.0
12,53,0.0
12,56,0.0
12,58,0.0005793103448275863
12,60,0.00035172413793103447
12,61,0.0
12,63,0.0
12,64,0.0
12,65,0.0
12,66,0.0
12,72,0.0
12,73,0.0
12,74,0.0
12,78,0.0
12,79,0.0
12,81,0.0
12,82,0.0
12,85,0.0
12,87,0.0
12,89,0.0
12,90,0.0
12,92,0.0
12,96,4.482758620689655e-05
12,97,0.0006206896551724137
12,98,0.00019655172413793104
12,99,0.0
12,102,0.0
12,103,0.0056758620689655185
12,108,0.011965517241379307
12,110,0.0
13,1,0.0001103448275862069
13,2,0.0002448275862068966
13,3,0.00045517241379310346
13,4,5.862068965517241e-05
13,5,5.862068965517241e-05
13,6,0.00022758620689655173
13,7,0.0
13,8,0.00011724137931034482
13,9,0.0
13,10,0.0
13,11,0.0
13,12,0.038537931034482754
13,13,0.7973655172413792
13,14,0.012586206896551726
13,15,0.029665517241379308
13,16,0.0036103448275862063
13,17,0.0008689655172413795
13,18,0.0006241379310344828
13,19,0.00017586206896551723
13,20,0.00011724137931034484
13,21,5.862068965517241e-05
13,22,0.0
13,23,5.862068965517241e-05
13,24,0.00011379310344827586
13,25,0.0001103448275862069
13,26,0.0002413793103448276
13,27,0.0
13,28,0.0
13,30,0.0
13,33,0.00012068965517241378
13,34,0.0
13,35,0.0
13,36,5.862068965517241e-05
13,37,0.00011379310344827586
13,38,0.0
13,39,5.517241379310345e-05
13,40,0.00012413793103448277
13,42,0.0
13,45,0.0
13,46,0.0
13,48,0.0
13,49,0.0
13,50,0.0
13,53,5.862068965517241e-05
13,58,0.0
13,60,0.0
13,65,0.0
13,69,5.517241379310345e-05
13,78,0.0
13,96,0.00011379310344827586
13,97,0.04931724137931035
13,98,5.862068965517241e-05
13,99,0.0
13,103,0.00035862068965517247
13,108,0.06414482758620689
14,1,0.0
14,2,0.0
14,3,9.655172413793103e-05
14,4,0.0
14,6,9.655172413793103e-05
14,7,0.0
14,9,0.0002724137931034483
14,12,0.0010689655172413793
14,13,0.01787241379310345
14,14,0.9379586206896552
14,15,0.00696896551724138
14,16,0.0023551724137931035
14,17,0.0066241379310344834
14,18,0.00017586206896551726
14,19,0.0
14,20,9.310344827586207e-05
14,21,0.0001586206896551724
14,22,0.0
14,23,0.00019310344827586207
14,24,0.0
14,25,9.999999999999999e-05
14,26,0.00018275862068965518
14,27,0.0
14,33,9.999999999999999e-05
14,34,0.00010344827586206896
14,35,0.0
14,36,0.0
14,37,0.0
14,43,0.0
14,44,9.655172413793103e-05
14,46,0.0
14,48,9.999999999999999e-05
14,51,9.655172413793103e-05
14,55,0.0
14,58,0.0
14,60,0.0001896551724137931
14,63,0.0
14,66,0.0
14,96,0.0
14,97,0.022944827586206896
14,98,0.0
14,99,0.0
14,108,0.002127586206896552
15,1,0.0010517241379310346
15,2,0.00045517241379310346
15,3,0.005355172413793103
15,4,0.0001517241379310345
15,5,5.517241379310345e-05
15,6,0.0009793103448275864
15,7,9.655172413793105e-05
15,8,5.517241379310345e-05
15,9,8.275862068965519e-05
15,10,0.0002724137931034483
15,11,0.0
15,12,0.024999999999999998
15,13,0.007541379310344828
15,14,0.0013551724137931037
15,15,0.8605068965517241
15,16,0.016399999999999998
15,17,0.0031275862068965514
15,18,0.014558620689655175
15,19,0.003427586206896552
15,20,0.0002448275862068966
15,21,2.7586206896551727e-05
15,22,8.275862068965519e-05
15,23,0.0003724137931034483
15,24,0.00011034482758620692
15,25,0.0
15,26,0.00015172413793103449
15,27,0.0
15,28,0.00013793103448275865
15,29,0.0
15,30,0.0
15,31,0.0
15,32,0.0
15,33,0.0009241379310344827
15,34,0.00042068965517241374
15,35,0.00011034482758620692
15,36,0.00017931034482758626
15,37,0.00016206896551724137
15,38,2.7586206896551727e-05
15,39,5.517241379310345e-05
15,40,5.517241379310345e-05
15,41,2.7586206896551727e-05
15,42,1.3793103448275863e-05
15,43,0.0
15,44,2.7586206896551727e-05
15,45,2.7586206896551727e-05
15,46,1.3793103448275863e-05
15,47,1.3793103448275863e-05
15,48,0.00019310344827586207
15,49,1.3793103448275863e-05
15,50,2.7586206896551727e-05
15,51,5.517241379310345e-05
15,52,0.0
15,53,0.0
15,54,0.0
15,55,0.0
15,56,1.3793103448275863e-05
15,58,6.896551724137931e-05
15,59,0.0
15,60,5.517241379310345e-05
15,61,1.3793103448275863e-05
15,62,0.0
15,63,0.0
15,65,0.0
15,67,0.0
15,68,1.3793103448275863e-05
15,69,0.0
15,70,0.0
15,71,0.0
15,72,0.0
15,73,0.0
15,74,0.0
15,75,0.0
15,79,0.0
15,80,0.0
15,81,0.0
15,82,0.0
15,87,0.0
15,88,0.0
15,90,0.0
15,92,0.0
15,93,0.0
15,95,0.0
15,96,6.896551724137931e-05
15,97,0.004986206896551724
15,98,0.008382758620689655
15,99,1.3793103448275863e-05
15,100,0.0
15,102,2.7586206896551727e-05
15,103,0.0003034482758620689
15,108,0.042141379310344826
15,109,0.0
15,111,0.0
16,1,0.0003172413793103448
16,2,7.241379310344827e-05
16,3,0.00032413793103448275
16,4,5.172413793103448e-05
16,5,0.00012758620689655174
16,6,0.00027241379310344825
16,7,7.93103448275862e-05
16,8,0.0
16,9,0.0
16,10,0.00017931034482758623
16,11,0.0
16,12,0.0008310344827586204
16,13,0.0014172413793103447
16,14,0.0005793103448275861
16,15,0.02899655172413793
16,16,0.8932827586206895
16,17,0.03581724137931035
16,18,0.0013448275862068962
16,19,0.010068965517241379
16,20,0.0007
16,21,7.586206896551724e-05
16,22,7.241379310344827e-05
16,23,0.00039999999999999996
16,24,0.00014482758620689654
16,25,0.0
16,26,9.655172413793103e-05
16,27,0.00015172413793103449
16,28,0.0002551724137931035
16,29,0.0
16,30,0.0
16,33,0.000296551724137931
16,34,0.0005620689655172412
16,35,7.241379310344827e-05
16,36,9.655172413793103e-05
16,37,0.00023103448275862073
16,38,2.4137931034482758e-05
16,39,0.0
16,40,0.0
16,41,0.0
16,43,0.0
16,45,0.0
16,46,2.4137931034482758e-05
16,47,0.0
16,48,0.00010344827586206896
16,49,0.0
16,50,2.4137931034482758e-05
16,51,0.0
16,52,0.0
16,53,0.0
16,54,0.0
16,55,0.0
16,58,0.0
16,60,2.4137931034482758e-05
16,61,0.0
16,62,0.0
16,63,0.0
16,64,0.0
16,65,2.4137931034482758e-05
16,69,0.0
16,71,0.0
16,72,0.0
16,74,0.0
16,75,0.0
16,77,0.0
16,79,0.0
16,82,0.0
16,86,0.0
16,87,0.0
16,89,0.0
16,90,0.0
16,92,0.0
16,93,2.4137931034482758e-05
16,95,0.0
16,96,0.0
16,97,0.012603448275862069
16,98,0.000906896551724138
16,99,2.4137931034482758e-05
16,100,0.0
16,101,0.0
16,102,0.0
16,103,5.172413793103448e-05
16,108,0.009165517241379312
16,110,0.0
17,1,0.0003344827586206897
17,2,0.00021379310344827584
17,3,0.00036551724137931036
17,4,0.00015517241379310346
17,5,3.103448275862069e-05
17,6,0.00012068965517241378
17,7,0.0
17,8,0.0
17,9,0.0
17,10,3.103448275862069e-05
17,11,3.103448275862069e-05
17,12,0.0007206896551724138
17,13,0.0003931034482758621
17,14,0.002351724137931035
17,15,0.0076655172413793125
17,16,0.0419448275862069
17,17,0.8884344827586207
17,18,0.0013034482758620693
17,19,0.016220689655172416
17,20,0.018665517241379312
17,21,0.00012758620689655174
17,22,0.004237931034482758
17,23,0.007658620689655171
17,24,0.001106896551724138
17,25,3.103448275862069e-05
17,26,0.000396551724137931
17,27,0.00021379310344827584
17,28,0.0002689655172413793
17,29,3.103448275862069e-05
17,30,3.103448275862069e-05
17,31,0.0
17,32,0.0
17,33,0.001427586206896552
17,34,0.0006068965517241379
17,35,3.103448275862069e-05
17,36,0.0007965517241379312
17,37,0.00024482758620689653
17,38,2.7586206896551727e-05
17,39,2.7586206896551727e-05
17,40,6.551724137931034e-05
17,41,3.103448275862069e-05
17,42,3.103448275862069e-05
17,44,0.0
17,45,0.0
17,46,0.0
17,47,0.0
17,48,3.4482758620689657e-05
17,49,0.0
17,50,0.0
17,51,3.103448275862069e-05
17,52,0.0
17,53,0.0
17,54,0.0
17,58,0.0
17,63,0.0
17,67,0.0
17,79,0.0
17,87,0.0
17,93,6.206896551724138e-05
17,94,0.0
17,96,2.7586206896551727e-05
17,97,0.0005517241379310345
17,98,0.0012551724137931037
17,99,0.0
17,100,6.206896551724138e-05
17,103,6.206896551724138e-05
17,108,0.0015689655172413796
18,1,0.0021517241379310345
18,2,0.004189655172413791
18,3,0.010072413793103448
18,4,0.0009482758620689656
18,5,0.0009620689655172413
18,6,0.01835862068965517
18,7,0.0
18,8,7.93103448275862e-05
18,9,0.0006482758620689654
18,10,0.0012655172413793103
18,11,7.93103448275862e-05
18,12,0.0009586206896551724
18,13,0.0012586206896551724
18,14,0.00032068965517241375
18,15,0.08512758620689655
18,16,0.003655172413793103
18,17,0.0021310344827586204
18,18,0.834003448275862
18,19,0.0032586206896551713
18,20,0.00032068965517241375
18,21,0.0
18,22,7.93103448275862e-05
18,23,0.0006379310344827586
18,24,0.00024827586206896553
18,26,0.0
18,27,7.586206896551724e-05
18,28,0.00016206896551724135
18,30,0.0
18,32,0.0
18,33,0.009044827586206897
18,34,0.0009448275862068966
18,35,0.00024137931034482756
18,36,0.0003068965517241379
18,37,0.00023793103448275862
18,38,0.0
18,39,0.0
18,40,0.0
18,41,7.93103448275862e-05
18,42,0.0
18,45,0.0
18,47,0.0
18,48,0.00015517241379310346
18,49,0.0
18,51,0.0
18,52,0.0
18,53,0.0
18,58,0.0
18,61,0.0
18,63,0.0
18,67,0.0
18,69,7.93103448275862e-05
18,71,0.0
18,93,0.0
18,96,0.0004724137931034483
18,97,0.0003275862068965517
18,98,0.011865517241379311
18,99,7.93103448275862e-05
18,100,0.0
18,103,0.0
18,108,0.005165517241379311
19,1,0.0
19,2,0.0
19,3,0.0
19,4,0.00019310344827586207
19,5,9.655172413793103e-05
19,6,0.0004827586206896552
19,7,0.0
19,8,0.0
19,9,0.00019310344827586207
19,10,0.0002896551724137931
19,11,0.0
19,12,0.0002931034482758621
19,13,0.0004172413793103448
19,14,0.0
19,15,0.025568965517241377
19,16,0.04005862068965516
19,17,0.05555862068965516
19,18,0.0038482758620689652
19,19,0.770844827586207
19,20,0.034406896551724145
19,21,0.0
19,22,0.0
19,23,0.001458620689655172
19,24,8.96551724137931e-05
19,25,0.0
19,26,0.00029655172413793103
19,27,0.00020344827586206895
19,28,0.00038620689655172413
19,29,9.310344827586207e-05
19,30,0.0
19,32,9.310344827586207e-05
19,33,0.012379310344827586
19,34,0.00673103448275862
19,35,0.0002896551724137931
19,36,9.655172413793103e-05
19,37,0.0008551724137931036
19,38,0.00019655172413793104
19,39,0.0
19,40,0.0004931034482758621
19,41,9.655172413793103e-05
19,42,0.0
19,45,0.00010344827586206896
19,46,0.0
19,47,9.655172413793103e-05
19,48,9.999999999999999e-05
19,49,0.00028620689655172414
19,50,0.0
19,53,0.0
19,55,0.0
19,56,9.999999999999999e-05
19,58,0.0
19,60,0.0
19,61,0.0
19,63,0.0
19,93,9.655172413793103e-05
19,96,9.999999999999999e-05
19,97,0.0005
19,98,0.04092413793103447
19,99,0.0
19,101,0.0
19,103,9.655172413793103e-05
19,108,0.001593103448275862
20,1,0.00047586206896551724
20,2,0.0
20,3,0.0
20,4,9.310344827586207e-05
20,6,9.999999999999999e-05
20,9,0.0
20,10,0.0
20,11,0.0
20,12,0.00018620689655172415
20,13,0.00020344827586206895
20,14,9.999999999999999e-05
20,15,0.001806896551724138
20,16,0.0016068965517241377
20,17,0.058689655172413806
20,18,0.00019655172413793104
20,19,0.0312
20,20,0.8100551724137928
20,21,0.0008655172413793105
20,22,0.0002689655172413793
20,23,0.040520689655172415
20,24,0.001682758620689655
20,25,0.0
20,26,0.0007482758620689654
20,27,0.0002724137931034483
20,28,0.0011551724137931032
20,29,0.0056793103448275865
20,30,0.0
20,31,0.0
20,33,0.00226896551724138
20,34,0.005896551724137932
20,35,0.02069999999999999
20,36,0.009041379310344827
20,37,0.0016034482758620688
20,38,0.0026310344827586204
20,39,0.0
20,40,9.999999999999999e-05
20,41,8.96551724137931e-05
20,42,0.0
20,44,0.0
20,45,0.0
20,46,0.0
20,47,0.0
20,48,0.0
20,49,0.0
20,50,9.999999999999999e-05
20,51,0.0
20,52,0.0
20,53,0.0
20,54,8.96551724137931e-05
20,55,0.0
20,56,0.0
20,58,9.310344827586207e-05
20,60,0.0
20,67,0.0
20,71,0.0
20,84,0.0
20,93,0.0005655172413793103
20,97,0.0
20,98,0.0006655172413793104
20,99,9.999999999999999e-05
20,103,0.0
20,108,9.999999999999999e-05
20,109,0.0
21,1,0.0
21,3,0.0
21,5,0.0
21,6,0.0
21,7,0.0
21,9,0.0
21,10,0.0
21,11,0.0
21,12,0.0
21,13,0.00014482758620689654
21,14,0.00031034482758620686
21,15,0.0001413793103448276
21,16,0.00014827586206896551
21,17,0.00028620689655172414
21,18,0.0
21,19,0.0
21,20,0.0007482758620689654
21,21,0.9306206896551725
21,22,0.05838275862068966
21,23,0.002268965517241379
21,24,0.0003068965517241379
21,25,0.004224137931034483
21,26,0.0003034482758620689
21,27,0.0
21,28,0.0
21,29,0.0
21,30,0.0007379310344827586
21,31,0.00014827586206896551
21,33,0.00015517241379310343
21,34,0.0
21,35,0.0
21,36,0.0001586206896551724
21,37,0.00014482758620689654
21,38,0.0
21,39,0.0
21,40,0.0001586206896551724
21,41,0.0
21,42,0.0
21,43,0.0
21,45,0.0
21,46,0.0
21,48,0.0
21,50,0.0
21,51,0.0
21,52,0.0
21,55,0.0
21,56,0.0
21,58,0.0
21,60,0.0005931034482758621
21,63,0.0
21,64,0.0
21,69,0.0
21,75,0.0
21,93,0.0
21,96,0.0
21,97,0.0
21,98,0.0
21,99,0.0
21,103,0.0
21,108,0.0
21,109,0.0
22,1,0.0
22,2,0.0
22,3,4.8275862068965517e-05
22,4,0.0
22,5,0.0
22,6,0.0
22,7,0.0
22,8,0.0
22,9,5.172413793103448e-05
22,10,0.0
22,11,0.0
22,12,0.00014827586206896551
22,13,0.0
22,14,0.0
22,15,0.00014827586206896551
22,16,4.8275862068965517e-05
22,17,0.006555172413793104
22,18,4.8275862068965517e-05
22,19,4.8275862068965517e-05
22,20,0.0002931034482758621
22,21,0.01944137931034483
22,22,0.9509586206896554
22,23,0.008813793103448276
22,24,0.006324137931034482
22,25,0.003358620689655172
22,26,0.0013103448275862066
22,27,0.0009137931034482756
22,28,0.0007379310344827585
22,29,0.0
22,30,4.8275862068965517e-05
22,32,0.0
22,33,4.8275862068965517e-05
22,34,0.0
22,35,0.0
22,36,4.8275862068965517e-05
22,37,0.00014827586206896551
22,38,4.8275862068965517e-05
22,39,4.8275862068965517e-05
22,40,4.8275862068965517e-05
22,41,0.0
22,42,0.0
22,43,0.0
22,44,0.0
22,46,4.8275862068965517e-05
22,48,0.0
22,49,0.0
22,50,0.0
22,51,4.8275862068965517e-05
22,52,0.0
22,55,0.0
22,58,0.0
22,59,0.0
22,66,0.0
22,67,0.0
22,69,0.0
22,71,4.8275862068965517e-05
22,72,0.0
22,79,0.0
22,80,0.0
22,90,0.0
22,93,4.8275862068965517e-05
22,96,4.8275862068965517e-05
22,97,0.0
22,98,0.0
22,99,0.0
22,108,5.172413793103448e-05
22,109,0.0
23,1,4.8275862068965517e-05
23,2,0.00015517241379310346
23,3,0.00015172413793103449
23,4,0.00010689655172413795
23,5,0.00019999999999999998
23,6,0.0003068965517241379
23,7,0.0
23,9,0.0
23,10,5.172413793103448e-05
23,11,5.172413793103448e-05
23,12,0.0003034482758620689
23,13,0.00015172413793103449
23,14,9.999999999999999e-05
23,15,0.0009758620689655173
23,16,0.0007586206896551724
23,17,0.011351724137931037
23,18,0.00019999999999999998
23,19,0.0005068965517241379
23,20,0.01996896551724138
23,21,0.0011758620689655175
23,22,0.009693103448275864
23,23,0.8820551724137932
23,24,0.03187586206896552
23,25,0.00025172413793103453
23,26,0.0017379310344827583
23,27,0.003958620689655172
23,28,0.016306896551724136
23,29,0.010696551724137932
23,30,5.172413793103448e-05
23,31,0.0
23,32,0.0
23,33,0.0003068965517241379
23,34,0.00015517241379310346
23,35,0.00046206896551724135
23,36,0.0007655172413793104
23,37,0.0008206896551724137
23,38,0.0007689655172413794
23,39,0.0005655172413793103
23,40,0.0003586206896551724
23,41,5.172413793103448e-05
23,42,0.0
23,44,0.0
23,45,0.0
23,46,0.00010344827586206896
23,47,9.999999999999999e-05
23,48,0.00035172413793103447
23,49,0.00020689655172413793
23,50,5.172413793103448e-05
23,51,5.172413793103448e-05
23,52,0.0
23,53,5.172413793103448e-05
23,54,5.172413793103448e-05
23,55,5.172413793103448e-05
23,56,0.0
23,57,0.0
23,58,4.8275862068965517e-05
23,60,5.172413793103448e-05
23,63,0.0
23,64,0.0
23,66,0.0
23,67,4.8275862068965517e-05
23,68,0.0
23,69,0.0
23,70,0.00031379310344827586
23,71,5.172413793103448e-05
23,72,0.0
23,74,0.0
23,75,0.0
23,82,0.0
23,87,4.8275862068965517e-05
23,93,0.00015172413793103446
23,96,0.0
23,97,9.999999999999999e-05
23,98,5.172413793103448e-05
23,99,0.00015172413793103446
23,103,0.0
23,108,0.0002517241379310345
23,109,0.0003068965517241379
23,111,0.0
24,1,0.0
24,3,0.0
24,4,4.8275862068965517e-05
24,5,0.0
24,6,4.482758620689655e-05
24,7,0.0
24,10,5.172413793103448e-05
24,11,0.0
24,12,0.0001413793103448276
24,13,4.482758620689655e-05
24,14,0.0
24,15,0.00048275862068965523
24,16,0.00033103448275862075
24,17,0.001082758620689655
24,18,5.172413793103448e-05
24,19,0.00014482758620689654
24,20,0.00106551724137931
24,21,0.0001413793103448276
24,22,0.005606896551724137
24,23,0.029051724137931032
24,24,0.8668551724137931
24,25,0.005337931034482759
24,26,0.0215551724137931
24,27,0.009296551724137932
24,28,0.05355862068965517
24,29,0.0016310344827586204
24,30,0.0002793103448275862
24,31,4.482758620689655e-05
24,32,9.310344827586207e-05
24,33,4.482758620689655e-05
24,34,0.0
24,35,4.8275862068965517e-05
24,36,9.310344827586207e-05
24,37,0.0005827586206896551
24,38,0.0006620689655172412
24,39,9.310344827586207e-05
24,40,0.00018965517241379312
24,41,0.0
24,42,0.0
24,44,0.0
24,45,0.0
24,46,0.0
24,48,9.310344827586207e-05
24,49,0.00047586206896551724
24,51,0.0
24,52,4.482758620689655e-05
24,53,4.8275862068965517e-05
24,54,0.0
24,55,0.0
24,58,0.0
24,59,0.0
24,60,5.172413793103448e-05
24,63,4.8275862068965517e-05
24,68,0.0
24,70,0.0
24,71,0.0
24,93,0.0004275862068965517
24,96,0.0
24,97,0.0
24,98,0.0
24,99,0.0
24,100,0.0
24,103,0.0
24,108,0.00014827586206896551
25,1,0.0
25,5,0.0
25,13,0.00037586206896551724
25,14,0.0002448275862068966
25,15,0.0
25,16,0.0
25,17,0.0002517241379310345
25,18,0.0
25,19,0.0
25,20,0.0
25,21,0.0031620689655172413
25,22,0.009610344827586208
25,23,0.00011724137931034482
25,24,0.012741379310344825
25,25,0.9108655172413794
25,26,0.04132068965517241
25,27,0.0062103448275862075
25,28,0.005262068965517242
25,29,0.00011724137931034482
25,30,0.007724137931034482
25,31,0.0
25,32,0.00011724137931034482
25,33,0.0
25,35,0.0
25,36,0.0
25,37,0.0005206896551724138
25,38,0.00024137931034482756
25,39,0.00011724137931034482
25,40,0.0
25,41,0.0
25,42,0.0
25,45,0.0
25,48,0.0
25,49,0.0
25,51,0.0
25,52,0.0
25,55,0.0
25,58,0.0
25,60,0.0
25,80,0.0
25,90,0.0
25,93,0.0009931034482758621
25,97,0.0
25,99,0.0
25,103,0.0
25,108,0.0
26,1,4.482758620689655e-05
26,2,0.0
26,3,0.0
26,4,0.0
26,6,4.482758620689655e-05
26,10,0.0
26,11,0.0
26,12,0.0
26,13,0.0
26,14,0.0
26,15,0.0004517241379310344
26,16,0.0003172413793103448
26,17,0.0003172413793103448
26,18,0.0
26,19,8.96551724137931e-05
26,20,0.00022758620689655173
26,21,0.0002689655172413793
26,22,0.0010310344827586205
26,23,0.0016172413793103448
26,24,0.018720689655172415
26,25,0.018089655172413795
26,26,0.8328068965517244
26,27,0.06721724137931036
26,28,0.03007931034482758
26,29,0.0009241379310344827
26,30,0.002320689655172413
26,31,0.0005517241379310345
26,32,0.00017586206896551723
26,33,0.0
26,34,0.0
26,35,4.482758620689655e-05
26,36,8.96551724137931e-05
26,37,0.0006344827586206895
26,38,0.0
26,39,0.00027586206896551725
26,40,4.482758620689655e-05
26,41,0.0
26,42,4.482758620689655e-05
26,46,8.96551724137931e-05
26,47,4.482758620689655e-05
26,48,8.96551724137931e-05
26,50,0.0
26,52,0.0
26,53,8.96551724137931e-05
26,54,0.0
26,57,0.0
26,58,0.00018620689655172415
26,59,0.0
26,60,0.00036206896551724136
26,61,0.0
26,63,0.000855172413793103
26,67,8.96551724137931e-05
26,68,9.310344827586207e-05
26,72,0.0
26,74,0.0
26,75,0.0
26,79,0.0
26,82,0.0
26,86,0.0
26,87,0.0
26,92,4.482758620689655e-05
26,93,0.021486206896551723
26,98,0.00013103448275862068
26,99,0.0
26,108,4.482758620689655e-05
27,1,5.172413793103448e-05
27,3,0.0
27,4,0.0
27,6,0.0
27,7,0.0
27,9,0.0
27,10,5.172413793103448e-05
27,11,0.0
27,12,4.482758620689655e-05
27,13,0.0
27,15,0.00015172413793103449
27,16,0.00014827586206896551
27,17,0.0009931034482758617
27,18,0.00015517241379310346
27,19,9.999999999999999e-05
27,20,4.8275862068965517e-05
27,21,0.0
27,22,0.0004862068965517242
27,23,0.0025482758620689657
27,24,0.0072724137931034485
27,25,0.0023413793103448277
27,26,0.06852413793103448
27,27,0.7886896551724137
27,28,0.08480344827586205
27,29,0.012562068965517242
27,30,0.01069655172413793
27,31,0.0008758620689655173
27,32,0.0001896551724137931
27,33,0.0
27,34,0.00034137931034482763
27,35,0.0
27,36,9.999999999999999e-05
27,37,0.0004931034482758621
27,38,0.0016655172413793102
27,39,0.00010344827586206896
27,40,0.0
27,41,0.0
27,42,4.8275862068965517e-05
27,45,0.0
27,46,0.0
27,47,0.0
27,48,0.0
27,50,0.0
27,51,5.172413793103448e-05
27,52,4.8275862068965517e-05
27,53,0.0
27,58,5.172413793103448e-05
27,60,4.8275862068965517e-05
27,61,0.0
27,63,0.0
27,66,0.0
27,67,0.0
27,69,0.0
27,70,0.0
27,71,0.0
27,72,0.0
27,82,0.0
27,83,0.0
27,87,0.0
27,90,0.0
27,92,0.0
27,93,0.01583448275862069
27,96,0.0
27,97,0.0
27,98,0.00019310344827586207
27,99,0.0
27,100,4.8275862068965517e-05
27,108,0.00015517241379310346
27,109,0.0
27,110,4.8275862068965517e-05
27,111,0.0
28,1,0.0
28,2,3.793103448275862e-05
28,3,3.793103448275862e-05
28,4,0.0
28,5,0.0
28,6,4.137931034482758e-05
28,7,0.0
28,9,0.0
28,10,0.0
28,12,0.00012413793103448277
28,13,0.0
28,14,4.137931034482758e-05
28,15,0.0004482758620689655
28,16,0.00020344827586206895
28,17,0.0006379310344827586
28,18,0.00020344827586206895
28,19,0.0004586206896551724
28,20,0.0007310344827586206
28,21,0.0
28,22,0.0005758620689655172
28,23,0.012672413793103448
28,24,0.047568965517241386
28,25,0.0022413793103448275
28,26,0.02867241379310345
28,27,0.0722103448275862
28,28,0.795741379310345
28,29,0.029679310344827587
28,30,0.0004896551724137932
28,31,0.00011724137931034484
28,32,8.275862068965516e-05
28,33,0.00016551724137931032
28,34,8.275862068965516e-05
28,35,0.0001275862068965517
28,36,0.0002896551724137931
28,37,0.001793103448275862
28,38,0.0008413793103448275
28,39,0.000396551724137931
28,40,0.0002896551724137931
28,41,7.93103448275862e-05
28,42,0.0
28,44,0.0
28,46,0.0
28,47,0.0
28,48,0.00036551724137931036
28,49,3.793103448275862e-05
28,50,8.620689655172413e-05
28,51,4.137931034482758e-05
28,52,0.0
28,53,0.0
28,54,0.0
28,55,0.0
28,56,0.0
28,57,0.0
28,58,4.137931034482758e-05
28,59,0.0002068965517241379
28,60,0.0007517241379310344
28,61,0.0
28,63,0.0
28,65,0.0
28,66,0.0
28,67,3.793103448275862e-05
28,68,0.0
28,70,0.0
28,71,0.0
28,72,0.0
28,78,0.0
28,87,0.0
28,93,0.0009724137931034482
28,96,0.0
28,97,3.793103448275862e-05
28,98,7.93103448275862e-05
28,99,4.482758620689655e-05
28,100,0.0
28,103,0.0
28,108,0.00019999999999999998
29,1,0.0007206896551724139
29,4,0.0
29,6,0.00014482758620689654
29,12,0.0
29,15,0.0001586206896551724
29,16,0.0
29,17,0.00015172413793103449
29,18,0.00015517241379310343
29,19,0.00014482758620689654
29,20,0.01096551724137931
29,21,0.0
29,22,0.0
29,23,0.031148275862068964
29,24,0.005717241379310344
29,25,0.0003034482758620689
29,26,0.0024172413793103445
29,27,0.0341
29,28,0.10213448275862069
29,29,0.7381103448275863
29,30,0.0
29,31,0.0
29,33,0.0
29,34,0.00016206896551724137
29,35,0.0002793103448275862
29,36,0.005093103448275862
29,37,0.007403448275862068
29,38,0.0585896551724138
29,39,0.0008758620689655173
29,40,0.00013793103448275863
29,41,0.0
29,42,0.0001586206896551724
29,43,0.0
29,45,0.0
29,46,0.0
29,47,0.00014827586206896551
29,48,0.00028620689655172414
29,50,0.0
29,51,0.0
29,52,0.0
29,53,0.0
29,54,0.0
29,58,0.00029655172413793103
29,67,0.0
29,68,0.0
29,71,0.0
29,93,0.00016206896551724137
29,96,0.0
29,97,0.0
29,98,0.0
29,99,0.0
29,108,0.0
30,1,0.0
30,2,0.0
30,3,0.0
30,6,0.0
30,12,6.551724137931034e-05
30,13,6.551724137931034e-05
30,15,0.0
30,16,0.0
30,17,6.896551724137931e-05
30,18,0.0
30,19,0.0
30,20,0.0
30,21,0.0002689655172413793
30,22,6.896551724137931e-05
30,23,0.00013103448275862068
30,24,0.0002689655172413793
30,25,0.003289655172413793
30,26,0.0030482758620689657
30,27,0.015006896551724139
30,28,0.0007931034482758619
30,29,0.0
30,30,0.8938344827586207
30,31,0.042924137931034494
30,32,0.006813793103448277
30,33,0.0
30,35,0.00013448275862068965
30,36,6.551724137931034e-05
30,37,0.0
30,38,6.896551724137931e-05
30,39,6.551724137931034e-05
30,40,0.0
30,41,0.0
30,42,0.0
30,45,0.0
30,47,0.0
30,48,0.0
30,50,0.0
30,52,0.0
30,53,6.551724137931034e-05
30,58,0.0
30,60,6.896551724137931e-05
30,69,0.0
30,71,0.0
30,82,0.0
30,89,0.0
30,93,0.03285862068965517
30,97,0.0
30,98,0.0
30,108,0.0
31,12,0.0
31,15,0.0
31,17,0.0
31,20,0.0
31,21,0.00031034482758620686
31,23,0.0
31,24,0.0
31,25,0.0
31,26,0.0023448275862068967
31,27,0.0034068965517241386
31,28,0.00029655172413793103
31,29,0.0
31,30,0.18592413793103454
31,31,0.7662344827586207
31,32,0.03664827586206897
31,33,0.0
31,34,0.0
31,35,0.0
31,36,0.0
31,37,0.0002793103448275862
31,48,0.0
31,58,0.0
31,63,0.0
31,71,0.0
31,93,0.004555172413793104
31,99,0.0
31,108,0.0
32,4,0.0
32,6,0.0
32,10,0.0
32,15,0.0
32,17,0.0002413793103448276
32,19,0.00024827586206896553
32,21,0.0
32,22,0.0
32,23,0.0
32,24,0.0004586206896551724
32,25,0.0
32,26,0.0007137931034482759
32,27,0.0009689655172413793
32,28,0.0007241379310344828
32,29,0.0
32,30,0.021375862068965516
32,31,0.03761379310344827
32,32,0.9359689655172415
32,37,0.0
32,38,0.0
32,39,0.0002448275862068966
32,41,0.0
32,42,0.0
32,48,0.0
32,58,0.0
32,93,0.0014517241379310344
32,98,0.0
33,1,0.0009551724137931034
33,2,0.0003275862068965517
33,3,0.0003
33,4,0.0004620689655172414
33,5,0.0006241379310344827
33,6,0.0031310344827586204
33,7,0.0
33,8,0.0
33,9,0.0
33,10,0.0014103448275862068
33,11,0.00031379310344827586
33,12,0.0003103448275862069
33,13,0.00016551724137931032
33,14,0.00014827586206896551
33,15,0.007758620689655173
33,16,0.002196551724137931
33,17,0.006451724137931035
33,18,0.01919310344827586
33,19,0.02122758620689655
33,20,0.003444827586206896
33,21,0.0
33,22,0.0
33,23,0.0009379310344827587
33,24,0.0003068965517241379
33,25,0.0
33,26,0.0
33,27,0.0
33,28,0.0006103448275862069
33,29,0.0
33,31,0.0
33,33,0.8775034482758621
33,34,0.021537931034482757
33,35,0.0023862068965517236
33,36,0.001293103448275862
33,37,0.002172413793103448
33,38,0.00016551724137931032
33,39,0.0010965517241379311
33,40,0.0009586206896551725
33,41,0.00031034482758620686
33,42,0.00033793103448275864
33,44,0.0
33,45,0.0004586206896551724
33,46,0.0004689655172413793
33,47,0.0
33,48,0.0001586206896551724
33,49,0.0
33,50,0.0
33,51,0.0
33,52,0.0
33,55,0.0
33,58,0.00047586206896551724
33,60,0.0
33,61,0.0
33,67,0.0
33,69,0.0
33,71,0.0
33,87,0.0
33,93,0.0
33,96,0.0
33,97,0.0011068965517241377
33,98,0.017744827586206893
33,99,0.0
33,100,0.0001586206896551724
33,103,0.0
33,108,0.001410344827586207
33,109,0.0
34,1,0.0003586206896551724
34,2,0.0
34,3,0.00035517241379310347
34,4,0.0
34,5,0.0
34,6,0.00023793103448275862
34,7,0.0
34,8,0.0
34,9,0.0
34,10,0.00022758620689655173
34,11,0.002703448275862069
34,12,0.0001103448275862069
34,13,0.0004689655172413793
34,14,0.0004655172413793103
34,15,0.0026931034482758623
34,16,0.0020965517241379314
34,17,0.0029068965517241386
34,18,0.0007965517241379311
34,19,0.01023448275862069
34,20,0.006586206896551723
34,21,0.0
34,22,0.0
34,23,0.00012413793103448277
34,24,0.00024827586206896553
34,26,0.0
34,27,0.00023448275862068965
34,28,0.00023793103448275862
34,29,0.00033793103448275864
34,30,0.0
34,33,0.015068965517241384
34,34,0.8809620689655173
34,35,0.05343103448275861
34,36,0.003272413793103449
34,37,0.0036448275862068966
34,38,0.002010344827586207
34,39,0.00045517241379310346
34,40,0.0008137931034482758
34,41,0.00012758620689655174
34,42,0.00011724137931034482
34,43,0.0
34,44,0.0
34,45,0.003889655172413793
34,46,0.00046551724137931035
34,47,0.00011724137931034482
34,48,0.00046551724137931035
34,49,0.00011724137931034482
34,50,0.00023793103448275862
34,51,0.0
34,52,0.00022758620689655173
34,53,0.0
34,54,0.0
34,55,0.0
34,57,0.00011379310344827586
34,58,0.0001206896551724138
34,59,0.0
34,60,0.0
34,61,0.0
34,63,0.0
34,65,0.0001206896551724138
34,67,0.0
34,68,0.0
34,69,0.0
34,71,0.0
34,73,0.0
34,76,0.0
34,82,0.0
34,87,0.0
34,93,0.0
34,96,0.0
34,97,0.0
34,98,0.0019586206896551723
34,99,0.00022758620689655173
34,100,0.0001206896551724138
34,108,0.00047931034482758623
34,109,0.0
35,1,0.00019310344827586207
35,2,0.0
35,3,0.0
35,4,0.0
35,5,0.0
35,6,0.0
35,7,0.0
35,8,0.0
35,9,0.0
35,10,0.0001896551724137931
35,11,0.0
35,12,9.999999999999999e-05
35,13,0.0
35,15,0.001013793103448276
35,16,0.0003827586206896552
35,17,0.0004655172413793103
35,18,0.0
35,19,0.00018620689655172415
35,20,0.023462068965517238
35,21,0.0
35,22,0.0
35,23,0.0010344827586206897
35,24,9.999999999999999e-05
35,25,0.0
35,26,0.0
35,27,9.310344827586207e-05
35,28,8.96551724137931e-05
35,29,0.0
35,30,0.0
35,31,0.0
35,33,0.0027448275862068956
35,34,0.04304827586206896
35,35,0.831993103448276
35,36,0.08371034482758617
35,37,0.004706896551724138
35,38,0.0015137931034482758
35,39,0.0010620689655172415
35,40,0.0009275862068965519
35,41,9.310344827586207e-05
35,42,0.0
35,43,0.0
35,45,0.0012137931034482759
35,46,0.00018620689655172415
35,47,9.310344827586207e-05
35,48,0.0
35,49,9.310344827586207e-05
35,50,0.0
35,51,0.0
35,52,0.0
35,53,0.0
35,54,0.0
35,56,0.0
35,58,0.0
35,59,0.0
35,60,0.00019310344827586207
35,61,8.620689655172414e-05
35,63,0.0
35,65,0.0
35,67,0.0
35,69,0.0
35,71,0.0
35,78,0.0
35,79,0.0
35,90,0.0
35,91,0.0
35,93,9.310344827586207e-05
35,96,0.0
35,97,0.0
35,98,9.310344827586207e-05
35,99,0.0007724137931034483
35,100,0.0
35,103,0.0
35,108,9.310344827586207e-05
35,109,0.0
36,1,0.00018275862068965518
36,2,0.0
36,3,0.0
36,4,6.551724137931034e-05
36,5,0.0
36,6,0.00018620689655172415
36,7,0.0
36,8,0.0
36,9,0.0
36,10,0.00012068965517241378
36,11,0.0
36,12,0.00012758620689655174
36,13,0.0
36,15,0.0011310344827586208
36,16,0.00031034482758620686
36,17,0.0011275862068965516
36,18,0.00018620689655172415
36,19,0.0002551724137931035
36,20,0.0071586206896551725
36,21,0.0
36,22,0.00018275862068965518
36,23,0.0010689655172413793
36,24,0.0
36,25,0.00012758620689655174
36,26,0.0
36,27,0.00013103448275862068
36,28,0.000496551724137931
36,29,0.002168965517241379
36,30,0.0
36,31,6.206896551724138e-05
36,33,0.0004965517241379311
36,34,0.001196551724137931
36,35,0.056248275862068986
36,36,0.8561413793103447
36,37,0.050331034482758615
36,38,0.0133
36,39,0.0017793103448275865
36,40,0.0012793103448275863
36,41,0.00019310344827586207
36,42,0.0
36,43,0.0
36,44,0.0
36,45,5.862068965517241e-05
36,46,6.551724137931034e-05
36,47,0.0012482758620689656
36,48,0.00032413793103448275
36,49,0.0
36,50,0.0
36,51,0.00012413793103448277
36,52,0.0003137931034482758
36,53,5.862068965517241e-05
36,54,5.862068965517241e-05
36,55,0.0
36,56,0.0
36,57,0.0
36,58,5.862068965517241e-05
36,60,0.00012758620689655174
36,61,6.206896551724138e-05
36,63,0.00012413793103448277
36,66,0.0
36,67,6.206896551724138e-05
36,69,6.206896551724138e-05
36,71,0.0
36,74,0.0
36,77,0.0
36,78,0.0
36,93,0.0
36,96,0.0
36,97,0.0
36,98,0.0
36,99,0.0008034482758620689
36,100,0.00012068965517241378
36,108,6.206896551724138e-05
36,109,0.0001896551724137931
37,1,0.0003448275862068965
37,2,0.0
37,3,0.0
37,4,4.137931034482758e-05
37,5,0.0
37,6,0.0002655172413793103
37,7,0.0
37,9,0.0
37,10,0.00021379310344827582
37,11,0.0001275862068965517
37,12,0.0
37,13,0.0
37,14,0.0
37,15,0.001162068965517241
37,16,0.0002689655172413793
37,17,0.00042758620689655163
37,18,0.00013103448275862068
37,19,0.0002551724137931034
37,20,0.000889655172413793
37,21,0.0
37,22,0.0001275862068965517
37,23,0.0010586206896551723
37,24,0.00043793103448275863
37,25,0.0
37,26,0.0004310344827586206
37,27,0.00021034482758620687
37,28,0.001817241379310345
37,29,0.0019068965517241383
37,30,4.137931034482758e-05
37,31,0.0
37,32,0.0
37,33,0.0005517241379310345
37,34,0.0014448275862068965
37,35,0.0023931034482758623
37,36,0.034420689655172414
37,37,0.8769103448275861
37,38,0.027268965517241377
37,39,0.023934482758620694
37,40,0.0065206896551724125
37,41,0.0004655172413793103
37,42,0.0003448275862068965
37,43,4.137931034482758e-05
37,44,0.0
37,45,0.0
37,46,0.00013103448275862068
37,47,0.0020758620689655173
37,48,0.005258620689655171
37,49,0.00030344827586206897
37,50,0.00039999999999999996
37,51,0.0002551724137931034
37,52,8.96551724137931e-05
37,53,4.137931034482758e-05
37,54,4.482758620689655e-05
37,55,4.137931034482758e-05
37,56,4.482758620689655e-05
37,57,0.0
37,58,0.0005103448275862068
37,59,0.0
37,60,4.137931034482758e-05
37,61,0.0
37,63,0.0
37,64,0.0
37,65,0.0005689655172413792
37,66,4.8275862068965517e-05
37,67,0.0003034482758620689
37,68,4.137931034482758e-05
37,69,0.00021379310344827584
37,70,0.00034827586206896547
37,71,0.0001275862068965517
37,72,4.137931034482758e-05
37,73,0.0
37,74,0.0
37,75,0.0
37,78,0.0
37,79,0.0
37,80,0.0
37,81,0.0
37,82,0.0
37,86,0.0
37,87,0.0
37,89,0.0
37,90,0.0
37,92,0.0
37,93,4.137931034482758e-05
37,96,4.482758620689655e-05
37,97,0.0
37,98,0.00012413793103448277
37,99,0.0022413793103448275
37,100,0.001706896551724138
37,101,0.0003517241379310344
37,103,0.0
37,108,8.275862068965516e-05
37,109,4.137931034482758e-05
38,1,0.0
38,5,0.0
38,6,0.0
38,11,0.0
38,12,0.00010689655172413792
38,13,0.0
38,15,0.00021034482758620687
38,16,0.0
38,17,0.0003172413793103448
38,18,0.0
38,19,0.0
38,20,0.0023448275862068967
38,21,0.0
38,22,0.00021379310344827584
38,23,0.0009724137931034481
38,24,0.0013034482758620689
38,25,0.0001103448275862069
38,26,0.00022068965517241379
38,27,0.002982758620689655
38,28,0.003082758620689656
38,29,0.041396551724137934
38,30,0.0
38,32,0.0
38,33,0.0004206896551724138
38,34,0.0021448275862068966
38,35,0.0011793103448275862
38,36,0.022672413793103443
38,37,0.06726896551724139
38,38,0.8195482758620691
38,39,0.025606896551724132
38,40,0.0029620689655172417
38,41,0.0003172413793103448
38,42,0.0003344827586206897
38,43,0.0
38,46,0.0
38,47,0.0
38,48,0.00010689655172413792
38,49,0.00032068965517241375
38,50,0.0
38,51,0.0
38,52,0.00010344827586206896
38,54,0.00021034482758620687
38,55,0.00010689655172413792
38,58,0.00010344827586206896
38,63,0.0
38,65,0.00020689655172413793
38,67,0.0
38,68,0.0
38,70,0.0001103448275862069
38,81,0.0
38,93,0.0
38,98,0.0
38,99,0.0030034482758620694
38,100,0.0
38,108,0.0
38,109,0.0
39,1,0.0
39,3,0.0
39,4,0.0
39,6,9.655172413793103e-05
39,8,0.0
39,9,0.0
39,10,9.655172413793103e-05
39,11,0.0
39,12,0.00010344827586206896
39,13,0.0
39,14,9.310344827586207e-05
39,15,0.00018620689655172415
39,16,9.655172413793103e-05
39,17,0.00028275862068965514
39,18,8.96551724137931e-05
39,19,0.0
39,20,9.655172413793103e-05
39,21,0.0
39,22,0.0
39,23,0.0008482758620689655
39,24,0.0
39,25,0.0
39,26,0.0004620689655172414
39,27,0.00019310344827586207
39,28,0.0009344827586206897
39,29,0.0008448275862068964
39,30,0.00010344827586206896
39,32,0.0
39,33,0.00046551724137931035
39,34,9.655172413793103e-05
39,35,0.0006275862068965517
39,36,0.0018517241379310346
39,37,0.04944482758620689
39,38,0.019427586206896552
39,39,0.8257241379310346
39,40,0.08802413793103447
39,41,0.0003689655172413793
39,42,0.00028275862068965514
39,43,0.0001896551724137931
39,44,0.0
39,45,0.0
39,46,8.96551724137931e-05
39,47,0.0
39,48,0.0015827586206896554
39,49,0.0
39,50,0.0001793103448275862
39,51,0.00010344827586206896
39,52,0.0
39,53,9.310344827586207e-05
39,54,0.00026551724137931036
39,57,0.0
39,58,9.310344827586207e-05
39,60,0.0
39,63,0.0
39,65,0.00028620689655172414
39,66,0.0
39,67,0.0
39,68,0.0
39,69,0.0
39,70,0.0
39,71,0.0
39,72,0.0
39,93,9.999999999999999e-05
39,94,0.0
39,97,0.0
39,98,0.0
39,99,0.0059931034482758605
39,100,0.0
39,108,9.310344827586207e-05
39,109,9.310344827586207e-05
40,1,0.0006931034482758621
40,3,0.00010344827586206896
40,4,0.0
40,6,0.0
40,9,9.999999999999999e-05
40,10,0.0
40,11,0.0
40,14,0.0
40,15,0.0003172413793103448
40,16,9.999999999999999e-05
40,17,0.0004103448275862069
40,18,0.00010344827586206896
40,19,0.0
40,20,0.0003
40,21,0.00010344827586206896
40,22,0.0
40,23,0.0005137931034482759
40,24,0.0
40,25,0.0
40,26,0.00019999999999999998
40,27,0.0004034482758620689
40,28,0.0003
40,29,0.00028620689655172414
40,30,9.310344827586207e-05
40,33,0.0004103448275862069
40,34,0.0005034482758620691
40,35,0.001003448275862069
40,36,0.0017103448275862072
40,37,0.014851724137931035
40,38,0.002527586206896552
40,39,0.0930758620689655
40,40,0.8181275862068963
40,41,0.0011137931034482758
40,42,0.0006172413793103448
40,43,0.00041034482758620685
40,44,0.0
40,46,0.0
40,47,9.999999999999999e-05
40,48,0.00020344827586206895
40,49,0.00020689655172413793
40,50,0.0
40,51,0.0010413793103448276
40,52,0.0
40,54,0.0024517241379310344
40,55,0.0
40,56,0.0
40,57,0.0
40,58,0.0
40,59,0.0
40,60,0.0
40,61,0.0
40,62,9.999999999999999e-05
40,63,0.0
40,66,0.0
40,67,0.00021034482758620687
40,68,0.0
40,69,0.00020344827586206895
40,70,0.0
40,71,0.00042068965517241374
40,72,0.0
40,73,0.0
40,74,0.0
40,75,0.0
40,90,0.0
40,93,0.0
40,96,0.0
40,97,0.0
40,98,9.999999999999999e-05
40,99,0.055882758620689636
40,100,0.00019999999999999998
40,108,0.00019999999999999998
40,109,0.0003068965517241379
40,110,0.0
41,3,0.0
41,9,0.0
41,11,0.0
41,13,0.0
41,15,0.0004517241379310345
41,16,0.0
41,17,0.0
41,18,0.0001586206896551724
41,19,0.0
41,20,0.00016206896551724137
41,21,0.0
41,22,0.0
41,23,0.0
41,24,0.0
41,25,0.0
41,26,0.0
41,27,0.0
41,28,0.0001586206896551724
41,29,0.0
41,30,0.0
41,32,0.0
41,33,0.0003172413793103448
41,34,0.00015172413793103449
41,35,0.0
41,36,0.00016206896551724137
41,37,0.002006896551724138
41,38,0.0003
41,39,0.0007551724137931033
41,40,0.0010758620689655172
41,41,0.8822413793103447
41,42,0.04657931034482758
41,43,0.0018448275862068964
41,44,0.0
41,46,0.0
41,47,0.0
41,48,0.00015172413793103449
41,49,0.0
41,51,0.0004586206896551724
41,52,0.0
41,53,0.00014482758620689654
41,54,0.0053896551724137935
41,55,0.0
41,56,0.0
41,57,0.0
41,58,0.0
41,59,0.0003103448275862069
41,60,0.0
41,61,0.00015517241379310343
41,63,0.0
41,66,0.0
41,67,0.0004655172413793103
41,68,0.0
41,69,0.0
41,70,0.0001586206896551724
41,71,0.0
41,72,0.0
41,75,0.00014482758620689654
41,76,0.0
41,93,0.00015172413793103449
41,98,0.00014827586206896551
41,99,0.0550448275862069
41,100,0.0
41,108,0.0
41,109,0.0009310344827586207
42,1,0.0001413793103448276
42,3,0.0001413793103448276
42,4,0.0002827586206896552
42,6,0.0
42,12,0.0
42,13,0.0
42,15,0.0001413793103448276
42,16,0.0
42,18,0.0001413793103448276
42,19,0.0
42,20,0.0
42,21,0.0
42,22,0.0
42,23,0.00041379310344827585
42,24,0.0
42,26,0.0001413793103448276
42,27,0.00013448275862068965
42,28,0.0
42,29,0.0
42,30,0.0
42,31,0.0
42,32,0.0
42,33,0.0
42,34,0.0
42,35,0.00013448275862068965
42,36,0.0
42,37,0.0007
42,38,0.0
42,39,0.0008310344827586208
42,40,0.0009689655172413793
42,41,0.044441379310344836
42,42,0.8805275862068968
42,43,0.055120689655172424
42,44,0.0013965517241379308
42,46,0.0
42,47,0.0
42,48,0.0
42,49,0.0
42,50,0.00012758620689655174
42,51,0.00013793103448275863
42,52,0.0
42,54,0.002648275862068965
42,55,0.00013448275862068965
42,58,0.0
42,61,0.0001413793103448276
42,63,0.0
42,66,0.0
42,67,0.0015448275862068965
42,68,0.0005724137931034483
42,69,0.0004275862068965518
42,70,0.00042413793103448274
42,71,0.0002827586206896552
42,72,0.0
42,74,0.0
42,77,0.0
42,94,0.0
42,98,0.0
42,99,0.001406896551724138
42,109,0.00646551724137931
42,110,0.0
43,1,0.0
43,6,0.0002793103448275862
43,7,0.0
43,10,0.0
43,13,0.0
43,15,0.0
43,16,0.0
43,17,0.0
43,19,0.0
43,21,0.0
43,22,0.0
43,23,0.0
43,26,0.0
43,27,0.0
43,33,0.0
43,34,0.0
43,35,0.0
43,36,0.0
43,37,0.0005206896551724138
43,38,0.0
43,39,0.00026206896551724137
43,40,0.0010103448275862069
43,41,0.0033517241379310346
43,42,0.10619310344827587
43,43,0.8165103448275863
43,44,0.0034275862068965522
43,46,0.0
43,48,0.0
43,50,0.0
43,51,0.0
43,54,0.003124137931034483
43,55,0.0
43,56,0.0
43,57,0.0005068965517241379
43,58,0.0002586206896551724
43,59,0.0
43,60,0.0
43,61,0.0
43,63,0.0002551724137931035
43,65,0.0
43,66,0.0005448275862068966
43,67,0.0007413793103448275
43,68,0.000510344827586207
43,69,0.0005172413793103448
43,70,0.00023793103448275862
43,71,0.0
43,72,0.0
43,98,0.0
43,99,0.00026206896551724137
43,100,0.0
43,109,0.06147931034482758
44,4,0.0
44,6,0.0
44,15,0.0
44,17,0.0003586206896551724
44,18,0.0
44,19,0.0
44,23,0.0003344827586206897
44,24,0.0
44,29,0.0
44,33,0.0
44,34,0.0
44,35,0.0
44,36,0.0
44,37,0.0006724137931034483
44,39,0.0
44,40,0.0
44,41,0.0
44,42,0.0013413793103448275
44,43,0.005055172413793102
44,44,0.8878344827586211
44,49,0.0
44,54,0.0007482758620689655
44,55,0.0
44,57,0.0022965517241379315
44,58,0.0006517241379310344
44,60,0.0
44,61,0.0
44,65,0.0
44,66,0.0
44,67,0.06340344827586207
44,68,0.0
44,69,0.0
44,70,0.0006551724137931034
44,71,0.0003586206896551724
44,72,0.0
44,92,0.0
44,99,0.0006551724137931034
44,109,0.03561379310344829
44,111,0.0
45,1,0.0
45,2,0.0003172413793103448
45,3,0.0
45,4,0.0
45,6,0.0003172413793103448
45,7,0.0
45,9,0.0
45,10,0.00823448275862069
45,11,0.09869655172413794
45,13,0.0
45,15,0.0
45,16,0.0003517241379310345
45,17,0.0
45,18,0.00033793103448275864
45,19,0.00029655172413793103
45,20,0.0
45,21,0.0
45,23,0.00032068965517241375
45,25,0.0
45,27,0.0
45,28,0.0
45,33,0.00032413793103448275
45,34,0.011527586206896553
45,35,0.0030241379310344827
45,36,0.0
45,37,0.00032068965517241375
45,39,0.0
45,40,0.0
45,45,0.8075586206896552
45,46,0.05058620689655173
45,47,0.00196551724137931
45,48,0.0022517241379310343
45,49,0.002268965517241379
45,50,0.007951724137931033
45,51,0.0
45,52,0.001662068965517241
45,53,0.00032068965517241375
45,55,0.0
45,58,0.0
45,60,0.0003620689655172414
45,65,0.0
45,67,0.0
45,95,0.0
45,96,0.0
45,97,0.0
45,98,0.0
45,100,0.0009827586206896553
45,108,0.0
46,1,0.0
46,2,0.0
46,4,0.0
46,7,0.0
46,8,0.0
46,10,0.0017448275862068962
46,11,0.007113793103448276
46,12,0.0
46,13,0.0
46,15,0.00016896551724137932
46,16,0.00016551724137931032
46,17,0.0003172413793103448
46,18,0.0
46,19,0.0
46,20,0.00016551724137931032
46,21,0.0
46,22,0.0
46,23,0.0
46,24,0.0
46,26,0.0006241379310344827
46,27,0.0
46,28,0.0
46,33,0.0008344827586206895
46,34,0.0004586206896551724
46,35,0.0003068965517241379
46,36,0.0006413793103448276
46,37,0.0008068965517241379
46,38,0.0
46,39,0.0
46,40,0.0
46,42,0.0
46,44,0.0
46,45,0.025689655172413794
46,46,0.8493620689655172
46,47,0.032144827586206896
46,48,0.015227586206896552
46,49,0.00686896551724138
46,50,0.0471344827586207
46,51,0.0003275862068965517
46,52,0.00047241379310344824
46,53,0.0009758620689655172
46,54,0.0
46,55,0.0
46,56,0.0
46,58,0.0006586206896551723
46,60,0.00016896551724137932
46,65,0.0
46,98,0.0001724137931034483
46,100,0.007486206896551724
47,1,0.0
47,3,0.0
47,4,0.0
47,10,0.00019999999999999998
47,11,0.0015827586206896554
47,12,0.0
47,15,0.00018275862068965518
47,16,0.00021724137931034484
47,17,0.00018620689655172415
47,18,0.0
47,19,0.00019999999999999998
47,20,0.0
47,21,0.0
47,22,0.0
47,23,0.0
47,26,0.0
47,27,0.0
47,28,0.0
47,30,0.0
47,33,0.0
47,34,0.0005758620689655172
47,35,0.0
47,36,0.004006896551724137
47,37,0.011210344827586207
47,38,0.0
47,39,0.0
47,40,0.0
47,42,0.00019310344827586207
47,45,0.0013965517241379308
47,46,0.04096206896551724
47,47,0.7533172413793102
47,48,0.05756206896551725
47,49,0.004803448275862069
47,50,0.010889655172413791
47,51,0.0015827586206896551
47,52,0.001596551724137931
47,53,0.0007586206896551725
47,54,0.0003931034482758621
47,55,0.0
47,56,0.0
47,58,0.0005931034482758621
47,59,0.0
47,60,0.0011862068965517241
47,65,0.0
47,66,0.0
47,70,0.0
47,71,0.0
47,85,0.0
47,98,0.0
47,99,0.0
47,100,0.10631724137931037
48,1,0.0
48,2,0.00013448275862068965
48,3,6.551724137931034e-05
48,4,0.00014137931034482757
48,5,0.0
48,6,0.0
48,7,0.0
48,10,0.0
48,11,0.0006517241379310344
48,12,6.206896551724138e-05
48,13,0.0
48,14,0.0
48,15,0.00038275862068965513
48,16,6.551724137931034e-05
48,17,0.00013448275862068965
48,18,6.551724137931034e-05
48,19,0.00019655172413793104
48,20,0.0
48,21,6.896551724137931e-05
48,22,0.0
48,23,0.0005206896551724138
48,24,0.0
48,25,0.0
48,26,0.0002655172413793103
48,27,0.0
48,28,0.0005241379310344827
48,29,0.0002689655172413793
48,30,0.0
48,31,0.0
48,32,0.0
48,33,0.0
48,34,0.0002689655172413793
48,35,0.0
48,36,0.00019310344827586207
48,37,0.0073862068965517245
48,38,0.00013103448275862068
48,39,0.0012379310344827587
48,40,6.551724137931034e-05
48,41,0.0
48,42,0.0
48,43,0.0
48,45,0.0005931034482758621
48,46,0.007244827586206897
48,47,0.020658620689655176
48,48,0.8613344827586207
48,49,0.007551724137931034
48,50,0.018120689655172415
48,51,0.016748275862068965
48,52,0.01753103448275862
48,53,0.0021620689655172417
48,54,0.00013448275862068965
48,55,0.0003344827586206897
48,56,0.00019310344827586207
48,57,0.00020689655172413793
48,58,0.0014517241379310346
48,59,0.0
48,60,0.0001896551724137931
48,61,0.00012758620689655174
48,63,0.0
48,64,0.0
48,65,0.00013103448275862068
48,66,0.0
48,67,6.551724137931034e-05
48,69,6.551724137931034e-05
48,70,0.0
48,71,6.206896551724138e-05
48,76,0.0
48,78,0.0
48,82,0.0
48,87,0.0
48,90,0.0
48,96,0.0
48,97,0.0
48,98,0.0
48,99,0.0
48,100,0.032272413793103444
48,108,0.0
48,109,0.0
49,1,0.00039999999999999996
49,2,0.0
49,6,0.0
49,7,0.0
49,8,0.0
49,10,0.0007724137931034483
49,11,0.001586206896551724
49,12,0.0
49,13,0.00019655172413793104
49,15,0.00019310344827586207
49,16,0.0
49,17,0.0
49,18,0.0
49,19,0.00040344827586206896
49,21,0.0
49,22,0.0
49,23,0.0
49,24,0.0033931034482758615
49,25,0.0
49,27,0.0
49,28,0.0
49,29,0.0
49,33,0.00019310344827586207
49,34,0.0003931034482758621
49,35,0.0
49,36,0.0
49,37,0.0007758620689655172
49,38,0.000596551724137931
49,39,0.0001896551724137931
49,40,0.00021379310344827584
49,41,0.0
49,42,0.0
49,43,0.0
49,44,0.0
49,45,0.0005862068965517242
49,46,0.00826896551724138
49,47,0.0026310344827586204
49,48,0.017313793103448275
49,49,0.8498344827586206
49,50,0.09651724137931034
49,51,0.00037586206896551724
49,52,0.0011241379310344827
49,53,0.012293103448275862
49,54,0.00020689655172413793
49,56,0.00019999999999999998
49,58,0.000603448275862069
49,63,0.0
49,65,0.0
49,82,0.0
49,90,0.0
49,97,0.0
49,100,0.0003793103448275862
49,108,0.00020344827586206895
49,109,0.00020344827586206895
50,1,0.00016896551724137932
50,4,0.0
50,10,0.0008620689655172413
50,11,0.0017310344827586204
50,12,0.0001793103448275862
50,13,0.0
50,15,0.0003413793103448276
50,17,0.00017586206896551726
50,19,0.0003517241379310345
50,20,0.0
50,22,0.0
50,23,0.0
50,24,0.0
50,26,0.0
50,27,0.0
50,28,0.0005172413793103448
50,29,0.00017586206896551726
50,30,0.0
50,33,0.0
50,34,0.0001793103448275862
50,35,0.0
50,36,0.0
50,37,0.0010482758620689657
50,38,0.0
50,39,0.0003482758620689656
50,42,0.00016551724137931032
50,43,0.0
50,45,0.0032931034482758617
50,46,0.052375862068965516
50,47,0.00980689655172414
50,48,0.049413793103448275
50,49,0.07819310344827586
50,50,0.7894931034482758
50,51,0.000706896551724138
50,52,0.006048275862068965
50,53,0.0032655172413793097
50,54,0.00016551724137931032
50,56,0.0
50,58,0.0003413793103448276
50,60,0.0
50,61,0.0
50,63,0.0
50,66,0.0
50,72,0.0
50,74,0.0
50,79,0.0
50,80,0.0
50,82,0.0
50,87,0.0
50,90,0.0
50,95,0.0
50,100,0.0006689655172413794
50,111,0.0
51,1,0.0
51,3,0.0
51,6,0.0
51,10,0.00042068965517241374
51,11,0.0
51,12,0.0
51,14,0.0002103448275862069
51,15,0.0004206896551724138
51,16,0.0
51,17,0.00019999999999999998
51,18,0.0
51,19,0.0
51,21,0.0
51,22,0.0
51,23,0.0
51,24,0.00021724137931034484
51,27,0.0
51,28,0.0
51,29,0.0004241379310344827
51,30,0.0
51,33,0.0
51,34,0.0004068965517241379
51,35,0.0
51,36,0.0010448275862068965
51,37,0.001524137931034483
51,38,0.0
51,39,0.0
51,40,0.001713793103448276
51,41,0.0006172413793103448
51,42,0.0
51,43,0.00020689655172413793
51,45,0.0
51,46,0.0004068965517241379
51,47,0.0021000000000000003
51,48,0.05014137931034483
51,49,0.0012379310344827587
51,50,0.0
51,51,0.8782310344827589
51,52,0.020410344827586205
51,53,0.0023103448275862072
51,54,0.030406896551724138
51,55,0.0
51,56,0.0004103448275862069
51,57,0.0004172413793103448
51,58,0.001293103448275862
51,60,0.002113793103448276
51,61,0.0006551724137931034
51,63,0.00020689655172413793
51,64,0.0
51,65,0.0
51,69,0.00019999999999999998
51,75,0.0
51,76,0.0
51,90,0.0
51,97,0.00022413793103448276
51,98,0.00020344827586206895
51,99,0.0012482758620689656
51,100,0.00039999999999999996
51,103,0.0
52,6,0.0
52,9,0.0002724137931034483
52,10,0.0002689655172413793
52,11,0.0
52,13,0.0
52,15,0.0002310344827586207
52,16,0.0
52,17,0.0
52,18,0.0
52,19,0.0
52,21,0.0
52,22,0.0
52,23,0.0
52,24,0.0
52,25,0.0
52,26,0.0
52,27,0.0
52,28,0.0
52,29,0.0
52,30,0.0
52,33,0.0
52,34,0.0005206896551724138
52,35,0.0
52,36,0.0
52,37,0.0012586206896551724
52,40,0.0002551724137931035
52,41,0.0
52,42,0.0
52,43,0.0
52,45,0.0005137931034482759
52,46,0.0012965517241379308
52,47,0.0010758620689655172
52,48,0.06348620689655173
52,49,0.005000000000000001
52,50,0.008972413793103448
52,51,0.019941379310344832
52,52,0.8470241379310346
52,53,0.024655172413793103
52,54,0.01740689655172414
52,55,0.0007862068965517242
52,56,0.003882758620689655
52,57,0.0
52,58,0.0010379310344827586
52,59,0.0
52,60,0.0002689655172413793
52,61,0.0002689655172413793
52,63,0.0
52,65,0.0
52,66,0.0
52,73,0.0
52,75,0.0
52,77,0.0
52,89,0.0
52,96,0.0
52,98,0.0
52,100,0.0015896551724137932
52,109,0.0
53,1,0.0
53,4,0.0
53,8,0.0
53,9,0.0004103448275862069
53,10,0.0
53,11,0.0
53,12,0.0
53,13,0.0
53,15,0.0
53,16,0.0
53,17,0.00034137931034482763
53,19,0.0003517241379310345
53,21,0.0
53,23,0.0002931034482758621
53,25,0.0
53,26,0.0006896551724137932
53,27,0.0
53,28,0.0
53,33,0.0
53,34,0.0003931034482758621
53,35,0.0
53,36,0.0003793103448275862
53,37,0.0010551724137931036
53,41,0.0
53,44,0.0
53,45,0.0003827586206896552
53,46,0.0010586206896551725
53,47,0.0006862068965517242
53,48,0.006482758620689655
53,49,0.027762068965517243
53,50,0.006003448275862069
53,51,0.00353448275862069
53,52,0.03266551724137931
53,53,0.902296551724138
53,54,0.0
53,55,0.0003620689655172414
53,56,0.010165517241379311
53,58,0.003996551724137931
53,59,0.0
53,60,0.0
53,63,0.0
53,65,0.0
53,66,0.0
53,90,0.0
53,100,0.0006896551724137932
54,1,0.0
54,2,0.00012413793103448277
54,4,0.0
54,5,0.0
54,7,0.0
54,10,0.0
54,11,0.0
54,14,0.0
54,15,0.0
54,16,0.0001206896551724138
54,17,0.0
54,21,0.0
54,23,0.0
54,24,0.0
54,25,0.0
54,26,0.0001206896551724138
54,27,0.0
54,28,0.00012413793103448277
54,29,0.0
54,33,0.0
54,36,0.0
54,37,0.00024827586206896553
54,38,0.0
54,39,0.00012413793103448277
54,40,0.00303448275862069
54,41,0.003693103448275863
54,42,0.002682758620689655
54,43,0.0013517241379310345
54,44,0.0002517241379310345
54,46,0.0002448275862068966
54,47,0.00012413793103448277
54,48,0.0009724137931034482
54,49,0.0
54,50,0.00012413793103448277
54,51,0.01739310344827586
54,52,0.006606896551724139
54,53,0.0
54,54,0.9343689655172415
54,55,0.019837931034482763
54,56,0.00023448275862068965
54,57,0.001224137931034483
54,58,0.0015965517241379311
54,59,0.0
54,60,0.003941379310344829
54,61,0.0002448275862068966
54,62,0.0
54,63,0.0
54,65,0.0
54,66,0.0
54,67,0.0
54,68,0.0
54,69,0.0
54,70,0.0
54,71,0.0
54,77,0.0
54,78,0.00011724137931034482
54,94,0.00011724137931034482
54,96,0.0
54,99,0.0007275862068965518
54,100,0.0001206896551724138
54,101,0.0
54,109,0.0001206896551724138
54,110,0.0
55,1,0.0
55,3,0.0
55,7,0.0
55,11,0.0
55,15,0.0
55,16,0.0
55,17,0.00032413793103448275
55,18,0.0
55,21,0.0
55,22,0.0
55,23,0.0
55,24,0.00033793103448275864
55,29,0.0
55,33,0.0
55,34,0.0
55,35,0.0
55,36,0.0
55,37,0.0
55,38,0.0
55,39,0.0
55,40,0.00033793103448275864
55,41,0.0
55,42,0.0
55,43,0.0
55,44,0.0
55,45,0.0
55,46,0.0007241379310344827
55,47,0.0
55,48,0.0006965517241379312
55,51,0.0018448275862068964
55,52,0.0010241379310344826
55,53,0.0
55,54,0.05454137931034484
55,55,0.8684999999999998
55,56,0.028358620689655174
55,57,0.0309448275862069
55,58,0.010196551724137932
55,59,0.0
55,60,0.0017931034482758623
55,61,0.0
55,63,0.0003724137931034483
55,64,0.0
55,65,0.0
55,66,0.0
55,67,0.0
55,68,0.0
55,72,0.0
56,7,0.0
56,9,0.0
56,10,0.0
56,12,0.0
56,14,0.0
56,15,0.00046896551724137935
56,16,0.00021724137931034484
56,21,0.0
56,22,0.0
56,23,0.0
56,26,0.0
56,27,0.0
56,28,0.0
56,30,0.0002586206896551724
56,34,0.0002551724137931035
56,35,0.0
56,36,0.00024827586206896553
56,37,0.0
56,40,0.0
56,43,0.0
56,44,0.0
56,46,0.0
56,47,0.0
56,48,0.00026206896551724137
56,49,0.00023793103448275862
56,50,0.0
56,51,0.0
56,52,0.0032551724137931033
56,53,0.006244827586206897
56,54,0.0002448275862068966
56,55,0.017689655172413794
56,56,0.8292620689655172
56,57,0.008610344827586207
56,58,0.1312965517241379
56,59,0.0002310344827586207
56,60,0.0004965517241379311
56,61,0.000503448275862069
56,63,0.0
56,65,0.0
56,66,0.0
56,67,0.0
56,68,0.0
56,71,0.0002206896551724138
56,78,0.0
56,79,0.0
56,90,0.0
56,108,0.0
57,1,0.0
57,16,0.0005379310344827586
57,23,0.0
57,25,0.0
57,34,0.0
57,35,0.0
57,37,0.0
57,40,0.0
57,41,0.0
57,42,0.0
57,43,0.0010482758620689657
57,44,0.0036620689655172413
57,48,0.0037689655172413795
57,51,0.001086206896551724
57,52,0.0
57,54,0.004868965517241379
57,55,0.04602758620689656
57,56,0.018158620689655174
57,57,0.7629310344827585
57,58,0.13267586206896553
57,59,0.0
57,60,0.0
57,61,0.0
57,62,0.0010655172413793104
57,63,0.0
57,64,0.0005482758620689656
57,65,0.0
57,66,0.022089655172413795
57,67,0.000996551724137931
57,68,0.0
57,69,0.0
57,70,0.0005241379310344827
57,80,0.0
57,89,0.0
57,99,0.0
57,109,0.0
58,1,0.00013448275862068965
58,3,0.0
58,4,0.0
58,5,0.0
58,6,5.862068965517242e-05
58,7,0.0
58,8,0.0
58,10,9.999999999999999e-05
58,11,1.7241379310344828e-05
58,12,0.0001931034482758621
58,13,0.0
58,15,0.00012068965517241378
58,16,0.0
58,17,2.068965517241379e-05
58,19,0.0
58,20,1.7241379310344828e-05
58,21,0.0
58,22,0.0
58,23,4.137931034482758e-05
58,24,0.0
58,25,0.0
58,26,3.7931034482758615e-05
58,27,3.7931034482758615e-05
58,28,0.0
58,29,3.4482758620689657e-05
58,30,1.7241379310344828e-05
58,32,0.0
58,33,2.068965517241379e-05
58,34,2.068965517241379e-05
58,35,0.0
58,36,6.206896551724138e-05
58,37,0.00019999999999999998
58,38,0.0
58,39,0.0
58,40,0.0
58,41,1.7241379310344828e-05
58,42,0.0
58,43,4.137931034482758e-05
58,44,3.7931034482758615e-05
58,45,0.0
58,46,7.586206896551723e-05
58,47,2.068965517241379e-05
58,48,0.00046206896551724146
58,49,5.862068965517241e-05
58,50,2.068965517241379e-05
58,51,0.00026896551724137936
58,52,3.7931034482758615e-05
58,53,0.00038275862068965524
58,54,0.0002896551724137931
58,55,0.0003344827586206897
58,56,0.00976896551724138
58,57,0.005082758620689656
58,58,0.9600896551724138
58,59,0.013393103448275863
58,60,0.005641379310344826
58,61,0.00023103448275862073
58,62,3.7931034482758615e-05
58,63,0.00038620689655172413
58,64,0.00013448275862068965
58,65,0.00016206896551724135
58,66,0.001124137931034483
58,67,7.93103448275862e-05
58,68,0.00017586206896551723
58,69,7.586206896551723e-05
58,70,0.0
58,71,7.586206896551723e-05
58,72,5.517241379310345e-05
58,73,0.0
58,74,0.0
58,75,9.310344827586206e-05
58,76,0.0
58,77,0.0
58,78,2.068965517241379e-05
58,79,0.0
58,80,0.0
58,81,1.7241379310344828e-05
58,82,3.4482758620689657e-05
58,83,0.0
58,86,0.0
58,87,3.7931034482758615e-05
58,89,0.0
58,90,0.0
58,92,1.7241379310344828e-05
58,93,0.0
58,94,5.862068965517241e-05
58,95,0.0
58,96,0.0
58,97,0.0
58,98,0.0
58,99,0.0
58,100,1.7241379310344828e-05
58,102,2.068965517241379e-05
58,103,0.0
58,108,0.0
58,109,0.0
58,110,4.137931034482758e-05
58,111,0.0
59,1,0.0
59,3,0.00020344827586206895
59,6,0.0
59,7,0.0
59,10,0.0
59,11,0.0
59,15,0.0
59,16,0.0
59,17,0.0
59,21,0.0
59,24,0.0
59,28,0.0010241379310344826
59,34,0.0
59,37,0.0001724137931034483
59,40,0.0
59,41,0.00019655172413793104
59,48,0.00016896551724137932
59,51,0.0
59,52,0.0
59,53,0.0
59,54,0.0
59,55,0.0
59,56,0.0003586206896551724
59,57,0.0
59,58,0.12633793103448276
59,59,0.819106896551724
59,60,0.030486206896551724
59,61,0.014765517241379308
59,62,0.0001896551724137931
59,63,0.005255172413793103
59,64,0.0
59,65,0.0
59,66,0.0013620689655172412
59,68,0.0
59,69,0.0
59,71,0.00017586206896551726
59,72,0.0
59,80,0.0
59,82,0.0
59,94,0.00018275862068965518
59,97,0.0
59,110,0.0
60,1,0.002562068965517241
60,2,0.0
60,3,0.00019999999999999998
60,4,0.002113793103448276
60,5,0.00019310344827586207
60,6,0.0007862068965517242
60,7,0.00019655172413793104
60,9,0.0
60,10,0.00038965517241379313
60,11,0.0
60,12,0.0004068965517241379
60,13,0.0
60,14,0.0
60,15,0.0009862068965517242
60,16,0.0
60,17,0.0
60,18,0.0
60,19,0.0
60,20,0.0
60,21,0.0007758620689655172
60,22,0.0
60,23,0.0
60,24,0.0
60,26,0.0009862068965517242
60,27,0.00038620689655172413
60,28,0.001982758620689655
60,30,0.0
60,33,0.0
60,34,0.0
60,35,0.00019655172413793104
60,36,0.0
60,37,0.00020689655172413793
60,38,0.00019310344827586207
60,39,0.0
60,40,0.0
60,41,0.0
60,42,0.00019999999999999998
60,43,0.0
60,45,0.00020344827586206895
60,46,0.0
60,47,0.000803448275862069
60,48,0.00019655172413793104
60,49,0.00020689655172413793
60,50,0.0
60,51,0.0008137931034482758
60,52,0.0005689655172413793
60,53,0.0
60,54,0.006662068965517241
60,55,0.00040344827586206896
60,56,0.0006
60,57,0.0005793103448275863
60,58,0.0577448275862069
60,59,0.03392758620689655
60,60,0.8450931034482759
60,61,0.012051724137931031
60,62,0.0
60,63,0.007175862068965516
60,64,0.00021379310344827584
60,65,0.0011551724137931036
60,66,0.006251724137931034
60,67,0.0
60,68,0.003920689655172414
60,69,0.0015620689655172417
60,70,0.0
60,71,0.000789655172413793
60,72,0.0
60,73,0.0001896551724137931
60,74,0.0
60,75,0.0
60,77,0.0
60,78,0.0
60,79,0.0
60,82,0.00019655172413793104
60,87,0.0
60,89,0.00039999999999999996
60,91,0.0008
60,92,0.0
60,94,0.0032655172413793097
60,95,0.0
60,96,0.00019310344827586207
60,97,0.0012206896551724138
60,98,0.0
60,99,0.0
60,108,0.0
60,110,0.0
61,10,0.0
61,12,0.0
61,15,0.00013448275862068965
61,19,0.0
61,23,0.0
61,27,0.0
61,28,0.0
61,34,0.0
61,36,0.0
61,37,0.00015172413793103449
61,40,0.0
61,41,0.0
61,42,0.0002931034482758621
61,43,0.0
61,46,0.0
61,48,0.00015517241379310343
61,50,0.0
61,51,0.0005758620689655172
61,52,0.0
61,54,0.0
61,55,0.0
61,56,0.0001413793103448276
61,57,0.00014482758620689654
61,58,0.0014931034482758621
61,59,0.012524137931034483
61,60,0.009675862068965518
61,61,0.8404241379310343
61,62,0.010175862068965516
61,63,0.11020344827586206
61,64,0.0023275862068965515
61,65,0.003324137931034483
61,66,0.0001413793103448276
61,67,0.0
61,68,0.0
61,69,0.00044827586206896557
61,70,0.0004413793103448276
61,71,0.0003034482758620689
61,72,0.00013793103448275863
61,73,0.0
61,74,0.0
61,75,0.0
61,76,0.0005896551724137931
61,78,0.00015172413793103449
61,79,0.0
61,83,0.0
61,87,0.0
61,94,0.006048275862068966
61,100,0.0
61,101,0.0
61,110,0.0
61,111,0.0
62,1,0.0
62,15,0.0
62,40,0.0003517241379310345
62,48,0.0
62,55,0.0
62,57,0.0003517241379310345
62,58,0.001803448275862069
62,59,0.0007310344827586207
62,60,0.0
62,61,0.02961724137931035
62,62,0.8762379310344828
62,63,0.013348275862068966
62,64,0.06504827586206897
62,65,0.0007551724137931035
62,67,0.0
62,69,0.0
62,70,0.00476896551724138
62,71,0.006289655172413793
62,72,0.0
62,73,0.0
62,74,0.0
62,76,0.0
62,78,0.0
62,90,0.0
62,94,0.0006862068965517242
62,99,0.0
62,110,0.0
63,1,4.8275862068965517e-05
63,7,0.0
63,10,0.0
63,12,0.0
63,13,0.0
63,15,0.0
63,16,4.8275862068965517e-05
63,18,0.0
63,19,0.0
63,21,0.0
63,22,0.0
63,23,0.0
63,24,0.0
63,26,0.0009137931034482754
63,27,0.0
63,28,0.0
63,30,0.0
63,34,0.0
63,35,0.0
63,36,4.8275862068965517e-05
63,37,4.8275862068965517e-05
63,39,0.0
63,40,0.0
63,41,0.0
63,42,0.0
63,43,0.00019310344827586207
63,44,0.0
63,45,0.0
63,46,0.0
63,48,0.0
63,49,0.0
63,51,5.172413793103448e-05
63,52,0.0
63,53,0.0
63,54,0.0
63,55,9.655172413793103e-05
63,56,0.0
63,57,0.0
63,58,0.0009172413793103447
63,59,0.0019413793103448271
63,60,0.0014965517241379307
63,61,0.03918275862068965
63,62,0.00223103448275862
63,63,0.9171275862068965
63,64,0.008879310344827586
63,65,0.025786206896551724
63,66,9.655172413793103e-05
63,67,0.0
63,68,0.0
63,69,4.8275862068965517e-05
63,70,0.0
63,71,0.00014482758620689654
63,72,4.8275862068965517e-05
63,73,4.8275862068965517e-05
63,74,0.0
63,75,0.0
63,76,0.0003862068965517242
63,77,0.0
63,78,0.0
63,79,0.0
63,82,0.0
63,83,0.0
63,87,0.0
63,88,0.0
63,94,0.00014482758620689654
63,95,0.0
63,97,0.0
63,99,5.172413793103448e-05
63,110,0.0
64,1,0.0
64,15,0.0002551724137931035
64,21,0.0
64,23,0.0
64,30,0.0
64,37,0.0
64,46,0.0
64,48,0.0
64,51,0.0
64,55,0.0
64,56,0.0
64,58,0.0007241379310344827
64,59,0.0
64,60,0.0002206896551724138
64,61,0.0026931034482758627
64,62,0.044937931034482764
64,63,0.04242413793103448
64,64,0.8540620689655172
64,65,0.03902758620689656
64,66,0.0
64,70,0.0
64,71,0.004555172413793104
64,72,0.0009586206896551725
64,73,0.0
64,74,0.0002413793103448276
64,75,0.0007310344827586207
64,76,0.008958620689655174
64,77,0.0
64,78,0.0
64,94,0.0
64,99,0.0
64,110,0.0002310344827586207
65,8,0.0
65,10,0.0
65,11,0.0
65,12,0.0
65,13,0.0
65,15,0.0
65,16,0.0
65,18,0.0
65,21,0.0
65,23,0.0
65,34,0.00011724137931034482
65,35,0.0
65,37,0.0013482758620689656
65,38,0.0
65,39,0.00011379310344827586
65,40,0.00011379310344827586
65,46,0.0
65,48,0.0
65,51,0.00022413793103448278
65,52,0.0
65,54,0.0
65,55,0.0001103448275862069
65,56,0.0
65,57,0.0
65,58,0.0014310344827586205
65,59,0.0
65,60,0.0008965517241379311
65,61,0.002862068965517241
65,62,0.00011379310344827586
65,63,0.05612413793103448
65,64,0.0181551724137931
65,65,0.9040103448275861
65,66,0.00010689655172413792
65,68,0.00022758620689655173
65,69,0.0
65,70,0.0
65,71,0.0
65,72,0.0
65,73,0.0
65,74,0.0
65,75,0.0
65,76,0.008386206896551725
65,77,0.0001103448275862069
65,78,0.005248275862068965
65,79,0.0
65,80,0.0
65,83,0.00022413793103448278
65,88,0.0
65,90,0.0
65,94,0.0
65,98,0.0
65,102,0.00011379310344827586
65,108,0.0
65,111,0.0
66,1,0.0
66,15,0.0
66,17,0.0
66,22,0.0
66,23,0.0
66,27,0.0
66,28,0.0002206896551724138
66,35,0.0
66,37,0.0
66,39,0.0
66,41,0.0002103448275862069
66,42,0.00022758620689655173
66,43,0.0002310344827586207
66,44,0.0002310344827586207
66,48,0.00022413793103448276
66,50,0.0
66,51,0.0
66,52,0.0
66,53,0.0
66,54,0.0
66,55,0.0
66,56,0.0
66,57,0.008820689655172414
66,58,0.011682758620689657
66,59,0.0008862068965517242
66,60,0.006475862068965519
66,61,0.000906896551724138
66,62,0.0
66,63,0.00044137931034482757
66,65,0.00044482758620689657
66,66,0.9381137931034483
66,67,0.012979310344827584
66,68,0.011851724137931032
66,69,0.0028758620689655168
66,70,0.0
66,71,0.0
66,72,0.0002103448275862069
66,73,0.0002310344827586207
66,82,0.0
66,83,0.0
66,85,0.00021724137931034484
66,87,0.0
66,94,0.0022965517241379306
66,99,0.0
66,101,0.0
66,109,0.0002310344827586207
67,1,0.0
67,5,0.0
67,13,0.00026206896551724137
67,15,0.00024827586206896553
67,17,0.0
67,19,0.0
67,20,0.0002586206896551724
67,21,0.0
67,22,0.0
67,23,0.0002689655172413793
67,27,0.0
67,28,0.0
67,29,0.0
67,33,0.0
67,34,0.0002689655172413793
67,35,0.0
67,36,0.0
67,37,0.0017482758620689653
67,38,0.0002448275862068966
67,39,0.0
67,40,0.0
67,41,0.0
67,42,0.004037931034482758
67,43,0.0007689655172413793
67,44,0.04796896551724138
67,48,0.0002517241379310345
67,51,0.0
67,54,0.0
67,55,0.0
67,56,0.0
67,57,0.0
67,58,0.0012931034482758623
67,60,0.0
67,65,0.0
67,66,0.013824137931034482
67,67,0.8797275862068965
67,68,0.03703103448275862
67,69,0.010327586206896552
67,70,0.0
67,71,0.0009724137931034482
67,72,0.0
67,74,0.0
67,75,0.0
67,77,0.0
67,94,0.0
67,96,0.0
67,99,0.0
67,108,0.0
67,109,0.0004965517241379311
67,110,0.0
68,1,0.0
68,11,0.0
68,15,0.0005344827586206897
68,16,0.0
68,17,0.0
68,18,0.0
68,23,0.0002793103448275862
68,26,0.0005724137931034483
68,28,0.0002931034482758621
68,33,0.0
68,36,0.0
68,37,0.0
68,38,0.0
68,39,0.0
68,40,0.0
68,41,0.0
68,42,0.0006206896551724137
68,43,0.0002931034482758621
68,44,0.0008413793103448275
68,48,0.00030344827586206897
68,54,0.0
68,56,0.0
68,57,0.0002724137931034483
68,58,0.001493103448275862
68,59,0.0
68,60,0.007520689655172414
68,63,0.0
68,66,0.014896551724137931
68,67,0.04036206896551724
68,68,0.745955172413793
68,69,0.1828862068965517
68,70,0.0011344827586206895
68,71,0.0011724137931034483
68,72,0.00027586206896551725
68,74,0.0
68,75,0.0
68,76,0.0
68,77,0.0
68,80,0.0
68,94,0.0
68,97,0.0
68,99,0.0
68,109,0.0002793103448275862
68,110,0.0
69,1,0.0
69,9,0.0
69,10,0.0
69,13,0.0
69,15,0.0
69,17,0.0
69,21,0.0
69,22,0.0
69,23,0.0
69,25,0.0
69,26,0.00016551724137931032
69,28,0.0
69,29,0.0
69,33,0.0001793103448275862
69,35,0.0
69,36,0.00016896551724137932
69,37,0.00036206896551724136
69,38,0.00016206896551724137
69,39,0.00016896551724137932
69,40,0.0003517241379310345
69,41,0.00016206896551724137
69,42,0.0010241379310344826
69,43,0.0001793103448275862
69,44,0.0
69,51,0.0
69,54,0.00033103448275862075
69,58,0.0005206896551724138
69,59,0.0
69,60,0.0021172413793103446
69,61,0.0001896551724137931
69,62,0.0
69,63,0.0003482758620689655
69,65,0.0
69,66,0.002055172413793103
69,67,0.007431034482758622
69,68,0.1161448275862069
69,69,0.8380275862068968
69,70,0.021672413793103446
69,71,0.0027517241379310343
69,72,0.0
69,73,0.00017586206896551726
69,74,0.0
69,75,0.0
69,76,0.00016551724137931032
69,77,0.00016896551724137932
69,78,0.0
69,94,0.004506896551724138
69,99,0.00016206896551724137
69,109,0.00016896551724137932
69,110,0.0001724137931034483
70,1,0.0003
70,4,0.0
70,10,0.0
70,15,0.0
70,23,0.004934482758620689
70,24,0.0
70,28,0.0
70,34,0.0
70,37,0.0006896551724137932
70,39,0.0
70,40,0.0
70,42,0.0006482758620689654
70,43,0.0006068965517241378
70,44,0.0003275862068965517
70,48,0.00032413793103448275
70,50,0.0
70,51,0.0003482758620689655
70,54,0.0
70,55,0.0
70,57,0.0
70,58,0.0006482758620689654
70,59,0.00033103448275862064
70,60,0.0012655172413793103
70,61,0.0
70,62,0.005358620689655172
70,63,0.0
70,64,0.0
70,65,0.0
70,66,0.0
70,67,0.0
70,68,0.0009620689655172413
70,69,0.03792068965517241
70,70,0.854110344827586
70,71,0.04320689655172415
70,72,0.0
70,73,0.0
70,75,0.0
70,76,0.0003
70,77,0.0
70,78,0.0
70,87,0.0
70,94,0.04771724137931034
70,99,0.0
70,109,0.0
70,110,0.0
71,1,0.0001896551724137931
71,2,0.0
71,10,0.0
71,11,0.0
71,15,0.0
71,17,0.0
71,18,0.0001724137931034483
71,22,0.0
71,23,0.0
71,24,0.00018620689655172415
71,26,0.0
71,28,0.0
71,30,0.0002103448275862069
71,35,0.0
71,36,0.0001724137931034483
71,37,0.0
71,38,0.0
71,39,0.0
71,40,0.0
71,41,0.0
71,42,0.0007379310344827586
71,43,0.0
71,44,0.00036551724137931036
71,47,0.0
71,48,0.0
71,51,0.0
71,52,0.00019310344827586207
71,54,0.0
71,55,0.0001793103448275862
71,56,0.00018275862068965518
71,58,0.00037586206896551724
71,59,0.0
71,60,0.0009310344827586207
71,61,0.00036896551724137935
71,62,0.003306896551724138
71,63,0.0005448275862068966
71,64,0.003517241379310345
71,65,0.0
71,66,0.0009310344827586206
71,67,0.0005620689655172413
71,68,0.00035517241379310347
71,69,0.0024310344827586203
71,70,0.024131034482758624
71,71,0.9171275862068967
71,72,0.007344827586206895
71,73,0.0007379310344827587
71,74,0.0003793103448275862
71,75,0.0003586206896551724
71,76,0.005282758620689655
71,77,0.0008965517241379311
71,78,0.0009137931034482759
71,80,0.0
71,87,0.0
71,94,0.0
71,97,0.0
71,99,0.0
71,109,0.0
71,110,0.026910344827586207
72,1,0.0
72,2,0.0
72,4,0.0
72,10,0.0
72,12,0.0
72,15,0.0
72,16,0.0
72,18,0.0
72,21,0.0
72,24,0.0
72,26,0.0
72,27,0.0
72,30,0.0
72,33,0.0
72,36,0.0
72,37,0.0
72,40,0.0
72,41,0.0
72,42,0.0
72,44,0.0
72,45,0.0
72,48,0.0
72,50,0.0
72,55,8.96551724137931e-05
72,58,0.00034137931034482763
72,59,0.0
72,60,0.0
72,61,0.0
72,62,8.620689655172414e-05
72,63,0.00016896551724137932
72,64,0.00016551724137931032
72,65,0.0
72,66,0.0
72,67,0.0
72,68,8.96551724137931e-05
72,69,0.00017586206896551726
72,70,0.0
72,71,0.0035448275862068955
72,72,0.9325965517241379
72,73,0.016555172413793104
72,74,0.014341379310344828
72,75,0.0029137931034482756
72,76,0.0009275862068965517
72,77,0.0030827586206896556
72,78,0.00023793103448275862
72,79,0.0
72,82,0.0
72,83,8.275862068965516e-05
72,87,0.0
72,89,0.0
72,94,0.0
72,97,0.0
72,99,0.0
72,108,0.0
72,109,0.0
72,110,0.024610344827586204
73,1,0.0
73,23,0.0
73,28,0.0
73,34,0.0
73,37,0.00015172413793103449
73,40,0.0
73,43,0.0
73,48,0.0
73,58,0.0004827586206896551
73,59,0.0
73,60,0.0
73,61,0.0
73,63,0.0
73,64,0.0
73,65,0.00015172413793103449
73,66,0.0001586206896551724
73,69,0.0
73,70,0.0
73,71,0.0004862068965517242
73,72,0.03447586206896552
73,73,0.9166793103448275
73,74,0.03346896551724138
73,75,0.006496551724137932
73,76,0.0
73,77,0.006510344827586206
73,78,0.0006344827586206896
73,85,0.00016206896551724137
73,93,0.0
73,110,0.00015172413793103449
74,1,0.0
74,12,0.0
74,15,0.0
74,16,0.0
74,35,0.0
74,36,0.0
74,37,0.0
74,50,0.0
74,52,0.0
74,58,0.0
74,61,0.0
74,63,0.0
74,64,0.0
74,65,0.0
74,69,0.0
74,70,0.0
74,71,0.00026551724137931036
74,72,0.03817241379310345
74,73,0.05352758620689656
74,74,0.8682310344827587
74,75,0.03857241379310345
74,76,0.0
74,77,0.001
74,78,0.0002413793103448276
74,97,0.0
74,98,0.0
74,99,0.0
74,109,0.0
74,110,0.0
75,1,0.00012758620689655174
75,15,0.0
75,21,0.0
75,22,0.0001206896551724138
75,23,0.0
75,34,0.0
75,36,0.0
75,42,0.0
75,51,0.0
75,58,0.0006172413793103448
75,60,0.0
75,61,0.0001206896551724138
75,63,0.0
75,64,0.0
75,65,0.0
75,69,0.0
75,70,0.0
75,71,0.00011724137931034482
75,72,0.004041379310344828
75,73,0.004431034482758622
75,74,0.01949655172413793
75,75,0.9705655172413792
75,76,0.0001206896551724138
75,77,0.0
75,78,0.0001206896551724138
75,79,0.00012758620689655174
75,98,0.0
75,101,0.0
75,110,0.0
76,1,0.0
76,15,0.0
76,34,0.0
76,54,0.0
76,58,0.0
76,61,0.001803448275862069
76,62,0.0
76,63,0.0020586206896551725
76,64,0.011337931034482758
76,65,0.026120689655172412
76,69,0.0
76,71,0.009086206896551723
76,72,0.002324137931034483
76,73,0.0
76,74,0.0
76,75,0.0002793103448275862
76,76,0.908744827586207
76,77,0.025517241379310353
76,78,0.0034517241379310344
76,79,0.0
76,80,0.0
76,82,0.0
76,94,0.0
76,102,0.00028620689655172414
76,109,0.0
76,110,0.00898965517241379
77,1,0.0
77,15,0.0005827586206896551
77,36,0.0
77,60,0.0
77,61,0.0
77,62,0.0
77,63,0.0016068965517241377
77,65,0.0010310344827586207
77,66,0.0
77,67,0.0
77,69,0.0
77,71,0.003906896551724138
77,72,0.01648965517241379
77,73,0.027679310344827582
77,74,0.0
77,75,0.0017310344827586208
77,76,0.05806551724137931
77,77,0.8684586206896552
77,78,0.019289655172413794
77,103,0.0005931034482758621
77,110,0.0005379310344827586
78,1,0.0
78,12,0.0
78,13,0.0
78,15,0.0
78,16,0.0
78,17,0.0
78,23,0.0
78,28,0.0
78,37,0.0
78,46,0.0
78,48,0.0
78,57,0.0
78,58,0.00019655172413793104
78,60,0.0
78,61,0.00020344827586206895
78,63,0.00019310344827586207
78,64,0.0
78,65,0.007844827586206898
78,67,0.0
78,70,0.0
78,71,0.0
78,72,0.0006
78,73,0.00040344827586206896
78,74,0.0
78,75,0.00039999999999999996
78,76,0.005937931034482758
78,77,0.007210344827586208
78,78,0.9490551724137932
78,79,0.011110344827586209
78,80,0.0038517241379310337
78,82,0.0
78,83,0.0
78,87,0.0
78,101,0.011555172413793106
78,102,0.001224137931034483
78,110,0.0002103448275862069
79,1,0.0
79,15,0.0
79,16,0.0
79,24,0.0
79,26,0.0
79,27,0.0
79,37,0.0
79,50,0.0
79,56,0.0
79,58,0.0
79,60,0.0
79,65,0.0
79,72,0.0
79,73,0.0
79,74,0.0
79,75,0.0
79,78,0.020358620689655178
79,79,0.9427241379310345
79,80,0.006924137931034485
79,83,0.0
79,87,0.0
79,92,0.0
79,101,0.019737931034482757
79,102,0.010237931034482759
79,108,0.0
80,1,0.0
80,3,0.0
80,6,0.0
80,13,0.0
80,15,0.0
80,22,0.0
80,25,0.0
80,30,0.0
80,58,0.0
80,60,0.0
80,63,0.0
80,65,0.0
80,78,0.004575862068965519
80,79,0.004658620689655172
80,80,0.9561137931034484
80,82,0.0
80,83,0.02321034482758621
80,85,0.0
80,87,0.0019655172413793106
80,88,0.0005379310344827586
80,89,0.0005310344827586207
80,101,0.0
80,102,0.008441379310344827
80,110,0.0
81,10,0.0
81,37,0.0
81,58,0.0
81,81,0.9268034482758618
81,82,0.05765172413793103
81,83,0.00036551724137931036
81,84,0.01517241379310345
81,87,0.0
81,89,0.0
82,1,0.0
82,12,0.0
82,13,0.0
82,15,0.0
82,16,0.0
82,18,0.0
82,19,0.0
82,23,0.0
82,26,0.0
82,27,0.0
82,28,0.0
82,30,0.0
82,34,0.0
82,37,0.0
82,48,0.0
82,49,0.0
82,50,0.0
82,53,0.0
82,58,0.0003724137931034483
82,59,0.0
82,60,0.0
82,63,0.0
82,64,0.0
82,72,0.0
82,76,0.0
82,79,0.0
82,81,0.022031034482758623
82,82,0.9584551724137932
82,83,0.004993103448275862
82,84,0.006755172413793103
82,85,0.0018793103448275861
82,86,0.0012551724137931034
82,87,0.0023827586206896555
82,88,0.0004931034482758621
82,89,0.0009931034482758621
82,93,0.0
82,98,0.0
82,111,0.0003689655172413793
83,12,0.0001724137931034483
83,27,0.0
83,48,0.0
83,51,0.0
83,58,0.0
83,61,0.0
83,63,0.0
83,65,0.0006724137931034484
83,66,0.0
83,76,0.0001724137931034483
83,78,0.0010137931034482758
83,79,0.0001586206896551724
83,80,0.014055172413793105
83,81,0.0001724137931034483
83,82,0.005406896551724138
83,83,0.9493068965517242
83,84,0.0
83,85,0.0
83,86,0.00520344827586207
83,87,0.02083793103448276
83,88,0.0004965517241379311
83,89,0.0011862068965517241
83,101,0.0
83,102,0.0011827586206896552
84,15,0.0
84,78,0.0
84,81,0.010972413793103446
84,82,0.019324137931034487
84,83,0.0
84,84,0.9237620689655173
84,85,0.043627586206896565
84,86,0.0009758620689655172
84,87,0.001313793103448276
84,88,0.0
84,89,0.0
85,66,0.0005
85,81,0.0
85,82,0.010493103448275861
85,83,0.0010689655172413793
85,84,0.05186896551724137
85,85,0.8459655172413794
85,86,0.032103448275862076
85,87,0.016468965517241384
85,88,0.04155517241379311
85,89,0.0
86,15,0.0
86,26,0.0
86,30,0.0
86,58,0.0
86,82,0.007713793103448275
86,83,0.01978965517241379
86,84,0.006024137931034484
86,85,0.05884482758620689
86,86,0.7880103448275864
86,87,0.10947241379310343
86,88,0.0007344827586206897
86,89,0.00940344827586207
87,1,0.0
87,3,0.0
87,4,0.0
87,10,0.0
87,12,0.0
87,15,0.0
87,16,0.0
87,20,0.0
87,23,0.0
87,24,0.0
87,26,0.0
87,27,0.0
87,28,0.0
87,29,0.0
87,37,0.0
87,50,0.0
87,54,0.0
87,58,0.0003103448275862069
87,60,0.0
87,61,0.0
87,62,0.0
87,63,0.0
87,70,0.0
87,71,0.0
87,72,0.0
87,73,0.0
87,78,0.0
87,79,0.0
87,80,0.00022068965517241379
87,81,0.0
87,82,0.001793103448275862
87,83,0.015362068965517242
87,84,0.0007241379310344827
87,85,0.0035655172413793105
87,86,0.015682758620689654
87,87,0.9315827586206895
87,88,0.008620689655172414
87,89,0.022120689655172415
87,90,0.0
87,92,0.0
87,100,0.0
88,15,0.0
88,78,0.0
88,82,0.0018758620689655172
88,83,0.0018482758620689654
88,84,0.0007586206896551724
88,85,0.02857586206896552
88,86,0.0
88,87,0.026782758620689656
88,88,0.9028206896551723
88,89,0.03733448275862069
89,1,0.0
89,29,0.00026551724137931036
89,30,0.0
89,37,0.0
89,51,0.0
89,60,0.0008689655172413794
89,80,0.0002689655172413793
89,81,0.0
89,82,0.0021896551724137933
89,83,0.0024758620689655174
89,84,0.0005551724137931035
89,85,0.0
89,86,0.0029999999999999996
89,87,0.05684137931034483
89,88,0.027775862068965516
89,89,0.9057655172413793
90,1,0.0
90,3,0.0
90,9,0.0
90,10,0.0
90,12,0.0
90,15,0.0
90,16,0.0
90,18,0.0
90,22,0.0
90,23,0.0
90,25,0.0
90,26,0.0
90,30,0.0
90,33,0.0
90,34,0.0
90,35,0.0
90,37,0.0
90,48,0.0
90,49,0.0
90,50,0.0
90,53,0.0
90,56,0.0
90,58,0.0
90,65,0.0
90,90,0.9749655172413794
90,91,0.014562068965517245
90,92,0.002172413793103448
90,95,0.006320689655172414
90,97,0.0
90,111,0.001962068965517241
91,53,0.0006275862068965517
91,58,0.0006275862068965517
91,60,0.0067586206896551706
91,81,0.0
91,90,0.0400655172413793
91,91,0.8562275862068964
91,92,0.0049103448275862075
91,95,0.08032413793103448
91,111,0.010444827586206896
92,1,0.00020689655172413793
92,4,0.0
92,9,0.0
92,10,0.0
92,12,0.0
92,15,0.0
92,16,0.0
92,17,0.0
92,23,0.0
92,26,0.00021379310344827584
92,27,0.0
92,37,0.0
92,42,0.0
92,44,0.0
92,47,0.0
92,49,0.0
92,55,0.0
92,58,0.0008793103448275863
92,60,0.0
92,63,0.0
92,72,0.0
92,75,0.0
92,89,0.0
92,90,0.0017586206896551724
92,91,0.003041379310344827
92,92,0.8964379310344824
92,95,0.0059758620689655175
92,111,0.09150000000000001
93,1,0.0
93,2,0.0
93,5,0.0
93,6,0.0
93,10,0.0
93,12,0.00011724137931034482
93,13,0.0
93,15,0.0
93,16,0.0
93,17,0.00022413793103448276
93,19,0.00011379310344827586
93,20,0.00046896551724137935
93,21,0.0
93,22,0.00011724137931034482
93,23,0.0007241379310344828
93,24,0.0012724137931034484
93,25,0.001317241379310345
93,26,0.05690344827586208
93,27,0.039910344827586215
93,28,0.003031034482758621
93,29,0.00012413793103448277
93,30,0.05796896551724137
93,31,0.0015482758620689657
93,32,0.0008241379310344827
93,33,0.0
93,34,0.0
93,35,0.0
93,36,0.0
93,37,0.00011379310344827586
93,38,0.0
93,39,0.0
93,40,0.0
93,48,0.0
93,49,0.0
93,58,0.0
93,65,0.0
93,78,0.0
93,90,0.0
93,93,0.8351068965517242
93,99,0.0
93,100,0.0
93,108,0.00011379310344827586
93,109,0.0
94,17,0.0
94,28,0.0
94,36,0.0007655172413793104
94,39,0.0
94,42,0.0
94,55,0.0
94,57,0.0
94,58,0.003375862068965517
94,59,0.001624137931034483
94,60,0.00952758620689655
94,61,0.03239310344827586
94,62,0.004196551724137931
94,63,0.002406896551724138
94,64,0.0
94,65,0.0
94,66,0.012037931034482757
94,67,0.0
94,68,0.0016551724137931034
94,69,0.019520689655172417
94,70,0.12505862068965515
94,71,0.0007655172413793104
94,72,0.0
94,78,0.0
94,94,0.7866620689655172
94,96,0.0
94,99,0.0
95,48,0.0
95,50,0.0
95,60,0.0
95,90,0.011517241379310346
95,91,0.06776896551724139
95,92,0.015468965517241381
95,95,0.8743827586206898
95,111,0.030868965517241383
96,1,0.03169310344827586
96,2,0.08499655172413795
96,3,0.013751724137931033
96,4,0.0005137931034482759
96,5,0.0007172413793103448
96,6,0.007344827586206897
96,7,0.0018896551724137932
96,8,0.0
96,9,0.0
96,10,0.0003482758620689655
96,12,0.00016551724137931032
96,13,0.0003448275862068966
96,14,0.0
96,15,0.0027482758620689654
96,16,0.0
96,17,0.00018275862068965518
96,18,0.0013724137931034484
96,20,0.0
96,21,0.0
96,22,0.00017586206896551726
96,23,0.0
96,24,0.0
96,27,0.0
96,28,0.0001724137931034483
96,29,0.0
96,33,0.0
96,34,0.0
96,35,0.0
96,36,0.0
96,37,0.0
96,38,0.0
96,40,0.0
96,45,0.0
96,60,0.0003586206896551724
96,72,0.0
96,96,0.8497620689655172
96,97,0.0
96,98,0.0
96,99,0.0
96,100,0.0
96,103,0.0031379310344827596
96,108,0.0003482758620689655
97,1,8.275862068965516e-05
97,2,7.586206896551724e-05
97,3,0.00016206896551724135
97,4,0.00016896551724137932
97,5,0.0
97,6,7.93103448275862e-05
97,7,0.0
97,8,0.0
97,9,0.0
97,10,0.0
97,11,0.0
97,12,0.0009000000000000001
97,13,0.06562758620689654
97,14,0.021275862068965513
97,15,0.027396551724137935
97,16,0.04285172413793104
97,17,0.0013862068965517242
97,18,0.0008862068965517242
97,19,0.0003344827586206897
97,20,0.00015172413793103449
97,21,0.0
97,22,0.0
97,23,7.93103448275862e-05
97,24,0.0
97,26,0.0
97,27,0.0
97,28,0.0
97,29,0.0
97,30,0.0
97,33,0.0004965517241379311
97,34,0.00015517241379310346
97,35,0.0
97,36,0.0
97,37,0.0
97,39,0.0
97,40,0.0
97,41,0.0
97,45,0.0
97,46,0.0
97,48,8.275862068965516e-05
97,49,0.0
97,52,0.0
97,56,0.0
97,58,7.93103448275862e-05
97,60,0.0005896551724137931
97,63,0.0
97,72,0.0
97,90,0.0
97,96,0.0
97,97,0.7503655172413795
97,98,0.00016551724137931032
97,99,0.0
97,103,0.0
97,108,0.0866
98,1,0.000693103448275862
98,2,0.000493103448275862
98,3,0.0004931034482758621
98,4,0.0003482758620689655
98,5,0.0
98,6,0.0005172413793103448
98,7,0.00015517241379310343
98,9,0.0
98,10,0.00016896551724137932
98,11,0.00016551724137931032
98,12,0.0014
98,13,0.00019310344827586207
98,14,0.0001724137931034483
98,15,0.10634827586206898
98,16,0.008368965517241379
98,17,0.007144827586206897
98,18,0.031644827586206896
98,19,0.06828620689655171
98,20,0.0016724137931034481
98,21,0.0
98,22,0.00018275862068965518
98,23,0.0022103448275862065
98,24,0.00016551724137931032
98,26,0.0005
98,27,0.0001793103448275862
98,28,0.0
98,32,0.00016551724137931032
98,33,0.018751724137931036
98,34,0.002175862068965517
98,35,0.0008758620689655173
98,36,0.0004827586206896551
98,37,0.0008551724137931034
98,39,0.0
98,40,0.00036206896551724136
98,41,0.0
98,42,0.0
98,45,0.0
98,46,0.0
98,48,0.0
98,49,0.0
98,50,0.0
98,51,0.00016551724137931032
98,53,0.0
98,54,0.0
98,56,0.0
98,58,0.0
98,60,0.00017586206896551726
98,63,0.0
98,65,0.0
98,67,0.0
98,68,0.0
98,71,0.0
98,96,0.0
98,97,0.0010275862068965518
98,98,0.7416137931034482
98,99,0.0
98,103,0.0
98,108,0.0019034482758620687
99,1,0.0
99,2,0.0
99,4,0.0
99,5,0.0
99,6,0.0
99,12,0.0
99,13,0.0
99,14,0.0
99,15,0.0
99,16,0.0
99,17,0.0
99,18,0.00013793103448275863
99,19,0.0
99,20,0.0
99,21,0.0
99,22,0.0
99,23,0.0004172413793103448
99,24,0.0
99,25,0.0
99,26,0.00013448275862068965
99,27,0.0
99,28,0.00013103448275862068
99,29,0.0
99,30,0.0
99,33,0.0001413793103448276
99,34,0.00013448275862068965
99,35,0.0004103448275862069
99,36,0.0019068965517241377
99,37,0.004172413793103449
99,38,0.003055172413793104
99,39,0.010720689655172415
99,40,0.07927241379310344
99,41,0.044062068965517245
99,42,0.0006793103448275863
99,43,0.00028620689655172414
99,44,0.00026551724137931036
99,46,0.0
99,47,0.0
99,48,0.0
99,51,0.0011379310344827587
99,54,0.0007172413793103448
99,55,0.0
99,58,0.0
99,60,0.0
99,61,0.0
99,63,0.00014827586206896551
99,64,0.0
99,66,0.0
99,67,0.00013448275862068965
99,68,0.0
99,69,0.00013448275862068965
99,70,0.0
99,71,0.0
99,72,0.0
99,73,0.00014827586206896551
99,75,0.0
99,93,0.0
99,97,0.0
99,98,0.0
99,99,0.8516482758620686
99,100,0.0
99,108,0.0
99,109,0.0
99,110,0.0
100,1,0.0
100,3,0.0
100,10,0.0005586206896551724
100,11,0.0008448275862068965
100,15,0.0
100,16,0.0
100,17,0.0
100,18,0.0
100,22,0.0
100,23,0.0
100,24,0.0
100,26,0.0
100,27,0.0
100,30,0.0002448275862068966
100,34,0.0
100,35,0.0002724137931034483
100,36,0.0002689655172413793
100,37,0.008662068965517243
100,38,0.0
100,39,0.0
100,40,0.00026551724137931036
100,41,0.0
100,45,0.0005344827586206897
100,46,0.0113
100,47,0.13847931034482763
100,48,0.14359655172413796
100,49,0.00353448275862069
100,50,0.0013517241379310345
100,51,0.0007724137931034483
100,52,0.0016551724137931034
100,53,0.0013862068965517242
100,54,0.0002551724137931035
100,57,0.0
100,58,0.0
100,63,0.0
100,88,0.0
100,96,0.0
100,99,0.0
100,100,0.6860206896551724
101,12,0.0
101,16,0.0
101,37,0.004120689655172414
101,54,0.0
101,63,0.0
101,66,0.0008413793103448276
101,78,0.04287931034482759
101,79,0.032275862068965516
101,80,0.0
101,83,0.0
101,87,0.0
101,101,0.9190413793103448
101,102,0.0008413793103448276
102,12,0.0
102,58,0.0
102,65,0.0
102,72,0.0
102,76,0.0
102,78,0.007155172413793104
102,79,0.021679310344827587
102,80,0.030124137931034484
102,83,0.000906896551724138
102,101,0.0008620689655172415
102,102,0.9392655172413795
103,1,0.002086206896551724
103,2,0.004141379310344827
103,3,0.03999310344827587
103,4,0.00028620689655172414
103,5,0.0
103,6,0.0011655172413793102
103,7,0.0003068965517241379
103,9,0.0
103,10,0.0
103,12,0.018827586206896552
103,13,0.001210344827586207
103,14,0.0
103,15,0.004093103448275862
103,16,0.0003068965517241379
103,17,0.0006137931034482758
103,18,0.00028620689655172414
103,19,0.0
103,20,0.0
103,23,0.0
103,24,0.0
103,27,0.0
103,28,0.0
103,33,0.0
103,34,0.0
103,36,0.0
103,37,0.00015172413793103449
103,45,0.0
103,49,0.0
103,77,0.00014827586206896551
103,96,0.002710344827586207
103,97,0.0
103,98,0.0
103,103,0.9233241379310344
103,108,0.0003034482758620689
108,1,0.0002482758620689655
108,2,0.00020344827586206893
108,3,0.0013620689655172416
108,4,4.137931034482758e-05
108,6,0.00020344827586206895
108,7,0.0
108,8,0.0
108,9,0.0
108,10,0.00012413793103448277
108,11,3.793103448275862e-05
108,12,0.01143103448275862
108,13,0.04523448275862069
108,14,0.0016344827586206897
108,15,0.12933103448275862
108,16,0.015248275862068969
108,17,0.0025448275862068968
108,18,0.0026448275862068966
108,19,0.000493103448275862
108,20,0.00012413793103448277
108,21,0.0
108,22,3.793103448275862e-05
108,23,0.00019999999999999998
108,24,0.0
108,25,0.0
108,26,0.00012068965517241378
108,27,0.00012068965517241378
108,28,0.0002068965517241379
108,29,0.0
108,31,0.0
108,32,0.0
108,33,0.00021034482758620684
108,34,0.00020689655172413793
108,35,0.0
108,36,8.275862068965516e-05
108,37,7.93103448275862e-05
108,38,3.793103448275862e-05
108,39,3.793103448275862e-05
108,40,0.0
108,41,0.0
108,42,0.0
108,45,4.137931034482758e-05
108,46,0.0
108,47,0.0
108,48,0.0
108,49,0.0
108,50,0.0
108,51,4.137931034482758e-05
108,52,0.0
108,53,0.0
108,58,0.0
108,60,0.00013103448275862068
108,61,0.0
108,65,0.0
108,67,0.0
108,68,0.0
108,71,0.0
108,78,0.0
108,96,4.137931034482758e-05
108,97,0.043751724137931026
108,98,0.00036551724137931036
108,99,0.0
108,101,0.0
108,103,4.137931034482758e-05
108,108,0.7433413793103448
109,1,0.0
109,3,0.0
109,15,0.0
109,16,0.0
109,17,0.0
109,22,0.0
109,23,0.0
109,24,0.0
109,26,0.0
109,28,0.0
109,33,0.0
109,34,0.00037586206896551724
109,35,0.0
109,36,0.0
109,37,0.0011965517241379312
109,38,0.0
109,39,0.0
109,40,0.0
109,41,0.0003931034482758621
109,42,0.019472413793103452
109,43,0.08614827586206895
109,44,0.04559999999999999
109,48,0.0
109,52,0.0
109,54,0.0
109,56,0.0
109,57,0.0
109,58,0.0
109,66,0.0
109,67,0.002055172413793103
109,68,0.000396551724137931
109,69,0.0015655172413793102
109,70,0.0
109,71,0.0019758620689655174
109,72,0.0
109,73,0.0
109,76,0.0
109,99,0.0004482758620689655
109,109,0.8403655172413794
109,110,0.0
110,2,0.0
110,6,0.0
110,18,0.0
110,28,0.0
110,30,0.0
110,37,0.0002793103448275862
110,38,0.0
110,40,0.0
110,42,0.0
110,48,0.0
110,58,0.000596551724137931
110,60,0.0008724137931034484
110,61,0.0002793103448275862
110,62,0.0002793103448275862
110,63,0.0
110,64,0.00028620689655172414
110,66,0.0
110,67,0.0
110,68,0.0
110,69,0.0
110,70,0.0005689655172413793
110,71,0.03860344827586207
110,72,0.08348620689655172
110,73,0.0
110,74,0.0
110,75,0.0002827586206896552
110,76,0.010182758620689654
110,77,0.0002793103448275862
110,78,0.0
110,80,0.0
110,99,0.0
110,110,0.8640137931034484
111,15,0.0
111,16,0.0
111,61,0.0
111,63,0.0
111,65,0.0
111,82,0.0007758620689655172
111,90,0.0012206896551724138
111,91,0.004313793103448276
111,92,0.09868275862068965
111,95,0.01552758620689655
111,111,0.8794793103448275
