Codice provincia,Et√†,Totale
1,0,19613
1,1,19729
1,2,20256
1,3,20518
1,4,20268
1,5,20054
1,6,19892
1,7,19811
1,8,19969
1,9,19348
1,10,19096
1,11,19818
1,12,19231
1,13,19192
1,14,18934
1,15,18644
1,16,18371
1,17,18602
1,18,18709
1,19,19218
1,20,19630
1,21,19838
1,22,19773
1,23,20229
1,24,20250
1,25,20889
1,26,21854
1,27,22107
1,28,23077
1,29,24456
1,30,24666
1,31,25503
1,32,27029
1,33,28454
1,34,30346
1,35,31586
1,36,33764
1,37,35410
1,38,35191
1,39,36008
1,40,36610
1,41,36353
1,42,37233
1,43,36983
1,44,36818
1,45,36825
1,46,36562
1,47,36821
1,48,34736
1,49,33396
1,50,33171
1,51,31778
1,52,31574
1,53,30911
1,54,30738
1,55,30653
1,56,29732
1,57,29462
1,58,28349
1,59,28451
1,60,27967
1,61,29083
1,62,29714
1,63,31520
1,64,31091
1,65,30715
1,66,23882
1,67,25386
1,68,25341
1,69,25557
1,70,25517
1,71,28261
1,72,28104
1,73,27269
1,74,24873
1,75,23157
1,76,22974
1,77,21467
1,78,20312
1,79,19476
1,80,18748
2,0,1304
2,1,1357
2,2,1415
2,3,1390
2,4,1493
2,5,1408
2,6,1372
2,7,1354
2,8,1445
2,9,1422
2,10,1380
2,11,1428
2,12,1421
2,13,1440
2,14,1411
2,15,1415
2,16,1418
2,17,1472
2,18,1422
2,19,1459
2,20,1530
2,21,1590
2,22,1538
2,23,1612
2,24,1613
2,25,1604
2,26,1691
2,27,1755
2,28,1759
2,29,1904
2,30,1944
2,31,1895
2,32,1952
2,33,2163
2,34,2202
2,35,2321
2,36,2420
2,37,2435
2,38,2573
2,39,2669
2,40,2708
2,41,2639
2,42,2831
2,43,2753
2,44,2742
2,45,2900
2,46,2991
2,47,2951
2,48,2827
2,49,2750
2,50,2741
2,51,2671
2,52,2546
2,53,2525
2,54,2446
2,55,2476
2,56,2473
2,57,2327
2,58,2322
2,59,2350
2,60,2327
2,61,2395
2,62,2415
2,63,2540
2,64,2421
2,65,2336
2,66,1750
2,67,1922
2,68,1860
2,69,1909
2,70,1980
2,71,2280
2,72,2290
2,73,2179
2,74,2030
2,75,1902
2,76,2049
2,77,1858
2,78,1767
2,79,1810
2,80,1721
3,0,3284
3,1,3303
3,2,3370
3,3,3353
3,4,3507
3,5,3403
3,6,3311
3,7,3223
3,8,3236
3,9,3257
3,10,3166
3,11,3276
3,12,3181
3,13,3171
3,14,3181
3,15,3017
3,16,3109
3,17,3095
3,18,3090
3,19,3285
3,20,3209
3,21,3170
3,22,3354
3,23,3414
3,24,3463
3,25,3541
3,26,3476
3,27,3698
3,28,4018
3,29,4218
3,30,4445
3,31,4393
3,32,4571
3,33,4930
3,34,5187
3,35,5334
3,36,5685
3,37,5894
3,38,5850
3,39,5894
3,40,5972
3,41,5830
3,42,6202
3,43,6027
3,44,6034
3,45,6304
3,46,6176
3,47,6311
3,48,5880
3,49,5685
3,50,5649
3,51,5497
3,52,5339
3,53,5026
3,54,5011
3,55,4811
3,56,4855
3,57,4775
3,58,4581
3,59,4628
3,60,4471
3,61,4687
3,62,4647
3,63,4782
3,64,4689
3,65,4504
3,66,3468
3,67,3635
3,68,3547
3,69,3656
3,70,3767
3,71,4112
3,72,4127
3,73,4059
3,74,3743
3,75,3456
3,76,3529
3,77,3164
3,78,3081
3,79,3075
3,80,2907
4,0,5289
4,1,5442
4,2,5589
4,3,5563
4,4,5484
4,5,5407
4,6,5374
4,7,5354
4,8,5288
4,9,5221
4,10,5429
4,11,5612
4,12,5403
4,13,5481
4,14,5478
4,15,5405
4,16,5392
4,17,5316
4,18,5341
4,19,5593
4,20,5520
4,21,5646
4,22,5748
4,23,5936
4,24,5780
4,25,6031
4,26,6120
4,27,6189
4,28,6389
4,29,6688
4,30,6691
4,31,7040
4,32,6981
4,33,7363
4,34,7572
4,35,8034
4,36,8419
4,37,8810
4,38,8935
4,39,8970
4,40,9132
4,41,8850
4,42,9328
4,43,9439
4,44,9379
4,45,9391
4,46,9484
4,47,9697
4,48,8877
4,49,8739
4,50,8488
4,51,8352
4,52,8227
4,53,7773
4,54,7921
4,55,7608
4,56,7587
4,57,7387
4,58,7243
4,59,7379
4,60,7196
4,61,7496
4,62,7484
4,63,7758
4,64,7439
4,65,7068
4,66,5661
4,67,6156
4,68,6132
4,69,6300
4,70,6429
4,71,6713
4,72,6662
4,73,6640
4,74,6181
4,75,5589
4,76,5670
4,77,5448
4,78,5014
4,79,5062
4,80,4834
5,0,1786
5,1,1793
5,2,1900
5,3,1898
5,4,1894
5,5,1874
5,6,1894
5,7,1874
5,8,1868
5,9,1906
5,10,1855
5,11,1882
5,12,1870
5,13,1902
5,14,1784
5,15,1790
5,16,1826
5,17,1797
5,18,1798
5,19,1798
5,20,1772
5,21,1984
5,22,1874
5,23,2031
5,24,1937
5,25,2005
5,26,2098
5,27,2122
5,28,2146
5,29,2230
5,30,2310
5,31,2344
5,32,2488
5,33,2644
5,34,2774
5,35,2945
5,36,3095
5,37,3250
5,38,3125
5,39,3342
5,40,3299
5,41,3337
5,42,3583
5,43,3382
5,44,3480
5,45,3548
5,46,3491
5,47,3535
5,48,3370
5,49,3195
5,50,3255
5,51,3171
5,52,3042
5,53,2965
5,54,3038
5,55,3010
5,56,2871
5,57,2875
5,58,2754
5,59,2797
5,60,2735
5,61,2975
5,62,2988
5,63,3190
5,64,3068
5,65,2931
5,66,2148
5,67,2308
5,68,2405
5,69,2330
5,70,2292
5,71,2568
5,72,2597
5,73,2575
5,74,2405
5,75,2207
5,76,2308
5,77,2156
5,78,2029
5,79,2004
5,80,2035
6,0,3185
6,1,3166
6,2,3261
6,3,3384
6,4,3347
6,5,3333
6,6,3195
6,7,3307
6,8,3214
6,9,3190
6,10,3279
6,11,3257
6,12,3304
6,13,3179
6,14,3290
6,15,3226
6,16,3219
6,17,3325
6,18,3384
6,19,3454
6,20,3437
6,21,3527
6,22,3510
6,23,3629
6,24,3534
6,25,3661
6,26,3788
6,27,3887
6,28,4060
6,29,4299
6,30,4251
6,31,4420
6,32,4480
6,33,5038
6,34,5431
6,35,5697
6,36,5938
6,37,6032
6,38,6064
6,39,6399
6,40,6633
6,41,6555
6,42,6928
6,43,6740
6,44,7056
6,45,7032
6,46,7158
6,47,7308
6,48,6771
6,49,6518
6,50,6584
6,51,6205
6,52,6107
6,53,6126
6,54,6052
6,55,5925
6,56,5823
6,57,5709
6,58,5500
6,59,5494
6,60,5582
6,61,5793
6,62,5799
6,63,6090
6,64,6163
6,65,6145
6,66,4602
6,67,5055
6,68,5073
6,69,5182
6,70,5278
6,71,5625
6,72,5674
6,73,5635
6,74,5033
6,75,4837
6,76,4742
6,77,4564
6,78,4538
6,79,4271
6,80,4049
7,0,1214
7,1,1191
7,2,1260
7,3,1234
7,4,1240
7,5,1260
7,6,1165
7,7,1163
7,8,1183
7,9,1129
7,10,1190
7,11,1208
7,12,1165
7,13,1118
7,14,1054
7,15,1148
7,16,1063
7,17,1051
7,18,1043
7,19,1116
7,20,1104
7,21,1164
7,22,1127
7,23,1194
7,24,1216
7,25,1244
7,26,1251
7,27,1282
7,28,1389
7,29,1396
7,30,1325
7,31,1468
7,32,1420
7,33,1730
7,34,1641
7,35,1753
7,36,1888
7,37,1983
7,38,1989
7,39,2018
7,40,2081
7,41,2064
7,42,2214
7,43,2145
7,44,2152
7,45,2193
7,46,2137
7,47,2281
7,48,2108
7,49,1940
7,50,1957
7,51,1806
7,52,1887
7,53,1727
7,54,1721
7,55,1688
7,56,1676
7,57,1683
7,58,1628
7,59,1552
7,60,1593
7,61,1613
7,62,1676
7,63,1711
7,64,1590
7,65,1539
7,66,1223
7,67,1311
7,68,1355
7,69,1422
7,70,1426
7,71,1449
7,72,1393
7,73,1384
7,74,1208
7,75,1139
7,76,1099
7,77,1035
7,78,1027
7,79,966
7,80,980
8,0,1518
8,1,1539
8,2,1629
8,3,1689
8,4,1701
8,5,1603
8,6,1728
8,7,1674
8,8,1642
8,9,1641
8,10,1723
8,11,1768
8,12,1764
8,13,1743
8,14,1736
8,15,1803
8,16,1746
8,17,1723
8,18,1791
8,19,1917
8,20,1874
8,21,1879
8,22,1893
8,23,1910
8,24,1905
8,25,1897
8,26,1911
8,27,1869
8,28,1984
8,29,1971
8,30,2103
8,31,2129
8,32,2088
8,33,2382
8,34,2451
8,35,2592
8,36,2742
8,37,2975
8,38,2945
8,39,3154
8,40,3094
8,41,3259
8,42,3291
8,43,3424
8,44,3470
8,45,3514
8,46,3615
8,47,3693
8,48,3384
8,49,3397
8,50,3256
8,51,3216
8,52,3174
8,53,2961
8,54,3066
8,55,2870
8,56,2808
8,57,2796
8,58,2791
8,59,2651
8,60,2674
8,61,2723
8,62,2885
8,63,3062
8,64,3157
8,65,3064
8,66,2362
8,67,2628
8,68,2550
8,69,2670
8,70,2780
8,71,3007
8,72,2869
8,73,2858
8,74,2726
8,75,2595
8,76,2509
8,77,2319
8,78,2328
8,79,2200
8,80,2071
9,0,1951
9,1,2025
9,2,2129
9,3,2166
9,4,2187
9,5,2170
9,6,2268
9,7,2243
9,8,2186
9,9,2231
9,10,2145
9,11,2248
9,12,2109
9,13,2149
9,14,2129
9,15,2114
9,16,2030
9,17,2121
9,18,2098
9,19,2296
9,20,2116
9,21,2284
9,22,2247
9,23,2304
9,24,2187
9,25,2209
9,26,2323
9,27,2488
9,28,2481
9,29,2524
9,30,2587
9,31,2548
9,32,2760
9,33,2986
9,34,3274
9,35,3376
9,36,3652
9,37,3962
9,38,3945
9,39,4196
9,40,4332
9,41,4419
9,42,4589
9,43,4682
9,44,4641
9,45,4670
9,46,4848
9,47,4791
9,48,4602
9,49,4384
9,50,4306
9,51,3956
9,52,4045
9,53,3858
9,54,3742
9,55,3728
9,56,3678
9,57,3615
9,58,3505
9,59,3488
9,60,3460
9,61,3679
9,62,3789
9,63,3954
9,64,4170
9,65,4252
9,66,3298
9,67,3572
9,68,3513
9,69,3720
9,70,3785
9,71,4064
9,72,3960
9,73,4021
9,74,3709
9,75,3393
9,76,3362
9,77,3253
9,78,3061
9,79,3001
9,80,2918
10,0,6177
10,1,6281
10,2,6680
10,3,6685
10,4,6528
10,5,6781
10,6,6498
10,7,6580
10,8,6562
10,9,6755
10,10,6746
10,11,6584
10,12,6613
10,13,6666
10,14,6617
10,15,6751
10,16,6629
10,17,6707
10,18,6837
10,19,7057
10,20,7210
10,21,6923
10,22,7094
10,23,7108
10,24,7100
10,25,6783
10,26,7280
10,27,7249
10,28,7505
10,29,7490
10,30,8028
10,31,7954
10,32,8489
10,33,9155
10,34,9861
10,35,10277
10,36,11284
10,37,11944
10,38,12395
10,39,13058
10,40,13038
10,41,13053
10,42,13270
10,43,13302
10,44,13323
10,45,13966
10,46,14341
10,47,14479
10,48,13759
10,49,13408
10,50,12702
10,51,12429
10,52,12460
10,53,12002
10,54,11903
10,55,11695
10,56,11204
10,57,11488
10,58,11085
10,59,10668
10,60,10790
10,61,11592
10,62,11614
10,63,12463
10,64,12737
10,65,13091
10,66,9361
10,67,10554
10,68,10396
10,69,10524
10,70,10898
10,71,11754
10,72,11849
10,73,11739
10,74,10631
10,75,9870
10,76,9886
10,77,9350
10,78,9175
10,79,8973
10,80,8834
11,0,1580
11,1,1615
11,2,1673
11,3,1708
11,4,1693
11,5,1776
11,6,1639
11,7,1698
11,8,1643
11,9,1654
11,10,1703
11,11,1697
11,12,1637
11,13,1668
11,14,1685
11,15,1725
11,16,1676
11,17,1644
11,18,1660
11,19,1842
11,20,1703
11,21,1824
11,22,1801
11,23,1862
11,24,1750
11,25,1911
11,26,1941
11,27,1947
11,28,1998
11,29,2201
11,30,2155
11,31,2135
11,32,2365
11,33,2555
11,34,2665
11,35,2758
11,36,2930
11,37,3161
11,38,3251
11,39,3257
11,40,3421
11,41,3326
11,42,3567
11,43,3570
11,44,3642
11,45,3856
11,46,3801
11,47,3934
11,48,3567
11,49,3488
11,50,3465
11,51,3216
11,52,3055
11,53,3075
11,54,2971
11,55,2955
11,56,2789
11,57,2787
11,58,2641
11,59,2595
11,60,2626
11,61,2779
11,62,2984
11,63,3101
11,64,3192
11,65,3211
11,66,2213
11,67,2664
11,68,2582
11,69,2700
11,70,2783
11,71,2974
11,72,2857
11,73,2805
11,74,2564
11,75,2409
11,76,2272
11,77,2288
11,78,2236
11,79,2203
11,80,2151
12,0,8022
12,1,8255
12,2,8547
12,3,8426
12,4,8362
12,5,8523
12,6,8204
12,7,8282
12,8,7971
12,9,8002
12,10,7915
12,11,8067
12,12,7955
12,13,7837
12,14,7770
12,15,7700
12,16,7522
12,17,7636
12,18,7808
12,19,8052
12,20,8044
12,21,8234
12,22,8085
12,23,8390
12,24,8298
12,25,8282
12,26,8989
12,27,9037
12,28,9609
12,29,9963
12,30,10066
12,31,10436
12,32,10934
12,33,11679
12,34,12398
12,35,12822
12,36,13755
12,37,13983
12,38,14013
12,39,14426
12,40,14294
12,41,14181
12,42,14471
12,43,14657
12,44,14570
12,45,14760
12,46,15255
12,47,14818
12,48,13972
12,49,13125
12,50,12656
12,51,12221
12,52,12141
12,53,11497
12,54,11291
12,55,11081
12,56,11092
12,57,10942
12,58,10676
12,59,10653
12,60,10601
12,61,10990
12,62,11222
12,63,11495
12,64,11081
12,65,11793
12,66,8695
12,67,9045
12,68,8995
12,69,9301
12,70,9614
12,71,10202
12,72,10266
12,73,9696
12,74,8834
12,75,7952
12,76,7921
12,77,7547
12,78,6904
12,79,6789
12,80,6381
13,0,5419
13,1,5611
13,2,5817
13,3,5807
13,4,5698
13,5,5747
13,6,5707
13,7,5649
13,8,5479
13,9,5254
13,10,5507
13,11,5599
13,12,5486
13,13,5396
13,14,5436
13,15,5307
13,16,5281
13,17,5284
13,18,5270
13,19,5319
13,20,5476
13,21,5531
13,22,5509
13,23,5569
13,24,5487
13,25,5696
13,26,6043
13,27,6089
13,28,6603
13,29,6671
13,30,6829
13,31,7070
13,32,7495
13,33,7893
13,34,8392
13,35,8859
13,36,9466
13,37,9746
13,38,9620
13,39,9810
13,40,9825
13,41,9503
13,42,10121
13,43,9971
13,44,10076
13,45,10302
13,46,10131
13,47,10161
13,48,9395
13,49,8811
13,50,8702
13,51,8397
13,52,8238
13,53,7694
13,54,7690
13,55,7598
13,56,7317
13,57,7189
13,58,7181
13,59,7323
13,60,7218
13,61,7385
13,62,7609
13,63,7747
13,64,7454
13,65,7651
13,66,5638
13,67,5911
13,68,5827
13,69,5810
13,70,6060
13,71,6705
13,72,6379
13,73,6191
13,74,5544
13,75,5183
13,76,5079
13,77,4882
13,78,4515
13,79,4470
13,80,4182
14,0,1599
14,1,1608
14,2,1536
14,3,1672
14,4,1602
14,5,1713
14,6,1641
14,7,1657
14,8,1699
14,9,1695
14,10,1655
14,11,1786
14,12,1730
14,13,1741
14,14,1777
14,15,1833
14,16,1743
14,17,1676
14,18,1747
14,19,1784
14,20,1786
14,21,1822
14,22,1755
14,23,1831
14,24,1793
14,25,1874
14,26,1918
14,27,1955
14,28,1983
14,29,2108
14,30,2082
14,31,2153
14,32,2103
14,33,2280
14,34,2347
14,35,2483
14,36,2609
14,37,2677
14,38,2740
14,39,2752
14,40,2856
14,41,2799
14,42,2930
14,43,2977
14,44,2979
14,45,3067
14,46,3041
14,47,3107
14,48,2999
14,49,2800
14,50,2836
14,51,2743
14,52,2741
14,53,2603
14,54,2498
14,55,2468
14,56,2375
14,57,2397
14,58,2304
14,59,2247
14,60,2355
14,61,2381
14,62,2292
14,63,2331
14,64,2226
14,65,2307
14,66,1717
14,67,1833
14,68,1846
14,69,1853
14,70,1885
14,71,1983
14,72,1945
14,73,1827
14,74,1775
14,75,1630
14,76,1665
14,77,1511
14,78,1424
14,79,1417
14,80,1342
15,0,28520
15,1,28385
15,2,29172
15,3,29482
15,4,28975
15,5,29258
15,6,28546
15,7,28615
15,8,27893
15,9,27221
15,10,27352
15,11,27406
15,12,26503
15,13,26114
15,14,25883
15,15,25808
15,16,24840
15,17,25177
15,18,25444
15,19,26132
15,20,26073
15,21,26355
15,22,26616
15,23,27287
15,24,26675
15,25,27299
15,26,28611
15,27,29803
15,28,31797
15,29,33929
15,30,34628
15,31,35484
15,32,37223
15,33,39385
15,34,41925
15,35,44143
15,36,47824
15,37,50251
15,38,51132
15,39,51508
15,40,52310
15,41,51902
15,42,52904
15,43,52354
15,44,52152
15,45,53374
15,46,53065
15,47,52489
15,48,48878
15,49,46452
15,50,44846
15,51,43365
15,52,41973
15,53,40347
15,54,39911
15,55,38939
15,56,38054
15,57,37269
15,58,36023
15,59,35768
15,60,35408
15,61,36837
15,62,37762
15,63,39965
15,64,39649
15,65,41587
15,66,31264
15,67,33434
15,68,32955
15,69,33484
15,70,34438
15,71,37568
15,72,36641
15,73,35194
15,74,32127
15,75,29079
15,76,29324
15,77,27599
15,78,25880
15,79,24649
15,80,23387
16,0,11134
16,1,11546
16,2,11895
16,3,11772
16,4,11521
16,5,11643
16,6,11375
16,7,11328
16,8,11277
16,9,11121
16,10,11183
16,11,11286
16,12,10845
16,13,10877
16,14,10823
16,15,10393
16,16,10441
16,17,10183
16,18,10373
16,19,10671
16,20,10684
16,21,10783
16,22,10790
16,23,11323
16,24,11196
16,25,11042
16,26,11704
16,27,12235
16,28,12521
16,29,13007
16,30,13306
16,31,13785
16,32,14201
16,33,15381
16,34,15679
16,35,16268
16,36,17630
16,37,17894
16,38,17871
16,39,18058
16,40,17895
16,41,18155
16,42,18342
16,43,18317
16,44,18380
16,45,19009
16,46,18904
16,47,19037
16,48,17670
16,49,16736
16,50,15950
16,51,15826
16,52,15371
16,53,14811
16,54,13952
16,55,13909
16,56,13566
16,57,13240
16,58,12975
16,59,12749
16,60,12735
16,61,13512
16,62,13392
16,63,13434
16,64,12571
16,65,12957
16,66,9797
16,67,10497
16,68,10183
16,69,10623
16,70,10414
16,71,11460
16,72,10835
16,73,10537
16,74,9195
16,75,8330
16,76,8524
16,77,7873
16,78,7374
16,79,7255
16,80,6668
17,0,12531
17,1,13207
17,2,13278
17,3,13378
17,4,13377
17,5,13254
17,6,12606
17,7,12727
17,8,12449
17,9,12228
17,10,12543
17,11,12388
17,12,12138
17,13,12084
17,14,11778
17,15,11603
17,16,11592
17,17,11379
17,18,11735
17,19,11770
17,20,11687
17,21,12082
17,22,12038
17,23,12553
17,24,12455
17,25,12405
17,26,13340
17,27,13998
17,28,14455
17,29,15104
17,30,15503
17,31,15988
17,32,16256
17,33,17376
17,34,18172
17,35,18799
17,36,20415
17,37,21002
17,38,20393
17,39,20707
17,40,20477
17,41,20612
17,42,21011
17,43,21030
17,44,21076
17,45,21029
17,46,20707
17,47,20957
17,48,19554
17,49,18822
17,50,18426
17,51,17642
17,52,16865
17,53,16283
17,54,15939
17,55,15827
17,56,15076
17,57,14751
17,58,14357
17,59,14293
17,60,14198
17,61,14778
17,62,14877
17,63,15479
17,64,14788
17,65,15074
17,66,10927
17,67,12174
17,68,12084
17,69,12289
17,70,12479
17,71,13144
17,72,12876
17,73,12348
17,74,10855
17,75,9554
17,76,9907
17,77,9056
17,78,8676
17,79,8530
17,80,7990
18,0,4511
18,1,4499
18,2,4781
18,3,4854
18,4,4672
18,5,4598
18,6,4647
18,7,4539
18,8,4453
18,9,4393
18,10,4458
18,11,4432
18,12,4359
18,13,4389
18,14,4346
18,15,4204
18,16,4181
18,17,4187
18,18,4318
18,19,4401
18,20,4480
18,21,4670
18,22,4671
18,23,4818
18,24,4930
18,25,4886
18,26,5205
18,27,5387
18,28,5640
18,29,6004
18,30,6063
18,31,6274
18,32,6758
18,33,7092
18,34,7512
18,35,7958
18,36,8235
18,37,8784
18,38,8722
18,39,8757
18,40,8709
18,41,8644
18,42,9106
18,43,8913
18,44,9202
18,45,9286
18,46,8990
18,47,9098
18,48,8707
18,49,8401
18,50,8062
18,51,7792
18,52,7724
18,53,7314
18,54,7377
18,55,7262
18,56,7075
18,57,6780
18,58,6696
18,59,6558
18,60,6660
18,61,7016
18,62,6839
18,63,7149
18,64,7053
18,65,6882
18,66,5016
18,67,5482
18,68,5625
18,69,5658
18,70,5801
18,71,6534
18,72,6407
18,73,6196
18,74,5632
18,75,5311
18,76,5465
18,77,5263
18,78,5049
18,79,4782
18,80,4671
19,0,3054
19,1,3264
19,2,3313
19,3,3438
19,4,3287
19,5,3242
19,6,3211
19,7,3157
19,8,3102
19,9,3088
19,10,3169
19,11,3246
19,12,3140
19,13,3184
19,14,3086
19,15,3055
19,16,3088
19,17,3099
19,18,3121
19,19,3162
19,20,3225
19,21,3316
19,22,3399
19,23,3380
19,24,3433
19,25,3477
19,26,3718
19,27,3851
19,28,3844
19,29,4145
19,30,4158
19,31,4293
19,32,4442
19,33,4729
19,34,5005
19,35,5239
19,36,5487
19,37,5597
19,38,5494
19,39,5563
19,40,5666
19,41,5549
19,42,5922
19,43,5925
19,44,5774
19,45,6019
19,46,5946
19,47,5852
19,48,5740
19,49,5406
19,50,5243
19,51,5209
19,52,5083
19,53,4974
19,54,4783
19,55,4701
19,56,4751
19,57,4520
19,58,4429
19,59,4440
19,60,4465
19,61,4707
19,62,4774
19,63,4884
19,64,4714
19,65,4722
19,66,3270
19,67,3572
19,68,3633
19,69,3817
19,70,3931
19,71,4222
19,72,4196
19,73,4073
19,74,3601
19,75,3347
19,76,3441
19,77,3170
19,78,3029
19,79,2889
19,80,2803
20,0,3868
20,1,4063
20,2,3999
20,3,3990
20,4,4003
20,5,3918
20,6,3819
20,7,3790
20,8,3540
20,9,3602
20,10,3622
20,11,3684
20,12,3692
20,13,3603
20,14,3461
20,15,3458
20,16,3283
20,17,3470
20,18,3444
20,19,3536
20,20,3444
20,21,3587
20,22,3545
20,23,3845
20,24,3775
20,25,4015
20,26,4187
20,27,4270
20,28,4439
20,29,4575
20,30,4935
20,31,5203
20,32,5205
20,33,5803
20,34,6076
20,35,6203
20,36,6494
20,37,6745
20,38,6826
20,39,6842
20,40,6721
20,41,6702
20,42,6795
20,43,6838
20,44,6676
20,45,6598
20,46,6731
20,47,6717
20,48,6242
20,49,6115
20,50,6132
20,51,5775
20,52,5612
20,53,5254
20,54,5390
20,55,5285
20,56,5164
20,57,5145
20,58,4778
20,59,4877
20,60,4732
20,61,4951
20,62,5109
20,63,5322
20,64,5470
20,65,5489
20,66,3572
20,67,4145
20,68,4100
20,69,4092
20,70,4170
20,71,4590
20,72,4423
20,73,4477
20,74,4008
20,75,3644
20,76,3956
20,77,3745
20,78,3398
20,79,3251
20,80,3288
21,0,5152
21,1,5333
21,2,5264
21,3,5445
21,4,5534
21,5,5504
21,6,5627
21,7,5573
21,8,5510
21,9,5372
21,10,5626
21,11,5677
21,12,5733
21,13,5694
21,14,5795
21,15,5703
21,16,5460
21,17,5597
21,18,5468
21,19,5661
21,20,5723
21,21,5637
21,22,5637
21,23,5558
21,24,5444
21,25,5600
21,26,5737
21,27,5836
21,28,6116
21,29,6417
21,30,6468
21,31,6505
21,32,6340
21,33,6609
21,34,6625
21,35,6764
21,36,7202
21,37,7596
21,38,7678
21,39,8104
21,40,8363
21,41,8306
21,42,8721
21,43,8609
21,44,8440
21,45,8701
21,46,8709
21,47,8628
21,48,8124
21,49,7773
21,50,7615
21,51,7315
21,52,7037
21,53,6630
21,54,6382
21,55,6094
21,56,5779
21,57,5547
21,58,5461
21,59,5341
21,60,5192
21,61,5326
21,62,5144
21,63,5362
21,64,5182
21,65,5671
21,66,4192
21,67,4907
21,68,5321
21,69,5295
21,70,5362
21,71,4784
21,72,4746
21,73,4415
21,74,3954
21,75,3716
21,76,3608
21,77,3556
21,78,3442
21,79,3339
21,80,3155
22,0,5177
22,1,5422
22,2,5348
22,3,5440
22,4,5283
22,5,5385
22,6,5352
22,7,5539
22,8,5298
22,9,5361
22,10,5377
22,11,5571
22,12,5412
22,13,5418
22,14,5326
22,15,5348
22,16,5214
22,17,5212
22,18,5226
22,19,5382
22,20,5251
22,21,5333
22,22,5146
22,23,5313
22,24,5392
22,25,5390
22,26,5561
22,27,5657
22,28,5985
22,29,6028
22,30,5897
22,31,6083
22,32,6387
22,33,6842
22,34,6975
22,35,7296
22,36,7630
22,37,8126
22,38,8105
22,39,8003
22,40,8341
22,41,8080
22,42,8583
22,43,8527
22,44,8678
22,45,8810
22,46,8916
22,47,8906
22,48,8387
22,49,7890
22,50,8055
22,51,7730
22,52,7544
22,53,7122
22,54,7103
22,55,6980
22,56,6771
22,57,6581
22,58,6498
22,59,6416
22,60,6279
22,61,6533
22,62,6161
22,63,6330
22,64,6275
22,65,6627
22,66,4603
22,67,5230
22,68,5382
22,69,5289
22,70,5299
22,71,5365
22,72,5032
22,73,4840
22,74,4379
22,75,4143
22,76,4145
22,77,3941
22,78,3733
22,79,3547
22,80,3506
23,0,8665
23,1,8973
23,2,8985
23,3,9203
23,4,9000
23,5,9021
23,6,8990
23,7,8938
23,8,8527
23,9,8547
23,10,8554
23,11,8728
23,12,8728
23,13,8521
23,14,8431
23,15,8321
23,16,8376
23,17,8289
23,18,8257
23,19,8370
23,20,8374
23,21,8672
23,22,8708
23,23,9099
23,24,8978
23,25,9068
23,26,9871
23,27,9873
23,28,10184
23,29,10582
23,30,11221
23,31,11326
23,32,11913
23,33,12427
23,34,12862
23,35,13464
23,36,14152
23,37,14955
23,38,14564
23,39,14951
23,40,14985
23,41,14968
23,42,15442
23,43,15034
23,44,15213
23,45,15238
23,46,15232
23,47,15330
23,48,14367
23,49,13589
23,50,13317
23,51,12623
23,52,12551
23,53,11992
23,54,11763
23,55,11666
23,56,11323
23,57,10912
23,58,10453
23,59,10319
23,60,10255
23,61,10639
23,62,10484
23,63,11061
23,64,10903
23,65,11902
23,66,7676
23,67,8971
23,68,9360
23,69,9119
23,70,8916
23,71,9374
23,72,9393
23,73,9065
23,74,8245
23,75,7576
23,76,7589
23,77,7217
23,78,6704
23,79,6560
23,80,6180
24,0,8091
24,1,8509
24,2,8720
24,3,8876
24,4,8842
24,5,8846
24,6,8951
24,7,9068
24,8,8678
24,9,8778
24,10,8693
24,11,8828
24,12,8646
24,13,8667
24,14,8824
24,15,8541
24,16,8307
24,17,8335
24,18,8599
24,19,8810
24,20,8484
24,21,8648
24,22,8786
24,23,8759
24,24,8353
24,25,8661
24,26,8960
24,27,9168
24,28,9162
24,29,9659
24,30,9967
24,31,10342
24,32,10648
24,33,11626
24,34,12114
24,35,12420
24,36,13107
24,37,14084
24,38,14017
24,39,14283
24,40,14513
24,41,14563
24,42,15017
24,43,14895
24,44,14968
24,45,15089
24,46,15119
24,47,15006
24,48,13947
24,49,13407
24,50,12966
24,51,12468
24,52,12097
24,53,11222
24,54,10996
24,55,10637
24,56,10422
24,57,10253
24,58,9889
24,59,9902
24,60,9815
24,61,10264
24,62,10115
24,63,10306
24,64,9836
24,65,10941
24,66,7593
24,67,8629
24,68,9074
24,69,8634
24,70,8608
24,71,9073
24,72,8708
24,73,8420
24,74,7500
24,75,6899
24,76,6840
24,77,6638
24,78,5855
24,79,5810
24,80,5482
25,0,1641
25,1,1716
25,2,1688
25,3,1770
25,4,1706
25,5,1773
25,6,1745
25,7,1794
25,8,1779
25,9,1879
25,10,1718
25,11,1935
25,12,1820
25,13,1823
25,14,1776
25,15,1880
25,16,1747
25,17,1825
25,18,1823
25,19,1940
25,20,1842
25,21,1914
25,22,1880
25,23,1901
25,24,1872
25,25,1883
25,26,1972
25,27,2064
25,28,2138
25,29,2144
25,30,2217
25,31,2176
25,32,2244
25,33,2478
25,34,2598
25,35,2743
25,36,2916
25,37,3102
25,38,3206
25,39,3287
25,40,3311
25,41,3357
25,42,3364
25,43,3403
25,44,3421
25,45,3469
25,46,3411
25,47,3494
25,48,3356
25,49,3195
25,50,3225
25,51,3076
25,52,3171
25,53,2896
25,54,2900
25,55,2841
25,56,2900
25,57,2914
25,58,2811
25,59,2793
25,60,2809
25,61,3036
25,62,2857
25,63,2941
25,64,3069
25,65,3159
25,66,2212
25,67,2444
25,68,2461
25,69,2429
25,70,2489
25,71,2542
25,72,2588
25,73,2357
25,74,2083
25,75,1960
25,76,1848
25,77,1875
25,78,1716
25,79,1792
25,80,1678
26,0,8470
26,1,8888
26,2,8902
26,3,9189
26,4,9232
26,5,9218
26,6,9179
26,7,9061
26,8,8965
26,9,8797
26,10,8519
26,11,9043
26,12,8525
26,13,8595
26,14,8447
26,15,8409
26,16,8011
26,17,8235
26,18,8088
26,19,8365
26,20,8367
26,21,8489
26,22,8442
26,23,8578
26,24,8340
26,25,8553
26,26,9085
26,27,9294
26,28,9576
26,29,10155
26,30,10350
26,31,10578
26,32,11004
26,33,12091
26,34,12380
26,35,12853
26,36,13679
26,37,14700
26,38,14389
26,39,14551
26,40,14971
26,41,14985
26,42,15348
26,43,14956
26,44,15201
26,45,15298
26,46,15364
26,47,15165
26,48,14129
26,49,13565
26,50,13378
26,51,12749
26,52,12650
26,53,11859
26,54,11357
26,55,11177
26,56,11136
26,57,10817
26,58,10527
26,59,10157
26,60,10009
26,61,10400
26,62,10110
26,63,10420
26,64,10232
26,65,11130
26,66,7744
26,67,8955
26,68,9006
26,69,8530
26,70,8521
26,71,9044
26,72,8881
26,73,8373
26,74,7583
26,75,7051
26,76,7044
26,77,6563
26,78,5853
26,79,5759
26,80,5569
27,0,7235
27,1,7303
27,2,7400
27,3,7606
27,4,7671
27,5,7540
27,6,7422
27,7,7665
27,8,7606
27,9,7300
27,10,7449
27,11,7574
27,12,7399
27,13,7518
27,14,7332
27,15,7005
27,16,6951
27,17,6912
27,18,7055
27,19,7338
27,20,7309
27,21,7539
27,22,7344
27,23,7577
27,24,7516
27,25,7746
27,26,8120
27,27,8082
27,28,8487
27,29,8837
27,30,8927
27,31,9238
27,32,10020
27,33,10654
27,34,11268
27,35,12039
27,36,12695
27,37,13507
27,38,13578
27,39,13900
27,40,14007
27,41,13990
27,42,14366
27,43,14273
27,44,14485
27,45,14592
27,46,14654
27,47,15189
27,48,14161
27,49,13853
27,50,13517
27,51,12815
27,52,12863
27,53,11917
27,54,11791
27,55,11546
27,56,11050
27,57,10984
27,58,10627
27,59,10537
27,60,10251
27,61,10789
27,62,11048
27,63,11338
27,64,11400
27,65,12201
27,66,8279
27,67,9976
27,68,9979
27,69,9810
27,70,9756
27,71,10300
27,72,9779
27,73,9416
27,74,8659
27,75,7971
27,76,7957
27,77,7564
27,78,6795
27,79,6674
27,80,6301
28,0,8546
28,1,8740
28,2,8947
28,3,9082
28,4,8828
28,5,8877
28,6,8581
28,7,8760
28,8,8666
28,9,8345
28,10,8441
28,11,8728
28,12,8577
28,13,8493
28,14,8356
28,15,8354
28,16,8181
28,17,8111
28,18,8303
28,19,8648
28,20,8642
28,21,8680
28,22,8633
28,23,9018
28,24,8725
28,25,8776
28,26,9652
28,27,9703
28,28,9931
28,29,10467
28,30,10650
28,31,11412
28,32,11894
28,33,12354
28,34,13108
28,35,13841
28,36,14245
28,37,15176
28,38,15212
28,39,15246
28,40,15499
28,41,15711
28,42,16095
28,43,16045
28,44,15922
28,45,15997
28,46,16247
28,47,16452
28,48,15385
28,49,14889
28,50,14367
28,51,13450
28,52,13547
28,53,12880
28,54,12569
28,55,12439
28,56,11518
28,57,11568
28,58,11093
28,59,10958
28,60,10902
28,61,11267
28,62,11095
28,63,11279
28,64,10822
28,65,11636
28,66,8483
28,67,9535
28,68,9843
28,69,9419
28,70,9339
28,71,9850
28,72,9478
28,73,9277
28,74,8274
28,75,7843
28,76,8057
28,77,7540
28,78,6999
28,79,6612
28,80,6280
29,0,1812
29,1,1941
29,2,1947
29,3,1951
29,4,1863
29,5,1815
29,6,1867
29,7,1842
29,8,1788
29,9,1753
29,10,1756
29,11,1881
29,12,1803
29,13,1847
29,14,1925
29,15,1896
29,16,1833
29,17,1878
29,18,1821
29,19,2035
29,20,2106
29,21,2215
29,22,2144
29,23,2299
29,24,2221
29,25,2300
29,26,2434
29,27,2451
29,28,2527
29,29,2623
29,30,2723
29,31,2839
29,32,2953
29,33,3350
29,34,3343
29,35,3541
29,36,3664
29,37,3787
29,38,3786
29,39,3693
29,40,3721
29,41,3736
29,42,3770
29,43,3836
29,44,3934
29,45,4021
29,46,3946
29,47,4082
29,48,3938
29,49,3893
29,50,3938
29,51,3746
29,52,3821
29,53,3587
29,54,3692
29,55,3676
29,56,3549
29,57,3445
29,58,3460
29,59,3375
29,60,3177
29,61,3390
29,62,3341
29,63,3498
29,64,3285
29,65,3340
29,66,2102
29,67,2656
29,68,2527
29,69,2534
29,70,2652
29,71,2658
29,72,2631
29,73,2723
29,74,2508
29,75,2243
29,76,2513
29,77,2469
29,78,2332
29,79,2076
29,80,2160
30,0,4149
30,1,4413
30,2,4485
30,3,4403
30,4,4492
30,5,4554
30,6,4546
30,7,4478
30,8,4557
30,9,4483
30,10,4470
30,11,4609
30,12,4371
30,13,4426
30,14,4326
30,15,4329
30,16,4294
30,17,4211
30,18,4196
30,19,4512
30,20,4498
30,21,4611
30,22,4670
30,23,4830
30,24,4604
30,25,4871
30,26,5254
30,27,5495
30,28,5467
30,29,5790
30,30,5862
30,31,6103
30,32,6449
30,33,6881
30,34,6976
30,35,7175
30,36,7778
30,37,8324
30,38,8251
30,39,8380
30,40,8533
30,41,8713
30,42,8877
30,43,8658
30,44,8864
30,45,8880
30,46,9028
30,47,9119
30,48,8784
30,49,8313
30,50,8076
30,51,7911
30,52,7939
30,53,7466
30,54,7173
30,55,7197
30,56,7072
30,57,7078
30,58,7024
30,59,6875
30,60,6791
30,61,7297
30,62,7274
30,63,7582
30,64,7607
30,65,8169
30,66,5729
30,67,6705
30,68,6569
30,69,6619
30,70,6613
30,71,6833
30,72,6592
30,73,6215
30,74,5531
30,75,5186
30,76,4942
30,77,4655
30,78,4363
30,79,4195
30,80,4041
31,0,1046
31,1,1111
31,2,1093
31,3,1163
31,4,1179
31,5,1169
31,6,1175
31,7,1141
31,8,1167
31,9,1150
31,10,1241
31,11,1205
31,12,1135
31,13,1134
31,14,1115
31,15,1124
31,16,1068
31,17,1104
31,18,1088
31,19,1129
31,20,1154
31,21,1132
31,22,1223
31,23,1103
31,24,1083
31,25,1094
31,26,1132
31,27,1178
31,28,1176
31,29,1304
31,30,1430
31,31,1389
31,32,1503
31,33,1702
31,34,1760
31,35,1837
31,36,2014
31,37,2228
31,38,2235
31,39,2349
31,40,2255
31,41,2283
31,42,2366
31,43,2302
31,44,2405
31,45,2394
31,46,2468
31,47,2479
31,48,2324
31,49,2167
31,50,2181
31,51,2112
31,52,1975
31,53,1896
31,54,1837
31,55,1761
31,56,1794
31,57,1747
31,58,1799
31,59,1657
31,60,1757
31,61,1776
31,62,1864
31,63,2044
31,64,2068
31,65,2083
31,66,1393
31,67,1783
31,68,1724
31,69,1685
31,70,1825
31,71,1972
31,72,1813
31,73,1753
31,74,1630
31,75,1494
31,76,1439
31,77,1346
31,78,1264
31,79,1280
31,80,1185
32,0,1659
32,1,1769
32,2,1726
32,3,1788
32,4,1779
32,5,1795
32,6,1725
32,7,1839
32,8,1749
32,9,1723
32,10,1746
32,11,1803
32,12,1748
32,13,1717
32,14,1775
32,15,1765
32,16,1725
32,17,1734
32,18,1768
32,19,1899
32,20,1878
32,21,1940
32,22,1880
32,23,1935
32,24,1906
32,25,1888
32,26,1940
32,27,1933
32,28,1999
32,29,2043
32,30,2111
32,31,2160
32,32,2228
32,33,2503
32,34,2679
32,35,2975
32,36,3029
32,37,3396
32,38,3468
32,39,3721
32,40,3644
32,41,3613
32,42,3569
32,43,3592
32,44,3617
32,45,3808
32,46,3927
32,47,3919
32,48,3751
32,49,3513
32,50,3507
32,51,3319
32,52,3297
32,53,3171
32,54,3137
32,55,3166
32,56,3104
32,57,2957
32,58,2881
32,59,2962
32,60,3000
32,61,3209
32,62,3203
32,63,3529
32,64,3575
32,65,3612
32,66,2516
32,67,3036
32,68,3058
32,69,3081
32,70,3276
32,71,3538
32,72,3338
32,73,3265
32,74,2981
32,75,2682
32,76,2719
32,77,2446
32,78,2392
32,79,2232
32,80,2206
33,0,2347
33,1,2445
33,2,2614
33,3,2511
33,4,2479
33,5,2500
33,6,2464
33,7,2412
33,8,2422
33,9,2376
33,10,2329
33,11,2425
33,12,2310
33,13,2371
33,14,2411
33,15,2333
33,16,2282
33,17,2282
33,18,2378
33,19,2476
33,20,2562
33,21,2592
33,22,2603
33,23,2530
33,24,2640
33,25,2612
33,26,2734
33,27,2859
33,28,2883
33,29,3099
33,30,3098
33,31,3241
33,32,3321
33,33,3664
33,34,3703
33,35,3952
33,36,4181
33,37,4518
33,38,4469
33,39,4417
33,40,4556
33,41,4510
33,42,4624
33,43,4703
33,44,4607
33,45,4763
33,46,4673
33,47,4705
33,48,4481
33,49,4355
33,50,4351
33,51,4106
33,52,4005
33,53,3990
33,54,3882
33,55,3912
33,56,3762
33,57,3628
33,58,3343
33,59,3327
33,60,3238
33,61,3490
33,62,3485
33,63,3572
33,64,3697
33,65,3788
33,66,2855
33,67,3048
33,68,3121
33,69,3256
33,70,3315
33,71,3454
33,72,3422
33,73,3375
33,74,3049
33,75,2843
33,76,2894
33,77,2795
33,78,2678
33,79,2577
33,80,2550
34,0,3865
34,1,4044
34,2,4097
34,3,3962
34,4,4007
34,5,3831
34,6,3851
34,7,3671
34,8,3590
34,9,3559
34,10,3587
34,11,3637
34,12,3562
34,13,3444
34,14,3605
34,15,3338
34,16,3454
34,17,3328
34,18,3446
34,19,3634
34,20,3750
34,21,3724
34,22,3729
34,23,3963
34,24,3877
34,25,4019
34,26,4303
34,27,4401
34,28,4702
34,29,4943
34,30,4913
34,31,5207
34,32,5511
34,33,5799
34,34,6056
34,35,6449
34,36,6773
34,37,7007
34,38,6949
34,39,7167
34,40,7018
34,41,7055
34,42,7292
34,43,7213
34,44,7204
34,45,7233
34,46,7120
34,47,7220
34,48,6725
34,49,6488
34,50,6258
34,51,6091
34,52,5918
34,53,5603
34,54,5561
34,55,5450
34,56,5271
34,57,5191
34,58,4977
34,59,4799
34,60,4799
34,61,5224
34,62,5094
34,63,5596
34,64,5479
34,65,5528
34,66,4095
34,67,4541
34,68,4393
34,69,4512
34,70,4676
34,71,5050
34,72,4912
34,73,4943
34,74,4390
34,75,4002
34,76,4264
34,77,3897
34,78,3682
34,79,3521
34,80,3507
35,0,5428
35,1,5653
35,2,5632
35,3,5632
35,4,5595
35,5,5462
35,6,5395
35,7,5339
35,8,5173
35,9,5209
35,10,4982
35,11,5105
35,12,4865
35,13,4931
35,14,4655
35,15,4680
35,16,4471
35,17,4605
35,18,4661
35,19,4695
35,20,4640
35,21,4655
35,22,4683
35,23,4793
35,24,4732
35,25,4747
35,26,5191
35,27,5510
35,28,5683
35,29,5955
35,30,6207
35,31,6593
35,32,6817
35,33,7494
35,34,7870
35,35,8394
35,36,8608
35,37,9059
35,38,9031
35,39,9140
35,40,8932
35,41,8795
35,42,8837
35,43,8801
35,44,8494
35,45,8770
35,46,8521
35,47,8534
35,48,7875
35,49,7724
35,50,7348
35,51,7388
35,52,6979
35,53,6612
35,54,6670
35,55,6465
35,56,6288
35,57,6213
35,58,5863
35,59,5648
35,60,5695
35,61,6046
35,62,6039
35,63,6463
35,64,6221
35,65,6224
35,66,4365
35,67,4868
35,68,4863
35,69,4838
35,70,4935
35,71,5265
35,72,5130
35,73,5094
35,74,4673
35,75,4169
35,76,4612
35,77,4402
35,78,3950
35,79,3654
35,80,3657
36,0,6745
36,1,6950
36,2,7010
36,3,7116
36,4,6874
36,5,6766
36,6,6653
36,7,6568
36,8,6348
36,9,6363
36,10,6428
36,11,6485
36,12,6052
36,13,6030
36,14,6091
36,15,5943
36,16,5880
36,17,5902
36,18,6042
36,19,6103
36,20,6216
36,21,6407
36,22,6208
36,23,6175
36,24,6299
36,25,6338
36,26,6681
36,27,7039
36,28,7325
36,29,7594
36,30,7965
36,31,8282
36,32,8691
36,33,9329
36,34,9792
36,35,10313
36,36,11031
36,37,11523
36,38,11706
36,39,11561
36,40,11749
36,41,11331
36,42,11629
36,43,11324
36,44,11407
36,45,11374
36,46,11302
36,47,11261
36,48,10819
36,49,10371
36,50,10402
36,51,9882
36,52,9631
36,53,8993
36,54,9173
36,55,9190
36,56,8651
36,57,8568
36,58,8058
36,59,7964
36,60,7822
36,61,8212
36,62,8625
36,63,8768
36,64,8711
36,65,8806
36,66,6226
36,67,6882
36,68,6975
36,69,6699
36,70,6869
36,71,7307
36,72,7113
36,73,7192
36,74,6444
36,75,6060
36,76,6229
36,77,6263
36,78,5604
36,79,5215
36,80,5106
37,0,8459
37,1,8719
37,2,9150
37,3,8848
37,4,8986
37,5,8874
37,6,8590
37,7,8623
37,8,8262
37,9,8370
37,10,8328
37,11,8390
37,12,8061
37,13,7789
37,14,7680
37,15,7504
37,16,7330
37,17,7407
37,18,7305
37,19,7494
37,20,7405
37,21,7585
37,22,7618
37,23,7780
37,24,7878
37,25,8132
37,26,8819
37,27,9247
37,28,10058
37,29,10550
37,30,10905
37,31,11631
37,32,12282
37,33,13135
37,34,13489
37,35,14346
37,36,15236
37,37,15878
37,38,16358
37,39,16322
37,40,16892
37,41,16497
37,42,16736
37,43,16305
37,44,16369
37,45,16334
37,46,16325
37,47,16840
37,48,15386
37,49,14971
37,50,14491
37,51,14046
37,52,14005
37,53,13553
37,54,13318
37,55,12947
37,56,12485
37,57,12345
37,58,11747
37,59,11644
37,60,11365
37,61,11833
37,62,12099
37,63,12975
37,64,13239
37,65,13654
37,66,9194
37,67,10478
37,68,10518
37,69,10429
37,70,10810
37,71,11786
37,72,11766
37,73,11332
37,74,10348
37,75,9601
37,76,9874
37,77,9496
37,78,9018
37,79,8464
37,80,8363
38,0,2638
38,1,2706
38,2,2846
38,3,2803
38,4,2700
38,5,2690
38,6,2695
38,7,2642
38,8,2557
38,9,2567
38,10,2522
38,11,2474
38,12,2406
38,13,2501
38,14,2412
38,15,2384
38,16,2376
38,17,2426
38,18,2422
38,19,2518
38,20,2630
38,21,2654
38,22,2658
38,23,2635
38,24,2637
38,25,2845
38,26,3055
38,27,3097
38,28,3409
38,29,3380
38,30,3537
38,31,3732
38,32,4078
38,33,4478
38,34,4723
38,35,5001
38,36,5224
38,37,5666
38,38,5553
38,39,5739
38,40,5638
38,41,5631
38,42,5891
38,43,5762
38,44,5638
38,45,5764
38,46,5812
38,47,5861
38,48,5773
38,49,5542
38,50,5425
38,51,5430
38,52,5412
38,53,5079
38,54,5268
38,55,5181
38,56,4914
38,57,4859
38,58,4782
38,59,4739
38,60,4655
38,61,4931
38,62,4863
38,63,5207
38,64,5428
38,65,5550
38,66,3493
38,67,4301
38,68,4193
38,69,4163
38,70,4185
38,71,4740
38,72,4533
38,73,4523
38,74,4223
38,75,3840
38,76,4047
38,77,3949
38,78,3775
38,79,3467
38,80,3434
39,0,3321
39,1,3497
39,2,3614
39,3,3618
39,4,3497
39,5,3569
39,6,3343
39,7,3290
39,8,3312
39,9,3266
39,10,3266
39,11,3197
39,12,3069
39,13,2996
39,14,3047
39,15,2988
39,16,2921
39,17,2956
39,18,2869
39,19,2990
39,20,3115
39,21,3122
39,22,3067
39,23,3103
39,24,3150
39,25,3368
39,26,3373
39,27,3518
39,28,3724
39,29,4079
39,30,4071
39,31,4307
39,32,4684
39,33,4971
39,34,5447
39,35,5560
39,36,5991
39,37,6180
39,38,6196
39,39,6418
39,40,6312
39,41,6402
39,42,6415
39,43,6452
39,44,6494
39,45,6486
39,46,6345
39,47,6682
39,48,6088
39,49,5894
39,50,5910
39,51,5721
39,52,5530
39,53,5269
39,54,5210
39,55,5275
39,56,4942
39,57,4707
39,58,4538
39,59,4642
39,60,4561
39,61,4803
39,62,4875
39,63,5181
39,64,4986
39,65,5149
39,66,3661
39,67,4139
39,68,3984
39,69,3957
39,70,4003
39,71,4552
39,72,4664
39,73,4600
39,74,4242
39,75,3868
39,76,4105
39,77,4077
39,78,3714
39,79,3401
39,80,3300
40,0,3576
40,1,3693
40,2,3697
40,3,3724
40,4,3741
40,5,3723
40,6,3581
40,7,3596
40,8,3511
40,9,3446
40,10,3385
40,11,3411
40,12,3186
40,13,3289
40,14,3183
40,15,3221
40,16,3114
40,17,3190
40,18,3102
40,19,3261
40,20,3428
40,21,3483
40,22,3527
40,23,3503
40,24,3709
40,25,3681
40,26,4015
40,27,3946
40,28,4070
40,29,4437
40,30,4721
40,31,4692
40,32,5081
40,33,5416
40,34,5706
40,35,5851
40,36,6239
40,37,6717
40,38,6457
40,39,6452
40,40,6479
40,41,6425
40,42,6486
40,43,6490
40,44,6312
40,45,6420
40,46,6398
40,47,6427
40,48,6098
40,49,5886
40,50,5768
40,51,5627
40,52,5541
40,53,5222
40,54,5222
40,55,5195
40,56,4983
40,57,4651
40,58,4671
40,59,4693
40,60,4658
40,61,4759
40,62,4836
40,63,4954
40,64,4886
40,65,4955
40,66,3942
40,67,4141
40,68,4102
40,69,4027
40,70,4167
40,71,4380
40,72,4347
40,73,4547
40,74,4096
40,75,3577
40,76,3823
40,77,3600
40,78,3443
40,79,3038
40,80,2942
41,0,3419
41,1,3351
41,2,3418
41,3,3493
41,4,3362
41,5,3416
41,6,3434
41,7,3319
41,8,3315
41,9,3296
41,10,3285
41,11,3371
41,12,3196
41,13,3181
41,14,3177
41,15,3188
41,16,3227
41,17,3160
41,18,3126
41,19,3407
41,20,3445
41,21,3443
41,22,3550
41,23,3602
41,24,3580
41,25,3673
41,26,3698
41,27,3803
41,28,4118
41,29,4205
41,30,4311
41,31,4364
41,32,4543
41,33,5087
41,34,5174
41,35,5476
41,36,5543
41,37,5801
41,38,5792
41,39,5713
41,40,5948
41,41,5739
41,42,6023
41,43,5900
41,44,5976
41,45,5947
41,46,5848
41,47,6011
41,48,5708
41,49,5408
41,50,5442
41,51,5296
41,52,5114
41,53,4906
41,54,4743
41,55,4659
41,56,4410
41,57,4312
41,58,4240
41,59,4139
41,60,4257
41,61,4519
41,62,4453
41,63,4541
41,64,4345
41,65,4627
41,66,3630
41,67,3793
41,68,3763
41,69,3545
41,70,3534
41,71,3895
41,72,3902
41,73,4032
41,74,3471
41,75,3306
41,76,3354
41,77,3329
41,78,3130
41,79,2844
41,80,2997
42,0,4185
42,1,4350
42,2,4526
42,3,4592
42,4,4369
42,5,4272
42,6,4202
42,7,4253
42,8,4131
42,9,4292
42,10,4126
42,11,4132
42,12,4144
42,13,4215
42,14,4179
42,15,4024
42,16,4062
42,17,4026
42,18,4205
42,19,4357
42,20,4341
42,21,4547
42,22,4335
42,23,4385
42,24,4352
42,25,4640
42,26,4735
42,27,5048
42,28,5053
42,29,5305
42,30,5365
42,31,5941
42,32,6097
42,33,6503
42,34,6697
42,35,6879
42,36,7470
42,37,7520
42,38,7298
42,39,7495
42,40,7648
42,41,7397
42,42,7489
42,43,7449
42,44,7304
42,45,7598
42,46,7350
42,47,7650
42,48,7244
42,49,6858
42,50,6833
42,51,6471
42,52,6454
42,53,6297
42,54,6196
42,55,6395
42,56,6084
42,57,5868
42,58,5789
42,59,5758
42,60,5855
42,61,5983
42,62,5694
42,63,5911
42,64,5805
42,65,6025
42,66,4920
42,67,4703
42,68,5063
42,69,4819
42,70,4794
42,71,5367
42,72,5408
42,73,5285
42,74,4975
42,75,4641
42,76,4748
42,77,4513
42,78,4295
42,79,3903
42,80,4156
43,0,2834
43,1,2902
43,2,2997
43,3,2830
43,4,2907
43,5,2819
43,6,2836
43,7,2794
43,8,2795
43,9,2773
43,10,2733
43,11,2868
43,12,2807
43,13,2809
43,14,2854
43,15,2777
43,16,2770
43,17,2822
43,18,3014
43,19,3079
43,20,3040
43,21,3233
43,22,3126
43,23,3344
43,24,3246
43,25,3392
43,26,3551
43,27,3486
43,28,3522
43,29,3780
43,30,3837
43,31,3900
43,32,4089
43,33,4253
43,34,4412
43,35,4526
43,36,4676
43,37,4776
43,38,4648
43,39,4768
43,40,4966
43,41,4753
43,42,4934
43,43,4940
43,44,4881
43,45,4874
43,46,4958
43,47,4990
43,48,4791
43,49,4550
43,50,4727
43,51,4546
43,52,4443
43,53,4272
43,54,4210
43,55,4134
43,56,4088
43,57,4044
43,58,3913
43,59,3991
43,60,4043
43,61,4018
43,62,3801
43,63,3926
43,64,3804
43,65,3643
43,66,3140
43,67,3127
43,68,3179
43,69,3091
43,70,3113
43,71,3610
43,72,3792
43,73,3835
43,74,3580
43,75,3129
43,76,3311
43,77,3095
43,78,2905
43,79,2712
43,80,2768
44,0,1675
44,1,1715
44,2,1728
44,3,1824
44,4,1740
44,5,1768
44,6,1745
44,7,1831
44,8,1723
44,9,1726
44,10,1734
44,11,1911
44,12,1872
44,13,1992
44,14,1854
44,15,1883
44,16,1941
44,17,1920
44,18,2045
44,19,2103
44,20,2120
44,21,2130
44,22,2160
44,23,2219
44,24,2165
44,25,2203
44,26,2292
44,27,2324
44,28,2360
44,29,2383
44,30,2477
44,31,2532
44,32,2634
44,33,2684
44,34,2717
44,35,2801
44,36,2937
44,37,3078
44,38,3030
44,39,3254
44,40,3134
44,41,3194
44,42,3322
44,43,3373
44,44,3305
44,45,3257
44,46,3426
44,47,3570
44,48,3334
44,49,3121
44,50,3087
44,51,3054
44,52,2964
44,53,2965
44,54,2869
44,55,2903
44,56,2786
44,57,2671
44,58,2645
44,59,2611
44,60,2549
44,61,2665
44,62,2574
44,63,2688
44,64,2613
44,65,2497
44,66,2134
44,67,1971
44,68,2231
44,69,2172
44,70,2139
44,71,2511
44,72,2460
44,73,2466
44,74,2259
44,75,2091
44,76,2119
44,77,2013
44,78,2025
44,79,1703
44,80,1799
45,0,1502
45,1,1512
45,2,1461
45,3,1639
45,4,1597
45,5,1589
45,6,1565
45,7,1521
45,8,1538
45,9,1593
45,10,1556
45,11,1543
45,12,1525
45,13,1571
45,14,1482
45,15,1574
45,16,1628
45,17,1561
45,18,1641
45,19,1625
45,20,1757
45,21,1745
45,22,1738
45,23,1855
45,24,1806
45,25,1853
45,26,1948
45,27,2044
45,28,2123
45,29,2128
45,30,2172
45,31,2268
45,32,2295
45,33,2417
45,34,2727
45,35,2775
45,36,2959
45,37,2951
45,38,3018
45,39,3042
45,40,3027
45,41,3090
45,42,3253
45,43,3067
45,44,3030
45,45,3202
45,46,3261
45,47,3424
45,48,3346
45,49,3152
45,50,3068
45,51,2868
45,52,2929
45,53,2936
45,54,2889
45,55,2869
45,56,2768
45,57,2717
45,58,2582
45,59,2468
45,60,2349
45,61,2640
45,62,2624
45,63,2840
45,64,2919
45,65,2907
45,66,1870
45,67,2379
45,68,2116
45,69,2247
45,70,2511
45,71,2691
45,72,2381
45,73,2373
45,74,2242
45,75,2044
45,76,2040
45,77,1965
45,78,1874
45,79,1828
45,80,1760
46,0,3049
46,1,3168
46,2,3166
46,3,3447
46,4,3370
46,5,3329
46,6,3375
46,7,3257
46,8,3255
46,9,3238
46,10,3266
46,11,3199
46,12,3153
46,13,3182
46,14,3153
46,15,3224
46,16,3143
46,17,3156
46,18,3225
46,19,3326
46,20,3421
46,21,3457
46,22,3270
46,23,3619
46,24,3437
46,25,3493
46,26,3717
46,27,3821
46,28,3849
46,29,4105
46,30,4183
46,31,4460
46,32,4536
46,33,4872
46,34,5241
46,35,5410
46,36,5813
46,37,5945
46,38,6064
46,39,6140
46,40,6324
46,41,6146
46,42,6359
46,43,6469
46,44,6396
46,45,6444
46,46,6763
46,47,6683
46,48,6236
46,49,5898
46,50,5927
46,51,5850
46,52,5566
46,53,5295
46,54,5171
46,55,5146
46,56,4969
46,57,5022
46,58,4787
46,59,4869
46,60,4732
46,61,4973
46,62,4989
46,63,5442
46,64,5400
46,65,5576
46,66,4174
46,67,4481
46,68,4336
46,69,4412
46,70,4509
46,71,4852
46,72,4617
46,73,4670
46,74,4190
46,75,3903
46,76,3923
46,77,3695
46,78,3403
46,79,3224
46,80,3234
47,0,2520
47,1,2485
47,2,2482
47,3,2626
47,4,2539
47,5,2566
47,6,2496
47,7,2477
47,8,2442
47,9,2473
47,10,2449
47,11,2530
47,12,2370
47,13,2432
47,14,2389
47,15,2311
47,16,2280
47,17,2274
47,18,2359
47,19,2416
47,20,2461
47,21,2529
47,22,2592
47,23,2641
47,24,2585
47,25,2704
47,26,2928
47,27,2858
47,28,2969
47,29,3129
47,30,3198
47,31,3373
47,32,3643
47,33,3764
47,34,4034
47,35,4149
47,36,4409
47,37,4487
47,38,4665
47,39,4594
47,40,4775
47,41,4655
47,42,4771
47,43,4656
47,44,4694
47,45,4705
47,46,4656
47,47,4812
47,48,4470
47,49,4367
47,50,4394
47,51,4274
47,52,4100
47,53,3953
47,54,3834
47,55,3713
47,56,3768
47,57,3598
47,58,3460
47,59,3520
47,60,3598
47,61,3526
47,62,3646
47,63,3935
47,64,4000
47,65,3978
47,66,3175
47,67,3126
47,68,3225
47,69,3005
47,70,3091
47,71,3353
47,72,3371
47,73,3289
47,74,3205
47,75,2971
47,76,2928
47,77,2675
47,78,2481
47,79,2517
47,80,2290
48,0,7972
48,1,8502
48,2,8590
48,3,8793
48,4,8786
48,5,8673
48,6,8846
48,7,8801
48,8,8665
48,9,8682
48,10,8538
48,11,8529
48,12,8127
48,13,8240
48,14,8178
48,15,7828
48,16,7894
48,17,7819
48,18,7754
48,19,8220
48,20,8088
48,21,8374
48,22,8419
48,23,8656
48,24,8543
48,25,8447
48,26,9078
48,27,9221
48,28,9708
48,29,9883
48,30,10196
48,31,10534
48,32,11201
48,33,12073
48,34,12464
48,35,13493
48,36,14134
48,37,15205
48,38,15362
48,39,15568
48,40,15828
48,41,15627
48,42,15858
48,43,15839
48,44,16139
48,45,16406
48,46,16299
48,47,16220
48,48,15025
48,49,14676
48,50,13993
48,51,13958
48,52,13728
48,53,13104
48,54,12780
48,55,12538
48,56,12300
48,57,12309
48,58,11662
48,59,11792
48,60,11824
48,61,12039
48,62,12694
48,63,13496
48,64,13544
48,65,13720
48,66,10845
48,67,10708
48,68,11174
48,69,10329
48,70,10853
48,71,12147
48,72,11994
48,73,11944
48,74,10538
48,75,9637
48,76,9964
48,77,9206
48,78,8971
48,79,8431
48,80,8531
49,0,2612
49,1,2732
49,2,2803
49,3,2746
49,4,2875
49,5,2813
49,6,2682
49,7,2810
49,8,2663
49,9,2648
49,10,2710
49,11,2634
49,12,2562
49,13,2579
49,14,2665
49,15,2557
49,16,2660
49,17,2625
49,18,2539
49,19,2771
49,20,2724
49,21,2862
49,22,2853
49,23,2935
49,24,2854
49,25,2886
49,26,3139
49,27,3056
49,28,3187
49,29,3487
49,30,3446
49,31,3715
49,32,3992
49,33,4254
49,34,4400
49,35,4527
49,36,4963
49,37,5168
49,38,5329
49,39,5436
49,40,5356
49,41,5348
49,42,5477
49,43,5368
49,44,5461
49,45,5539
49,46,5544
49,47,5718
49,48,5371
49,49,5132
49,50,5120
49,51,4769
49,52,4569
49,53,4452
49,54,4558
49,55,4533
49,56,4487
49,57,4270
49,58,4118
49,59,4103
49,60,4032
49,61,4191
49,62,4515
49,63,4805
49,64,4933
49,65,5354
49,66,4240
49,67,4178
49,68,3907
49,69,3999
49,70,4005
49,71,4381
49,72,4231
49,73,4275
49,74,3779
49,75,3424
49,76,3385
49,77,3177
49,78,3075
49,79,3032
49,80,3032
50,0,3655
50,1,3825
50,2,3828
50,3,3834
50,4,3822
50,5,3628
50,6,3660
50,7,3612
50,8,3464
50,9,3479
50,10,3412
50,11,3506
50,12,3410
50,13,3271
50,14,3330
50,15,3185
50,16,3253
50,17,3231
50,18,3325
50,19,3521
50,20,3524
50,21,3704
50,22,3677
50,23,3797
50,24,3659
50,25,3863
50,26,4076
50,27,4263
50,28,4497
50,29,4719
50,30,4930
50,31,5102
50,32,5413
50,33,5772
50,34,5967
50,35,6270
50,36,6376
50,37,7071
50,38,6827
50,39,6910
50,40,6911
50,41,6456
50,42,6721
50,43,6534
50,44,6572
50,45,6607
50,46,6648
50,47,6675
50,48,6293
50,49,6097
50,50,6055
50,51,5860
50,52,5728
50,53,5511
50,54,5337
50,55,5340
50,56,5197
50,57,5175
50,58,4943
50,59,4793
50,60,4756
50,61,5154
50,62,5350
50,63,5644
50,64,5677
50,65,5903
50,66,4638
50,67,4399
50,68,4523
50,69,4349
50,70,4264
50,71,4783
50,72,4776
50,73,4839
50,74,4351
50,75,3928
50,76,4013
50,77,3726
50,78,3555
50,79,3350
50,80,3307
51,0,2905
51,1,2950
51,2,2999
51,3,3050
51,4,3076
51,5,3007
51,6,2990
51,7,3096
51,8,2903
51,9,2938
51,10,2941
51,11,2925
51,12,2848
51,13,2874
51,14,2867
51,15,2946
51,16,2761
51,17,2923
51,18,2922
51,19,3092
51,20,3076
51,21,3255
51,22,3221
51,23,3418
51,24,3591
51,25,3440
51,26,3675
51,27,3728
51,28,3851
51,29,3884
51,30,3931
51,31,4127
51,32,4337
51,33,4503
51,34,4604
51,35,4976
51,36,5086
51,37,5261
51,38,5349
51,39,5364
51,40,5398
51,41,5324
51,42,5523
51,43,5430
51,44,5492
51,45,5551
51,46,5621
51,47,5481
51,48,5166
51,49,5070
51,50,5082
51,51,4920
51,52,4796
51,53,4605
51,54,4532
51,55,4506
51,56,4329
51,57,4468
51,58,4138
51,59,4066
51,60,4390
51,61,4317
51,62,4575
51,63,4989
51,64,4716
51,65,4528
51,66,3694
51,67,3355
51,68,3726
51,69,3407
51,70,3525
51,71,4044
51,72,3798
51,73,3980
51,74,3576
51,75,3295
51,76,3488
51,77,3128
51,78,3081
51,79,2699
51,80,3004
52,0,2283
52,1,2381
52,2,2382
52,3,2327
52,4,2386
52,5,2277
52,6,2295
52,7,2244
52,8,2224
52,9,2141
52,10,2206
52,11,2282
52,12,2164
52,13,2088
52,14,2109
52,15,2209
52,16,2089
52,17,2134
52,18,2157
52,19,2280
52,20,2218
52,21,2377
52,22,2343
52,23,2474
52,24,2395
52,25,2500
52,26,2633
52,27,2789
52,28,2826
52,29,2992
52,30,2971
52,31,3027
52,32,3219
52,33,3547
52,34,3642
52,35,3684
52,36,3896
52,37,4051
52,38,3991
52,39,4171
52,40,4041
52,41,4040
52,42,4249
52,43,4216
52,44,4342
52,45,4448
52,46,4169
52,47,4314
52,48,4014
52,49,3908
52,50,3890
52,51,3680
52,52,3795
52,53,3628
52,54,3434
52,55,3444
52,56,3394
52,57,3401
52,58,3311
52,59,3197
52,60,3167
52,61,3262
52,62,3442
52,63,3733
52,64,3723
52,65,3470
52,66,2770
52,67,2735
52,68,2855
52,69,2643
52,70,2833
52,71,3358
52,72,3134
52,73,3150
52,74,2900
52,75,2661
52,76,2823
52,77,2747
52,78,2627
52,79,2378
52,80,2616
53,0,1694
53,1,1657
53,2,1722
53,3,1807
53,4,1795
53,5,1787
53,6,1758
53,7,1729
53,8,1742
53,9,1725
53,10,1705
53,11,1685
53,12,1721
53,13,1743
53,14,1658
53,15,1714
53,16,1544
53,17,1786
53,18,1720
53,19,1783
53,20,1908
53,21,1875
53,22,1944
53,23,2024
53,24,1853
53,25,1927
53,26,1968
53,27,2024
53,28,2197
53,29,2275
53,30,2298
53,31,2309
53,32,2513
53,33,2648
53,34,2827
53,35,3001
53,36,3176
53,37,3249
53,38,3290
53,39,3427
53,40,3362
53,41,3360
53,42,3508
53,43,3475
53,44,3411
53,45,3540
53,46,3572
53,47,3624
53,48,3495
53,49,3196
53,50,3239
53,51,3217
53,52,3047
53,53,3077
53,54,3121
53,55,3152
53,56,3099
53,57,3051
53,58,2944
53,59,2846
53,60,2802
53,61,3033
53,62,3191
53,63,3320
53,64,3279
53,65,3274
53,66,2653
53,67,2518
53,68,2531
53,69,2484
53,70,2569
53,71,2896
53,72,2814
53,73,2800
53,74,2571
53,75,2284
53,76,2331
53,77,2245
53,78,2153
53,79,2030
53,80,2060
54,0,5750
54,1,5910
54,2,6028
54,3,6242
54,4,6064
54,5,6048
54,6,6094
54,7,5792
54,8,5746
54,9,5677
54,10,5632
54,11,5710
54,12,5569
54,13,5544
54,14,5508
54,15,5551
54,16,5598
54,17,5498
54,18,5807
54,19,6150
54,20,6017
54,21,6221
54,22,6491
54,23,6778
54,24,6599
54,25,6707
54,26,7062
54,27,7161
54,28,7746
54,29,7539
54,30,7905
54,31,8089
54,32,8360
54,33,8731
54,34,8989
54,35,9339
54,36,9763
54,37,10164
54,38,10016
54,39,9958
54,40,9997
54,41,9840
54,42,10152
54,43,10130
54,44,10057
54,45,10070
54,46,10431
54,47,10591
54,48,9781
54,49,9610
54,50,9711
54,51,9623
54,52,9186
54,53,8566
54,54,8563
54,55,8609
54,56,8390
54,57,8286
54,58,8121
54,59,7516
54,60,7982
54,61,8160
54,62,8422
54,63,8907
54,64,8242
54,65,7949
54,66,6365
54,67,6886
54,68,7154
54,69,6534
54,70,6672
54,71,7464
54,72,7347
54,73,7580
54,74,6681
54,75,6259
54,76,6338
54,77,6301
54,78,5899
54,79,5501
54,80,5792
55,0,1734
55,1,1893
55,2,1748
55,3,1919
55,4,1996
55,5,1910
55,6,1873
55,7,1880
55,8,1804
55,9,1888
55,10,1794
55,11,1884
55,12,1923
55,13,1873
55,14,1806
55,15,1823
55,16,1813
55,17,1873
55,18,1793
55,19,1905
55,20,1930
55,21,2040
55,22,2010
55,23,2138
55,24,2095
55,25,2239
55,26,2240
55,27,2183
55,28,2379
55,29,2506
55,30,2507
55,31,2482
55,32,2677
55,33,2880
55,34,2994
55,35,3075
55,36,3197
55,37,3373
55,38,3440
55,39,3416
55,40,3539
55,41,3410
55,42,3604
55,43,3637
55,44,3503
55,45,3563
55,46,3651
55,47,3647
55,48,3516
55,49,3354
55,50,3290
55,51,3225
55,52,3086
55,53,3038
55,54,2897
55,55,3063
55,56,3043
55,57,2958
55,58,2852
55,59,2822
55,60,2896
55,61,2932
55,62,3130
55,63,3372
55,64,3195
55,65,3167
55,66,2563
55,67,2583
55,68,2806
55,69,2695
55,70,2697
55,71,2949
55,72,2802
55,73,2847
55,74,2623
55,75,2295
55,76,2427
55,77,2301
55,78,2356
55,79,2102
55,80,2098
56,0,2548
56,1,2586
56,2,2689
56,3,2758
56,4,2604
56,5,2755
56,6,2605
56,7,2580
56,8,2565
56,9,2618
56,10,2664
56,11,2669
56,12,2550
56,13,2644
56,14,2629
56,15,2593
56,16,2764
56,17,2722
56,18,2791
56,19,2966
56,20,2892
56,21,3106
56,22,3121
56,23,3326
56,24,3367
56,25,3287
56,26,3438
56,27,3491
56,28,3600
56,29,3785
56,30,4015
56,31,3877
56,32,4072
56,33,4336
56,34,4380
56,35,4501
56,36,4838
56,37,4860
56,38,4770
56,39,4856
56,40,4811
56,41,4771
56,42,4861
56,43,4858
56,44,5003
56,45,5056
56,46,5136
56,47,5143
56,48,4817
56,49,4708
56,50,4655
56,51,4489
56,52,4462
56,53,4326
56,54,4368
56,55,4264
56,56,4305
56,57,4265
56,58,4079
56,59,3947
56,60,3878
56,61,3987
56,62,4098
56,63,4257
56,64,4292
56,65,4111
56,66,3406
56,67,3407
56,68,3355
56,69,3095
56,70,3193
56,71,3450
56,72,3493
56,73,3362
56,74,3145
56,75,3009
56,76,2869
56,77,2796
56,78,2717
56,79,2522
56,80,2396
57,0,1216
57,1,1165
57,2,1257
57,3,1261
57,4,1239
57,5,1291
57,6,1220
57,7,1236
57,8,1247
57,9,1252
57,10,1218
57,11,1307
57,12,1324
57,13,1284
57,14,1313
57,15,1361
57,16,1428
57,17,1472
57,18,1442
57,19,1528
57,20,1579
57,21,1514
57,22,1587
57,23,1595
57,24,1661
57,25,1620
57,26,1647
57,27,1713
57,28,1724
57,29,1713
57,30,1843
57,31,1794
57,32,1901
57,33,2046
57,34,2105
57,35,2084
57,36,2247
57,37,2287
57,38,2251
57,39,2296
57,40,2192
57,41,2316
57,42,2357
57,43,2351
57,44,2395
57,45,2431
57,46,2522
57,47,2520
57,48,2440
57,49,2383
57,50,2346
57,51,2311
57,52,2160
57,53,2135
57,54,2031
57,55,2093
57,56,2046
57,57,2054
57,58,2002
57,59,1956
57,60,2002
57,61,2129
57,62,2062
57,63,2220
57,64,2039
57,65,1932
57,66,1620
57,67,1632
57,68,1690
57,69,1531
57,70,1600
57,71,1871
57,72,1713
57,73,1777
57,74,1660
57,75,1465
57,76,1630
57,77,1455
57,78,1443
57,79,1241
57,80,1376
58,0,38042
58,1,38101
58,2,38544
58,3,39007
58,4,39365
58,5,38994
58,6,37761
58,7,37813
58,8,37313
58,9,36381
58,10,36487
58,11,36624
58,12,35487
58,13,36153
58,14,35445
58,15,35520
58,16,35469
58,17,35938
58,18,36804
58,19,38030
58,20,37798
58,21,38464
58,22,38148
58,23,39129
58,24,38627
58,25,38681
58,26,40766
58,27,42134
58,28,43518
58,29,45541
58,30,46339
58,31,48205
58,32,50390
58,33,54241
58,34,56216
58,35,58974
58,36,62777
58,37,66430
58,38,67336
58,39,68253
58,40,68665
58,41,68679
58,42,69603
58,43,68902
58,44,68951
58,45,69728
58,46,69769
58,47,70899
58,48,66708
58,49,63501
58,50,61854
58,51,58763
58,52,57194
58,53,54953
58,54,54020
58,55,52744
58,56,51644
58,57,50384
58,58,47819
58,59,46710
58,60,46036
58,61,47444
58,62,46807
58,63,49808
58,64,49992
58,65,49343
58,66,39722
58,67,39435
58,68,41783
58,69,40963
58,70,41155
58,71,44872
58,72,43021
58,73,41347
58,74,38019
58,75,35211
58,76,35172
58,77,33511
58,78,31383
58,79,28996
58,80,28160
59,0,5211
59,1,5240
59,2,5261
59,3,5214
59,4,5130
59,5,5182
59,6,5043
59,7,4986
59,8,5134
59,9,5015
59,10,5094
59,11,5284
59,12,5216
59,13,5026
59,14,5298
59,15,5352
59,16,5453
59,17,5515
59,18,5742
59,19,5910
59,20,5864
59,21,6061
59,22,6081
59,23,6263
59,24,6238
59,25,6356
59,26,6495
59,27,6661
59,28,6641
59,29,7011
59,30,7149
59,31,7095
59,32,7303
59,33,7718
59,34,7911
59,35,8282
59,36,8729
59,37,8797
59,38,8960
59,39,8955
59,40,8936
59,41,8841
59,42,8950
59,43,8947
59,44,8981
59,45,9128
59,46,9005
59,47,9023
59,48,8439
59,49,8129
59,50,8058
59,51,7698
59,52,7546
59,53,7115
59,54,7149
59,55,6931
59,56,6914
59,57,7078
59,58,6409
59,59,6353
59,60,6598
59,61,6837
59,62,7048
59,63,7495
59,64,7329
59,65,6932
59,66,4748
59,67,4791
59,68,5222
59,69,5081
59,70,5088
59,71,5629
59,72,5380
59,73,5108
59,74,4796
59,75,4398
59,76,4509
59,77,4140
59,78,3772
59,79,3534
59,80,3455
60,0,4035
60,1,4285
60,2,4211
60,3,4260
60,4,4291
60,5,4156
60,6,4152
60,7,4245
60,8,4255
60,9,4204
60,10,4144
60,11,4375
60,12,4300
60,13,4296
60,14,4508
60,15,4547
60,16,4672
60,17,4914
60,18,4993
60,19,5454
60,20,5519
60,21,5560
60,22,5812
60,23,5841
60,24,5832
60,25,5903
60,26,6063
60,27,6281
60,28,6462
60,29,6435
60,30,6495
60,31,6545
60,32,6625
60,33,6794
60,34,6857
60,35,7116
60,36,7264
60,37,7503
60,38,7202
60,39,7199
60,40,7363
60,41,7257
60,42,7590
60,43,7388
60,44,7588
60,45,7505
60,46,7586
60,47,7755
60,48,7265
60,49,7336
60,50,7099
60,51,7160
60,52,6978
60,53,6842
60,54,6814
60,55,6603
60,56,6820
60,57,6662
60,58,6379
60,59,6281
60,60,6366
60,61,6394
60,62,6624
60,63,6895
60,64,6663
60,65,6119
60,66,4116
60,67,4613
60,68,4659
60,69,4302
60,70,4311
60,71,4946
60,72,5099
60,73,4840
60,74,4510
60,75,4277
60,76,4368
60,77,4226
60,78,4070
60,79,3771
60,80,3790
61,0,8987
61,1,9494
61,2,9604
61,3,9668
61,4,9842
61,5,9924
61,6,9931
61,7,10430
61,8,10377
61,9,10249
61,10,10560
61,11,10448
61,12,10462
61,13,10537
61,14,10768
61,15,10745
61,16,11015
61,17,11224
61,18,11426
61,19,12003
61,20,12335
61,21,12093
61,22,12046
61,23,11992
61,24,11867
61,25,11917
61,26,11879
61,27,12211
61,28,12454
61,29,12643
61,30,12178
61,31,12413
61,32,12937
61,33,13116
61,34,13074
61,35,13640
61,36,13849
61,37,14335
61,38,14041
61,39,13831
61,40,14130
61,41,13930
61,42,14215
61,43,14324
61,44,14461
61,45,14352
61,46,14559
61,47,14755
61,48,13631
61,49,13104
61,50,13010
61,51,12344
61,52,12097
61,53,11529
61,54,11138
61,55,10868
61,56,11045
61,57,11202
61,58,9748
61,59,9489
61,60,9703
61,61,10064
61,62,9918
61,63,10085
61,64,9729
61,65,9995
61,66,8034
61,67,6948
61,68,7678
61,69,7176
61,70,6984
61,71,7762
61,72,7484
61,73,6889
61,74,6419
61,75,6125
61,76,6091
61,77,5537
61,78,5384
61,79,5117
61,80,4825
62,0,2236
62,1,2285
62,2,2387
62,3,2382
62,4,2476
62,5,2408
62,6,2512
62,7,2577
62,8,2600
62,9,2693
62,10,2677
62,11,2880
62,12,2756
62,13,2846
62,14,2884
62,15,2959
62,16,2988
62,17,3196
62,18,3250
62,19,3439
62,20,3490
62,21,3570
62,22,3495
62,23,3616
62,24,3523
62,25,3455
62,26,3498
62,27,3552
62,28,3510
62,29,3546
62,30,3594
62,31,3450
62,32,3594
62,33,3567
62,34,3712
62,35,3870
62,36,3903
62,37,4001
62,38,4008
62,39,4021
62,40,4069
62,41,4152
62,42,4285
62,43,4320
62,44,4400
62,45,4470
62,46,4506
62,47,4671
62,48,4382
62,49,4179
62,50,4238
62,51,4122
62,52,3987
62,53,3703
62,54,3649
62,55,3474
62,56,3562
62,57,3491
62,58,3312
62,59,3261
62,60,3244
62,61,3332
62,62,3467
62,63,3531
62,64,3393
62,65,3217
62,66,2511
62,67,2455
62,68,2719
62,69,2387
62,70,2415
62,71,2991
62,72,2979
62,73,2804
62,74,2844
62,75,2634
62,76,2677
62,77,2519
62,78,2580
62,79,2395
62,80,2370
63,0,30966
63,1,31675
63,2,32688
63,3,33216
63,4,34043
63,5,34352
63,6,34507
63,7,35406
63,8,35949
63,9,35556
63,10,36283
63,11,36785
63,12,36661
63,13,36685
63,14,36684
63,15,36969
63,16,37567
63,17,38473
63,18,39568
63,19,41503
63,20,41390
63,21,40927
63,22,41035
63,23,41258
63,24,39747
63,25,39058
63,26,39803
63,27,39899
63,28,40002
63,29,40791
63,30,39636
63,31,40069
63,32,40785
63,33,41658
63,34,42692
63,35,44087
63,36,45991
63,37,47928
63,38,46876
63,39,47367
63,40,46867
63,41,45826
63,42,46708
63,43,46308
63,44,47589
63,45,47762
63,46,47470
63,47,48459
63,48,45836
63,49,44870
63,50,43688
63,51,41632
63,52,41234
63,53,39698
63,54,39351
63,55,37825
63,56,38258
63,57,37783
63,58,34946
63,59,33960
63,60,33775
63,61,34375
63,62,34472
63,63,35307
63,64,34448
63,65,35530
63,66,30730
63,67,24535
63,68,26475
63,69,25465
63,70,24467
63,71,25488
63,72,24282
63,73,22742
63,74,21172
63,75,19387
63,76,19167
63,77,17982
63,78,17741
63,79,16926
63,80,15720
64,0,3313
64,1,3569
64,2,3622
64,3,3705
64,4,3719
64,5,3766
64,6,3767
64,7,4017
64,8,4028
64,9,4009
64,10,4027
64,11,4156
64,12,4298
64,13,4323
64,14,4330
64,15,4506
64,16,4512
64,17,4576
64,18,4947
64,19,5266
64,20,5199
64,21,5364
64,22,5359
64,23,5505
64,24,5306
64,25,5354
64,26,5599
64,27,5449
64,28,5410
64,29,5441
64,30,5494
64,31,5301
64,32,5487
64,33,5669
64,34,5768
64,35,6021
64,36,6127
64,37,6118
64,38,6084
64,39,6224
64,40,6375
64,41,6314
64,42,6630
64,43,6708
64,44,6694
64,45,6698
64,46,6842
64,47,7199
64,48,6738
64,49,6391
64,50,6452
64,51,6288
64,52,6176
64,53,5759
64,54,5763
64,55,5452
64,56,5412
64,57,5335
64,58,5148
64,59,5073
64,60,4856
64,61,4961
64,62,4944
64,63,5112
64,64,4978
64,65,4967
64,66,3708
64,67,3719
64,68,3761
64,69,3694
64,70,3528
64,71,4152
64,72,4275
64,73,3987
64,74,3996
64,75,3716
64,76,3823
64,77,3608
64,78,3674
64,79,3301
64,80,3356
65,0,9507
65,1,9660
65,2,10014
65,3,10083
65,4,10131
65,5,10258
65,6,10460
65,7,10716
65,8,10882
65,9,10744
65,10,11143
65,11,11400
65,12,11524
65,13,11283
65,14,11323
65,15,11871
65,16,11827
65,17,11941
65,18,12882
65,19,13559
65,20,13502
65,21,13913
65,22,13733
65,23,14317
65,24,13889
65,25,13890
65,26,13971
65,27,14298
65,28,14164
65,29,14268
65,30,14146
65,31,14014
65,32,14204
65,33,14645
65,34,14758
65,35,15372
65,36,15747
65,37,16386
65,38,16196
65,39,16121
65,40,16571
65,41,16316
65,42,16776
65,43,16843
65,44,16902
65,45,17160
65,46,17255
65,47,17570
65,48,16560
65,49,16611
65,50,16360
65,51,16142
65,52,15698
65,53,14986
65,54,14879
65,55,14258
65,56,14213
65,57,13982
65,58,13067
65,59,12336
65,60,12733
65,61,12825
65,62,12886
65,63,13335
65,64,12633
65,65,12333
65,66,9322
65,67,8761
65,68,9624
65,69,9480
65,70,9000
65,71,10304
65,72,10670
65,73,9598
65,74,9338
65,75,8741
65,76,9140
65,77,8506
65,78,8544
65,79,7859
65,80,7620
66,0,2474
66,1,2482
66,2,2411
66,3,2415
66,4,2421
66,5,2323
66,6,2390
66,7,2414
66,8,2382
66,9,2302
66,10,2455
66,11,2499
66,12,2529
66,13,2473
66,14,2447
66,15,2586
66,16,2656
66,17,2779
66,18,2822
66,19,2936
66,20,3094
66,21,3175
66,22,3219
66,23,3309
66,24,3312
66,25,3433
66,26,3564
66,27,3615
66,28,3635
66,29,3944
66,30,3879
66,31,3795
66,32,3998
66,33,4065
66,34,4012
66,35,4171
66,36,4312
66,37,4487
66,38,4175
66,39,4331
66,40,4380
66,41,4300
66,42,4429
66,43,4552
66,44,4481
66,45,4565
66,46,4630
66,47,4821
66,48,4645
66,49,4527
66,50,4496
66,51,4484
66,52,4413
66,53,4217
66,54,4226
66,55,4190
66,56,4184
66,57,4216
66,58,3929
66,59,3856
66,60,3748
66,61,3839
66,62,3998
66,63,4131
66,64,3952
66,65,3613
66,66,2567
66,67,2864
66,68,2877
66,69,2711
66,70,2719
66,71,3281
66,72,3113
66,73,2917
66,74,2980
66,75,2657
66,76,2689
66,77,2671
66,78,2751
66,79,2499
66,80,2454
67,0,2549
67,1,2668
67,2,2619
67,3,2739
67,4,2676
67,5,2668
67,6,2770
67,7,2748
67,8,2717
67,9,2700
67,10,2795
67,11,2753
67,12,2704
67,13,2800
67,14,2811
67,15,2844
67,16,2858
67,17,3055
67,18,3147
67,19,3203
67,20,3287
67,21,3389
67,22,3363
67,23,3455
67,24,3442
67,25,3460
67,26,3633
67,27,3766
67,28,3724
67,29,3829
67,30,3784
67,31,3911
67,32,3962
67,33,4150
67,34,4160
67,35,4285
67,36,4353
67,37,4545
67,38,4592
67,39,4759
67,40,4826
67,41,4764
67,42,5031
67,43,4936
67,44,5073
67,45,5113
67,46,5082
67,47,5065
67,48,4711
67,49,4488
67,50,4416
67,51,4338
67,52,4428
67,53,4158
67,54,4070
67,55,4015
67,56,3894
67,57,3946
67,58,3597
67,59,3555
67,60,3616
67,61,3742
67,62,3730
67,63,3785
67,64,3591
67,65,3563
67,66,2944
67,67,2933
67,68,3038
67,69,2890
67,70,2985
67,71,3297
67,72,3215
67,73,3203
67,74,3070
67,75,2844
67,76,2949
67,77,2677
67,78,2722
67,79,2404
67,80,2413
68,0,2767
68,1,2853
68,2,2761
68,3,2941
68,4,2929
68,5,2896
68,6,2846
68,7,2883
68,8,2892
68,9,2769
68,10,2932
68,11,2886
68,12,2804
68,13,2967
68,14,2847
68,15,2804
68,16,2893
68,17,2975
68,18,3143
68,19,3318
68,20,3251
68,21,3263
68,22,3282
68,23,3276
68,24,3321
68,25,3376
68,26,3443
68,27,3561
68,28,3619
68,29,3585
68,30,3658
68,31,3742
68,32,3931
68,33,4165
68,34,4229
68,35,4457
68,36,4566
68,37,4802
68,38,4930
68,39,5067
68,40,5094
68,41,5056
68,42,5227
68,43,5056
68,44,5016
68,45,5187
68,46,5202
68,47,5268
68,48,4973
68,49,4742
68,50,4570
68,51,4444
68,52,4271
68,53,4157
68,54,4238
68,55,4002
68,56,4057
68,57,3870
68,58,3706
68,59,3622
68,60,3805
68,61,3818
68,62,3811
68,63,4030
68,64,3943
68,65,3829
68,66,2924
68,67,3219
68,68,3099
68,69,3064
68,70,2995
68,71,3441
68,72,3577
68,73,3168
68,74,3147
68,75,3002
68,76,2991
68,77,2833
68,78,2793
68,79,2538
68,80,2509
69,0,3152
69,1,3316
69,2,3255
69,3,3309
69,4,3287
69,5,3272
69,6,3269
69,7,3233
69,8,3321
69,9,3244
69,10,3305
69,11,3387
69,12,3373
69,13,3414
69,14,3493
69,15,3571
69,16,3522
69,17,3494
69,18,3775
69,19,3833
69,20,3864
69,21,4042
69,22,4124
69,23,4238
69,24,4069
69,25,4242
69,26,4545
69,27,4573
69,28,4578
69,29,4850
69,30,4632
69,31,4862
69,32,5087
69,33,5183
69,34,5289
69,35,5510
69,36,5594
69,37,5747
69,38,5721
69,39,5684
69,40,5936
69,41,5787
69,42,5948
69,43,6012
69,44,6121
69,45,6022
69,46,6161
69,47,6069
69,48,5570
69,49,5452
69,50,5511
69,51,5422
69,52,5287
69,53,5210
69,54,5145
69,55,5104
69,56,5134
69,57,4997
69,58,4798
69,59,4903
69,60,4903
69,61,5231
69,62,5385
69,63,5270
69,64,4961
69,65,5016
69,66,3655
69,67,4048
69,68,3680
69,69,3673
69,70,3765
69,71,4232
69,72,4398
69,73,3957
69,74,4060
69,75,3771
69,76,3849
69,77,3693
69,78,3713
69,79,3312
69,80,3315
70,0,1703
70,1,1801
70,2,1665
70,3,1817
70,4,1815
70,5,1838
70,6,1852
70,7,1914
70,8,1966
70,9,1957
70,10,1981
70,11,2069
70,12,2177
70,13,2122
70,14,2135
70,15,2129
70,16,2239
70,17,2288
70,18,2339
70,19,2492
70,20,2470
70,21,2464
70,22,2483
70,23,2597
70,24,2554
70,25,2461
70,26,2650
70,27,2716
70,28,2726
70,29,2755
70,30,2789
70,31,2751
70,32,2896
70,33,2942
70,34,2980
70,35,2976
70,36,3260
70,37,3314
70,38,3169
70,39,3306
70,40,3198
70,41,3293
70,42,3472
70,43,3389
70,44,3493
70,45,3572
70,46,3526
70,47,3604
70,48,3366
70,49,3360
70,50,3366
70,51,3315
70,52,3179
70,53,3089
70,54,3064
70,55,3067
70,56,3009
70,57,3070
70,58,2753
70,59,2893
70,60,2714
70,61,2919
70,62,3058
70,63,3005
70,64,2818
70,65,2685
70,66,2131
70,67,2088
70,68,2007
70,69,1912
70,70,2157
70,71,2462
70,72,2634
70,73,2247
70,74,2292
70,75,2266
70,76,2306
70,77,2272
70,78,2183
70,79,1989
70,80,1894
71,0,5539
71,1,5799
71,2,6009
71,3,6054
71,4,6072
71,5,6083
71,6,6325
71,7,6531
71,8,6600
71,9,6685
71,10,6798
71,11,6935
71,12,7006
71,13,7156
71,14,7087
71,15,7004
71,16,6994
71,17,7241
71,18,7473
71,19,7967
71,20,7767
71,21,8002
71,22,7999
71,23,7919
71,24,7919
71,25,7746
71,26,7572
71,27,7741
71,28,7869
71,29,8026
71,30,8008
71,31,8013
71,32,8167
71,33,8351
71,34,8673
71,35,8758
71,36,8990
71,37,9182
71,38,8973
71,39,8909
71,40,9227
71,41,9088
71,42,9503
71,43,9329
71,44,9625
71,45,9575
71,46,9562
71,47,9852
71,48,9117
71,49,8899
71,50,8495
71,51,8553
71,52,8280
71,53,8081
71,54,7818
71,55,7826
71,56,7757
71,57,7696
71,58,7212
71,59,7015
71,60,6979
71,61,7232
71,62,7550
71,63,8004
71,64,7268
71,65,7347
71,66,6186
71,67,5648
71,68,5392
71,69,5620
71,70,5410
71,71,6080
71,72,6057
71,73,5765
71,74,5370
71,75,5193
71,76,5148
71,77,4979
71,78,4755
71,79,4384
71,80,4022
72,0,11185
72,1,11255
72,2,11227
72,3,11406
72,4,11512
72,5,11666
72,6,11844
72,7,12303
72,8,12364
72,9,12267
72,10,12762
72,11,13030
72,12,12927
72,13,12863
72,14,12992
72,15,13497
72,16,13324
72,17,13479
72,18,14026
72,19,14661
72,20,14885
72,21,14764
72,22,14789
72,23,15490
72,24,15126
72,25,14982
72,26,14754
72,27,15402
72,28,15457
72,29,15975
72,30,15792
72,31,16056
72,32,16473
72,33,17250
72,34,17697
72,35,18448
72,36,19143
72,37,19679
72,38,19085
72,39,18701
72,40,19061
72,41,19040
72,42,19302
72,43,19487
72,44,19838
72,45,20161
72,46,20322
72,47,20378
72,48,18879
72,49,18475
72,50,18428
72,51,17731
72,52,17528
72,53,16537
72,54,16838
72,55,16386
72,56,15746
72,57,15902
72,58,14983
72,59,14706
72,60,14591
72,61,15497
72,62,15258
72,63,16221
72,64,15197
72,65,15121
72,66,13036
72,67,11451
72,68,11276
72,69,11692
72,70,11186
72,71,12073
72,72,11277
72,73,11000
72,74,10596
72,75,9675
72,76,9705
72,77,9371
72,78,9151
72,79,8421
72,80,8278
73,0,5384
73,1,5411
73,2,5347
73,3,5234
73,4,5537
73,5,5486
73,6,5574
73,7,5763
73,8,5774
73,9,5726
73,10,5910
73,11,5838
73,12,5745
73,13,5764
73,14,6027
73,15,6015
73,16,6283
73,17,6372
73,18,6632
73,19,6882
73,20,6814
73,21,6960
73,22,7023
73,23,7008
73,24,7018
73,25,7233
73,26,7137
73,27,7386
73,28,7393
73,29,7338
73,30,7546
73,31,7842
73,32,8156
73,33,8414
73,34,8887
73,35,9043
73,36,9311
73,37,9042
73,38,8892
73,39,9074
73,40,8763
73,41,8466
73,42,8816
73,43,8721
73,44,8910
73,45,8932
73,46,8806
73,47,8675
73,48,8251
73,49,8208
73,50,8186
73,51,8051
73,52,7783
73,53,7604
73,54,7690
73,55,7400
73,56,7581
73,57,7055
73,58,7027
73,59,6989
73,60,7188
73,61,7453
73,62,7684
73,63,7801
73,64,7505
73,65,7233
73,66,6111
73,67,5770
73,68,5685
73,69,5633
73,70,5870
73,71,5861
73,72,5900
73,73,5383
73,74,5149
73,75,4722
73,76,4725
73,77,4628
73,78,4228
73,79,3842
73,80,3872
74,0,3269
74,1,3390
74,2,3591
74,3,3518
74,4,3525
74,5,3551
74,6,3590
74,7,3732
74,8,3667
74,9,3820
74,10,3873
74,11,3956
74,12,4048
74,13,4021
74,14,3965
74,15,4158
74,16,4098
74,17,4285
74,18,4581
74,19,4880
74,20,4808
74,21,4951
74,22,4889
74,23,4899
74,24,4980
74,25,4696
74,26,5033
74,27,4986
74,28,4875
74,29,5049
74,30,4939
74,31,5014
74,32,5338
74,33,5435
74,34,5606
74,35,5831
74,36,5977
74,37,6136
74,38,5827
74,39,5742
74,40,5840
74,41,5911
74,42,5964
74,43,6152
74,44,6149
74,45,6076
74,46,6183
74,47,6347
74,48,6078
74,49,5757
74,50,5847
74,51,5635
74,52,5485
74,53,5228
74,54,5273
74,55,5314
74,56,5157
74,57,4813
74,58,4721
74,59,4846
74,60,4931
74,61,5086
74,62,5279
74,63,5364
74,64,5092
74,65,5040
74,66,4140
74,67,3978
74,68,4039
74,69,4104
74,70,3766
74,71,4039
74,72,4265
74,73,3888
74,74,3680
74,75,3397
74,76,3204
74,77,3323
74,78,3004
74,79,2810
74,80,2883
75,0,6473
75,1,6671
75,2,6621
75,3,6968
75,4,7021
75,5,6922
75,6,7148
75,7,7539
75,8,7549
75,9,7481
75,10,7888
75,11,7986
75,12,7687
75,13,7846
75,14,7777
75,15,7873
75,16,8133
75,17,8303
75,18,8868
75,19,9322
75,20,9246
75,21,9160
75,22,9143
75,23,9443
75,24,9201
75,25,9084
75,26,9275
75,27,9584
75,28,9574
75,29,9630
75,30,9836
75,31,10200
75,32,10654
75,33,11032
75,34,11195
75,35,11778
75,36,11787
75,37,12034
75,38,11691
75,39,11238
75,40,11626
75,41,11694
75,42,11982
75,43,12087
75,44,12220
75,45,12529
75,46,12274
75,47,12552
75,48,11717
75,49,11430
75,50,11179
75,51,11073
75,52,10705
75,53,10015
75,54,10396
75,55,10265
75,56,10377
75,57,9884
75,58,10074
75,59,9235
75,60,10204
75,61,10301
75,62,10089
75,63,10876
75,64,10561
75,65,10378
75,66,8609
75,67,7776
75,68,8442
75,69,8475
75,70,7978
75,71,8428
75,72,8944
75,73,8526
75,74,7513
75,75,7245
75,76,7308
75,77,6954
75,78,6758
75,79,6468
75,80,6254
76,0,2763
76,1,2879
76,2,3042
76,3,3088
76,4,3102
76,5,3126
76,6,3108
76,7,3312
76,8,3304
76,9,3459
76,10,3508
76,11,3577
76,12,3623
76,13,3629
76,14,3552
76,15,3677
76,16,3812
76,17,3971
76,18,4084
76,19,4482
76,20,4357
76,21,4513
76,22,4629
76,23,4555
76,24,4623
76,25,4585
76,26,4698
76,27,4782
76,28,4633
76,29,4796
76,30,4612
76,31,4549
76,32,4662
76,33,4815
76,34,4938
76,35,5243
76,36,5314
76,37,5413
76,38,5302
76,39,5443
76,40,5510
76,41,5624
76,42,5876
76,43,5813
76,44,6059
76,45,5812
76,46,5966
76,47,6114
76,48,5825
76,49,5998
76,50,5721
76,51,5674
76,52,5332
76,53,5215
76,54,5108
76,55,5202
76,56,5008
76,57,5033
76,58,4717
76,59,4590
76,60,4468
76,61,4632
76,62,4739
76,63,4849
76,64,4366
76,65,4056
76,66,3126
76,67,3027
76,68,3074
76,69,3119
76,70,3229
76,71,3823
76,72,4000
76,73,3815
76,74,3894
76,75,3653
76,76,3671
76,77,3703
76,78,3653
76,79,3215
76,80,3106
77,0,1619
77,1,1640
77,2,1633
77,3,1758
77,4,1716
77,5,1799
77,6,1776
77,7,1937
77,8,1937
77,9,1943
77,10,1941
77,11,2051
77,12,1968
77,13,1948
77,14,2054
77,15,2067
77,16,2033
77,17,2094
77,18,2196
77,19,2353
77,20,2390
77,21,2528
77,22,2420
77,23,2416
77,24,2471
77,25,2366
77,26,2482
77,27,2521
77,28,2574
77,29,2532
77,30,2629
77,31,2587
77,32,2597
77,33,2768
77,34,2804
77,35,2885
77,36,2895
77,37,2999
77,38,2911
77,39,2945
77,40,2885
77,41,2959
77,42,2875
77,43,2988
77,44,2971
77,45,3012
77,46,3013
77,47,3120
77,48,2950
77,49,2911
77,50,2893
77,51,2829
77,52,2832
77,53,2750
77,54,2675
77,55,2753
77,56,2646
77,57,2644
77,58,2406
77,59,2430
77,60,2388
77,61,2536
77,62,2572
77,63,2739
77,64,2415
77,65,2179
77,66,1836
77,67,1800
77,68,1736
77,69,1784
77,70,1673
77,71,2055
77,72,2049
77,73,1964
77,74,1943
77,75,1881
77,76,1806
77,77,1774
77,78,1712
77,79,1578
77,80,1436
78,0,5878
78,1,5815
78,2,6227
78,3,6110
78,4,6041
78,5,6312
78,6,6235
78,7,6433
78,8,6476
78,9,6473
78,10,6505
78,11,6583
78,12,6535
78,13,6754
78,14,6751
78,15,7028
78,16,7028
78,17,7532
78,18,7989
78,19,8309
78,20,8349
78,21,8566
78,22,9106
78,23,9224
78,24,9094
78,25,9079
78,26,9310
78,27,9422
78,28,9339
78,29,9352
78,30,9494
78,31,9437
78,32,9564
78,33,9723
78,34,10024
78,35,10222
78,36,10320
78,37,10254
78,38,10230
78,39,10396
78,40,10457
78,41,10412
78,42,11046
78,43,10840
78,44,10964
78,45,10862
78,46,10908
78,47,11421
78,48,10766
78,49,10755
78,50,10740
78,51,10565
78,52,10388
78,53,9698
78,54,9929
78,55,9685
78,56,9654
78,57,9542
78,58,8968
78,59,8621
78,60,8856
78,61,8875
78,62,9077
78,63,9085
78,64,8885
78,65,8133
78,66,6108
78,67,6426
78,68,6315
78,69,6211
78,70,6065
78,71,7136
78,72,7108
78,73,6842
78,74,6605
78,75,6446
78,76,6454
78,77,6126
78,78,5914
78,79,5678
78,80,5352
79,0,3048
79,1,3091
79,2,3017
79,3,3120
79,4,3166
79,5,3230
79,6,3113
79,7,3309
79,8,3332
79,9,3278
79,10,3490
79,11,3538
79,12,3494
79,13,3625
79,14,3608
79,15,3649
79,16,3854
79,17,3895
79,18,4125
79,19,4415
79,20,4504
79,21,4603
79,22,4536
79,23,4792
79,24,4651
79,25,4609
79,26,4716
79,27,4876
79,28,4789
79,29,4768
79,30,4665
79,31,4637
79,32,4706
79,33,4845
79,34,4924
79,35,5063
79,36,4913
79,37,5095
79,38,4980
79,39,5025
79,40,5157
79,41,5300
79,42,5397
79,43,5367
79,44,5380
79,45,5532
79,46,5338
79,47,5762
79,48,5472
79,49,5419
79,50,5254
79,51,5389
79,52,5156
79,53,4898
79,54,5000
79,55,4894
79,56,4849
79,57,4844
79,58,4623
79,59,4270
79,60,4467
79,61,4494
79,62,4437
79,63,4470
79,64,4396
79,65,4163
79,66,3192
79,67,3213
79,68,3281
79,69,3262
79,70,3002
79,71,3428
79,72,3295
79,73,3135
79,74,3166
79,75,3009
79,76,3036
79,77,3050
79,78,2988
79,79,2814
79,80,2717
80,0,4927
80,1,5245
80,2,5233
80,3,5232
80,4,5347
80,5,5395
80,6,5380
80,7,5315
80,8,5316
80,9,5307
80,10,5525
80,11,5705
80,12,5705
80,13,5800
80,14,5740
80,15,5907
80,16,6181
80,17,6228
80,18,6694
80,19,6849
80,20,6866
80,21,7021
80,22,7301
80,23,7436
80,24,7496
80,25,7371
80,26,7248
80,27,7312
80,28,7291
80,29,7474
80,30,7376
80,31,7498
80,32,7526
80,33,7290
80,34,7562
80,35,8012
80,36,7859
80,37,7911
80,38,7780
80,39,7669
80,40,7868
80,41,7593
80,42,8043
80,43,8082
80,44,7983
80,45,8053
80,46,8080
80,47,8235
80,48,7777
80,49,7777
80,50,7740
80,51,7585
80,52,7490
80,53,6938
80,54,7205
80,55,6871
80,56,6964
80,57,6954
80,58,6480
80,59,6148
80,60,6406
80,61,6584
80,62,6458
80,63,6764
80,64,6671
80,65,6101
80,66,4979
80,67,4827
80,68,4996
80,69,4904
80,70,4906
80,71,5256
80,72,5220
80,73,4917
80,74,4527
80,75,4589
80,76,4633
80,77,4494
80,78,4557
80,79,4190
80,80,3992
81,0,3517
81,1,3569
81,2,3800
81,3,3787
81,4,3888
81,5,3945
81,6,4048
81,7,4252
81,8,4280
81,9,4250
81,10,4248
81,11,4410
81,12,4481
81,13,4562
81,14,4564
81,15,4682
81,16,4735
81,17,4959
81,18,4913
81,19,5158
81,20,5059
81,21,5099
81,22,5246
81,23,5259
81,24,4975
81,25,5038
81,26,5100
81,27,5219
81,28,5047
81,29,5252
81,30,5198
81,31,5418
81,32,5395
81,33,5504
81,34,5556
81,35,5820
81,36,6177
81,37,6383
81,38,6317
81,39,6083
81,40,6424
81,41,6427
81,42,6784
81,43,6381
81,44,6424
81,45,6287
81,46,6168
81,47,6611
81,48,6270
81,49,6232
81,50,5924
81,51,6007
81,52,5531
81,53,5493
81,54,5386
81,55,5573
81,56,5528
81,57,5439
81,58,4832
81,59,5027
81,60,5094
81,61,5201
81,62,5536
81,63,5500
81,64,5367
81,65,5161
81,66,4311
81,67,4398
81,68,4517
81,69,4471
81,70,4060
81,71,4888
81,72,4713
81,73,4179
81,74,3983
81,75,3844
81,76,3663
81,77,3704
81,78,3521
81,79,3158
81,80,3053
82,0,12233
82,1,11991
82,2,12327
82,3,12415
82,4,12359
82,5,12487
82,6,12793
82,7,13042
82,8,12673
82,9,12756
82,10,12949
82,11,12885
82,12,13053
82,13,13013
82,14,13434
82,15,13735
82,16,13778
82,17,14295
82,18,15067
82,19,16025
82,20,15677
82,21,15800
82,22,16086
82,23,16012
82,24,15620
82,25,15430
82,26,15469
82,27,15802
82,28,15647
82,29,15885
82,30,15630
82,31,16301
82,32,16479
82,33,16813
82,34,16903
82,35,17553
82,36,18038
82,37,18574
82,38,17999
82,39,18317
82,40,18569
82,41,18277
82,42,18869
82,43,18601
82,44,18666
82,45,18659
82,46,18832
82,47,19087
82,48,18240
82,49,18097
82,50,17601
82,51,17251
82,52,16752
82,53,16272
82,54,16426
82,55,16017
82,56,15640
82,57,15813
82,58,14670
82,59,14893
82,60,14512
82,61,15136
82,62,14862
82,63,15471
82,64,15079
82,65,14137
82,66,12136
82,67,11884
82,68,10782
82,69,10954
82,70,11016
82,71,11974
82,72,11349
82,73,11281
82,74,10006
82,75,9635
82,76,9583
82,77,9392
82,78,9228
82,79,8462
82,80,8173
83,0,5224
83,1,5490
83,2,5399
83,3,5632
83,4,5619
83,5,5651
83,6,5578
83,7,5700
83,8,5766
83,9,5712
83,10,5952
83,11,5958
83,12,5959
83,13,5940
83,14,6074
83,15,6335
83,16,6463
83,17,6732
83,18,7136
83,19,7464
83,20,7591
83,21,7910
83,22,7868
83,23,8030
83,24,7963
83,25,7910
83,26,7901
83,27,7999
83,28,7891
83,29,8009
83,30,7994
83,31,8111
83,32,8241
83,33,8378
83,34,8612
83,35,8978
83,36,9167
83,37,9519
83,38,9397
83,39,9631
83,40,9647
83,41,9386
83,42,9696
83,43,9688
83,44,9942
83,45,10027
83,46,9989
83,47,10143
83,48,9654
83,49,9813
83,50,9556
83,51,9724
83,52,9176
83,53,8934
83,54,9118
83,55,8754
83,56,8852
83,57,8577
83,58,8193
83,59,7877
83,60,7967
83,61,8276
83,62,8137
83,63,8660
83,64,8312
83,65,7789
83,66,6270
83,67,6133
83,68,6065
83,69,6296
83,70,6386
83,71,6782
83,72,6398
83,73,5973
83,74,5897
83,75,5837
83,76,5752
83,77,5695
83,78,5806
83,79,5140
83,80,5057
84,0,3915
84,1,3983
84,2,4115
84,3,4142
84,4,4234
84,5,4266
84,6,4507
84,7,4582
84,8,4437
84,9,4648
84,10,4693
84,11,4799
84,12,4904
84,13,4996
84,14,4918
84,15,5012
84,16,4953
84,17,5136
84,18,5288
84,19,5710
84,20,5559
84,21,5798
84,22,5611
84,23,5818
84,24,5546
84,25,5599
84,26,5493
84,27,5562
84,28,5429
84,29,5393
84,30,5685
84,31,5718
84,32,5714
84,33,5658
84,34,5893
84,35,6143
84,36,6346
84,37,6391
84,38,6334
84,39,6205
84,40,6561
84,41,6614
84,42,6850
84,43,6747
84,44,6964
84,45,6648
84,46,6671
84,47,6917
84,48,6232
84,49,6064
84,50,6092
84,51,6296
84,52,5875
84,53,5602
84,54,5781
84,55,5618
84,56,5565
84,57,5509
84,58,4981
84,59,4995
84,60,4997
84,61,5078
84,62,5447
84,63,5309
84,64,5524
84,65,4914
84,66,4344
84,67,4250
84,68,3971
84,69,3785
84,70,3925
84,71,4644
84,72,4633
84,73,4465
84,74,4168
84,75,3840
84,76,3985
84,77,3933
84,78,3692
84,79,3424
84,80,3394
85,0,2332
85,1,2488
85,2,2611
85,3,2662
85,4,2582
85,5,2814
85,6,2903
85,7,2990
85,8,2897
85,9,2901
85,10,3037
85,11,2929
85,12,3085
85,13,3113
85,14,3128
85,15,3145
85,16,3288
85,17,3337
85,18,3574
85,19,3665
85,20,3735
85,21,3621
85,22,3550
85,23,3618
85,24,3509
85,25,3444
85,26,3481
85,27,3367
85,28,3447
85,29,3309
85,30,3460
85,31,3452
85,32,3486
85,33,3443
85,34,3534
85,35,3659
85,36,3820
85,37,3830
85,38,3856
85,39,3875
85,40,3880
85,41,3924
85,42,3992
85,43,4017
85,44,4127
85,45,4106
85,46,4186
85,47,4237
85,48,3940
85,49,3929
85,50,3750
85,51,3937
85,52,3659
85,53,3568
85,54,3427
85,55,3358
85,56,3433
85,57,3370
85,58,2968
85,59,2933
85,60,3031
85,61,3043
85,62,3299
85,63,3306
85,64,3287
85,65,2952
85,66,2670
85,67,2485
85,68,2469
85,69,2300
85,70,2441
85,71,2772
85,72,2630
85,73,2792
85,74,2236
85,75,2334
85,76,2272
85,77,2248
85,78,2190
85,79,1970
85,80,1930
86,0,1447
86,1,1465
86,2,1537
86,3,1552
86,4,1557
86,5,1609
86,6,1622
86,7,1598
86,8,1649
86,9,1709
86,10,1814
86,11,1837
86,12,1858
86,13,1838
86,14,1829
86,15,1868
86,16,1961
86,17,2047
86,18,2120
86,19,2150
86,20,2207
86,21,2136
86,22,2199
86,23,2210
86,24,2172
86,25,2221
86,26,2203
86,27,2243
86,28,2118
86,29,2132
86,30,2092
86,31,2152
86,32,2131
86,33,2111
86,34,2164
86,35,2345
86,36,2340
86,37,2382
86,38,2320
86,39,2483
86,40,2445
86,41,2483
86,42,2581
86,43,2654
86,44,2551
86,45,2593
86,46,2536
86,47,2662
86,48,2457
86,49,2456
86,50,2441
86,51,2506
86,52,2379
86,53,2258
86,54,2222
86,55,2221
86,56,2252
86,57,2261
86,58,2077
86,59,2075
86,60,2061
86,61,2152
86,62,2218
86,63,2209
86,64,2087
86,65,1817
86,66,1617
86,67,1503
86,68,1457
86,69,1403
86,70,1520
86,71,1917
86,72,1894
86,73,1900
86,74,1678
86,75,1575
86,76,1573
86,77,1675
86,78,1491
86,79,1350
86,80,1275
87,0,10559
87,1,10479
87,2,10585
87,3,11006
87,4,10912
87,5,10955
87,6,11305
87,7,11507
87,8,11485
87,9,11342
87,10,11277
87,11,11544
87,12,11559
87,13,11637
87,14,11777
87,15,11964
87,16,12100
87,17,12692
87,18,13248
87,19,13976
87,20,13961
87,21,14132
87,22,14084
87,23,14082
87,24,13967
87,25,13633
87,26,13949
87,27,14140
87,28,13618
87,29,14197
87,30,13867
87,31,14151
87,32,14312
87,33,14979
87,34,14955
87,35,15574
87,36,15637
87,37,16396
87,38,15797
87,39,15915
87,40,16272
87,41,15980
87,42,16374
87,43,16248
87,44,16448
87,45,16370
87,46,16063
87,47,16564
87,48,15615
87,49,15731
87,50,15573
87,51,15386
87,52,14651
87,53,14311
87,54,14350
87,55,14020
87,56,14048
87,57,13745
87,58,12985
87,59,12535
87,60,12273
87,61,12680
87,62,12286
87,63,13112
87,64,12833
87,65,11923
87,66,9819
87,67,9401
87,68,8947
87,69,8834
87,70,8661
87,71,10093
87,72,9704
87,73,9349
87,74,8266
87,75,8060
87,76,8358
87,77,8434
87,78,8075
87,79,7022
87,80,6762
88,0,2972
88,1,2951
88,2,3106
88,3,3107
88,4,2998
88,5,3137
88,6,3088
88,7,3065
88,8,3155
88,9,3159
88,10,3189
88,11,3193
88,12,3245
88,13,3191
88,14,3392
88,15,3339
88,16,3417
88,17,3432
88,18,3713
88,19,3727
88,20,3644
88,21,3849
88,22,3719
88,23,3993
88,24,3948
88,25,3891
88,26,3913
88,27,3957
88,28,3979
88,29,4123
88,30,4102
88,31,4155
88,32,4054
88,33,4273
88,34,4344
88,35,4592
88,36,4637
88,37,4803
88,38,4678
88,39,4514
88,40,4637
88,41,4543
88,42,4697
88,43,4683
88,44,4704
88,45,4634
88,46,4559
88,47,4463
88,48,4414
88,49,4407
88,50,4341
88,51,4321
88,52,4144
88,53,3886
88,54,3760
88,55,3862
88,56,3683
88,57,3814
88,58,3519
88,59,3351
88,60,3332
88,61,3441
88,62,3703
88,63,3724
88,64,3828
88,65,3313
88,66,2837
88,67,2685
88,68,2622
88,69,2673
88,70,2767
88,71,3172
88,72,3149
88,73,2898
88,74,2520
88,75,2611
88,76,2505
88,77,2338
88,78,2212
88,79,2145
88,80,2124
89,0,3634
89,1,3731
89,2,3727
89,3,3772
89,4,3710
89,5,3821
89,6,3868
89,7,3889
89,8,3997
89,9,3905
89,10,3933
89,11,3903
89,12,3919
89,13,3986
89,14,3924
89,15,3986
89,16,4199
89,17,4202
89,18,4564
89,19,4788
89,20,4785
89,21,4892
89,22,4944
89,23,4917
89,24,4917
89,25,4976
89,26,4957
89,27,5181
89,28,5109
89,29,5271
89,30,5185
89,31,5372
89,32,5441
89,33,5606
89,34,5652
89,35,5983
89,36,6035
89,37,6347
89,38,6180
89,39,6081
89,40,6176
89,41,6178
89,42,6200
89,43,5895
89,44,6079
89,45,6046
89,46,5938
89,47,6114
89,48,5940
89,49,5921
89,50,5733
89,51,5612
89,52,5474
89,53,5284
89,54,5273
89,55,4910
89,56,5235
89,57,5097
89,58,4664
89,59,4615
89,60,4672
89,61,4887
89,62,4860
89,63,5272
89,64,5518
89,65,4976
89,66,4436
89,67,3935
89,68,3819
89,69,3729
89,70,3752
89,71,4249
89,72,3956
89,73,3836
89,74,3189
89,75,3204
89,76,3278
89,77,3126
89,78,2922
89,79,2580
89,80,2612
90,0,2562
90,1,2612
90,2,2598
90,3,2573
90,4,2704
90,5,2611
90,6,2687
90,7,2706
90,8,2762
90,9,2671
90,10,2715
90,11,2789
90,12,2779
90,13,2797
90,14,2751
90,15,2935
90,16,2926
90,17,2954
90,18,3171
90,19,3332
90,20,3359
90,21,3522
90,22,3540
90,23,3449
90,24,3630
90,25,3608
90,26,3698
90,27,3726
90,28,3759
90,29,3960
90,30,3954
90,31,4029
90,32,4198
90,33,4568
90,34,4713
90,35,5001
90,36,5202
90,37,5256
90,38,5425
90,39,5320
90,40,5223
90,41,5130
90,42,5294
90,43,5223
90,44,5294
90,45,5442
90,46,5550
90,47,5530
90,48,5389
90,49,5194
90,50,5014
90,51,5022
90,52,4798
90,53,4771
90,54,4751
90,55,4575
90,56,4525
90,57,4626
90,58,4317
90,59,4247
90,60,4260
90,61,4323
90,62,4185
90,63,4355
90,64,4175
90,65,4003
90,66,3682
90,67,3753
90,68,3638
90,69,3643
90,70,3440
90,71,3707
90,72,3510
90,73,3138
90,74,2971
90,75,2861
90,76,2681
90,77,2809
90,78,2605
90,79,2343
90,80,2283
91,0,1288
91,1,1276
91,2,1332
91,3,1280
91,4,1254
91,5,1359
91,6,1389
91,7,1337
91,8,1380
91,9,1332
91,10,1458
91,11,1430
91,12,1461
91,13,1471
91,14,1488
91,15,1427
91,16,1624
91,17,1642
91,18,1674
91,19,1690
91,20,1740
91,21,1847
91,22,1700
91,23,1912
91,24,1769
91,25,1789
91,26,1892
91,27,1799
91,28,1948
91,29,1927
91,30,1999
91,31,1969
91,32,1929
91,33,2177
91,34,2192
91,35,2221
91,36,2244
91,37,2303
91,38,2348
91,39,2285
91,40,2304
91,41,2270
91,42,2440
91,43,2414
91,44,2531
91,45,2618
91,46,2465
91,47,2629
91,48,2468
91,49,2441
91,50,2453
91,51,2311
91,52,2312
91,53,2289
91,54,2269
91,55,2258
91,56,2177
91,57,2231
91,58,2039
91,59,2175
91,60,2024
91,61,2039
91,62,1952
91,63,2123
91,64,1909
91,65,1749
91,66,1807
91,67,1778
91,68,1719
91,69,1720
91,70,1599
91,71,1759
91,72,1704
91,73,1588
91,74,1427
91,75,1495
91,76,1408
91,77,1376
91,78,1330
91,79,1255
91,80,1135
92,0,4344
92,1,4495
92,2,4534
92,3,4512
92,4,4486
92,5,4621
92,6,4498
92,7,4432
92,8,4655
92,9,4524
92,10,4646
92,11,4706
92,12,4496
92,13,4410
92,14,4425
92,15,4585
92,16,4694
92,17,4900
92,18,4943
92,19,5203
92,20,5421
92,21,5729
92,22,5664
92,23,5826
92,24,5817
92,25,5980
92,26,6271
92,27,6410
92,28,6607
92,29,7113
92,30,7052
92,31,7339
92,32,7373
92,33,7948
92,34,8208
92,35,8546
92,36,9078
92,37,9513
92,38,9592
92,39,9435
92,40,9426
92,41,9134
92,42,9409
92,43,9202
92,44,9516
92,45,9403
92,46,9456
92,47,9625
92,48,9156
92,49,8874
92,50,8636
92,51,8392
92,52,8361
92,53,8084
92,54,8048
92,55,7973
92,56,7648
92,57,7860
92,58,7402
92,59,7258
92,60,7091
92,61,7138
92,62,6992
92,63,7120
92,64,6918
92,65,6502
92,66,6197
92,67,5682
92,68,5649
92,69,5908
92,70,5541
92,71,6035
92,72,5494
92,73,4975
92,74,4705
92,75,4626
92,76,4025
92,77,4155
92,78,4013
92,79,3581
92,80,3339
93,0,2925
93,1,2971
93,2,3130
93,3,3076
93,4,3138
93,5,3036
93,6,2872
93,7,2969
93,8,2803
93,9,2790
93,10,2861
93,11,2867
93,12,2782
93,13,2742
93,14,2608
93,15,2754
93,16,2541
93,17,2540
93,18,2630
93,19,2756
93,20,2767
93,21,2765
93,22,2813
93,23,2922
93,24,2933
93,25,3063
93,26,3189
93,27,3274
93,28,3408
93,29,3768
93,30,3876
93,31,4034
93,32,4117
93,33,4510
93,34,4471
93,35,4709
93,36,4897
93,37,5194
93,38,5044
93,39,5216
93,40,5102
93,41,5169
93,42,5255
93,43,5315
93,44,5229
93,45,5066
93,46,5073
93,47,5247
93,48,4966
93,49,4678
93,50,4559
93,51,4324
93,52,4329
93,53,4024
93,54,4046
93,55,3956
93,56,3819
93,57,3857
93,58,3826
93,59,3876
93,60,3793
93,61,3944
93,62,3764
93,63,4088
93,64,3956
93,65,4253
93,66,2919
93,67,3481
93,68,3467
93,69,3468
93,70,3317
93,71,3543
93,72,3387
93,73,3231
93,74,2998
93,75,2626
93,76,2577
93,77,2394
93,78,2316
93,79,2209
93,80,2005
94,0,610
94,1,659
94,2,636
94,3,662
94,4,685
94,5,654
94,6,690
94,7,653
94,8,650
94,9,686
94,10,678
94,11,716
94,12,693
94,13,757
94,14,766
94,15,793
94,16,781
94,17,845
94,18,883
94,19,939
94,20,940
94,21,941
94,22,992
94,23,1054
94,24,1056
94,25,1095
94,26,1092
94,27,1095
94,28,1077
94,29,1075
94,30,1171
94,31,1129
94,32,1138
94,33,1128
94,34,1131
94,35,1242
94,36,1189
94,37,1257
94,38,1222
94,39,1188
94,40,1276
94,41,1192
94,42,1214
94,43,1330
94,44,1339
94,45,1300
94,46,1317
94,47,1377
94,48,1291
94,49,1255
94,50,1231
94,51,1287
94,52,1296
94,53,1219
94,54,1234
94,55,1228
94,56,1205
94,57,1224
94,58,1180
94,59,1132
94,60,1052
94,61,1135
94,62,1180
94,63,1153
94,64,1143
94,65,1014
94,66,810
94,67,791
94,68,712
94,69,742
94,70,785
94,71,922
94,72,938
94,73,853
94,74,855
94,75,892
94,76,811
94,77,868
94,78,853
94,79,759
94,80,797
95,0,1102
95,1,1173
95,2,1118
95,3,1149
95,4,1177
95,5,1176
95,6,1223
95,7,1220
95,8,1279
95,9,1238
95,10,1311
95,11,1346
95,12,1388
95,13,1332
95,14,1387
95,15,1372
95,16,1444
95,17,1454
95,18,1524
95,19,1624
95,20,1716
95,21,1742
95,22,1715
95,23,1708
95,24,1873
95,25,1781
95,26,1859
95,27,1995
95,28,2019
95,29,2071
95,30,2000
95,31,1997
95,32,2069
95,33,2203
95,34,2239
95,35,2220
95,36,2325
95,37,2419
95,38,2325
95,39,2388
95,40,2486
95,41,2387
95,42,2493
95,43,2396
95,44,2549
95,45,2611
95,46,2586
95,47,2631
95,48,2569
95,49,2564
95,50,2495
95,51,2429
95,52,2370
95,53,2322
95,54,2410
95,55,2301
95,56,2300
95,57,2303
95,58,2279
95,59,2189
95,60,2202
95,61,2271
95,62,2178
95,63,2162
95,64,2133
95,65,1985
95,66,1860
95,67,2078
95,68,1914
95,69,1863
95,70,1706
95,71,2025
95,72,1950
95,73,1697
95,74,1616
95,75,1607
95,76,1473
95,77,1536
95,78,1595
95,79,1381
95,80,1304
96,0,1242
96,1,1312
96,2,1381
96,3,1385
96,4,1435
96,5,1460
96,6,1458
96,7,1422
96,8,1501
96,9,1449
96,10,1455
96,11,1575
96,12,1478
96,13,1477
96,14,1476
96,15,1461
96,16,1496
96,17,1468
96,18,1535
96,19,1578
96,20,1601
96,21,1585
96,22,1451
96,23,1572
96,24,1392
96,25,1523
96,26,1597
96,27,1630
96,28,1572
96,29,1758
96,30,1728
96,31,1914
96,32,1883
96,33,2189
96,34,2206
96,35,2337
96,36,2455
96,37,2645
96,38,2588
96,39,2692
96,40,2804
96,41,2851
96,42,2841
96,43,2923
96,44,2973
96,45,2894
96,46,3060
96,47,3116
96,48,2829
96,49,2719
96,50,2769
96,51,2659
96,52,2502
96,53,2428
96,54,2516
96,55,2536
96,56,2517
96,57,2502
96,58,2408
96,59,2470
96,60,2444
96,61,2584
96,62,2598
96,63,2716
96,64,2568
96,65,2497
96,66,1998
96,67,2166
96,68,2114
96,69,2224
96,70,2312
96,71,2535
96,72,2439
96,73,2347
96,74,2159
96,75,2011
96,76,2061
96,77,1924
96,78,1794
96,79,1828
96,80,1794
97,0,3177
97,1,3350
97,2,3329
97,3,3404
97,4,3328
97,5,3255
97,6,3333
97,7,3176
97,8,3163
97,9,3289
97,10,3234
97,11,3287
97,12,3227
97,13,3110
97,14,3178
97,15,3177
97,16,3084
97,17,3039
97,18,3128
97,19,3184
97,20,3182
97,21,3177
97,22,3314
97,23,3382
97,24,3279
97,25,3287
97,26,3413
97,27,3465
97,28,3595
97,29,3795
97,30,4004
97,31,3820
97,32,4088
97,33,4353
97,34,4659
97,35,4859
97,36,5094
97,37,5360
97,38,5334
97,39,5344
97,40,5374
97,41,5359
97,42,5580
97,43,5574
97,44,5613
97,45,5881
97,46,5721
97,47,5629
97,48,5303
97,49,5080
97,50,4970
97,51,4855
97,52,4752
97,53,4537
97,54,4423
97,55,4539
97,56,4365
97,57,4226
97,58,4200
97,59,4122
97,60,4238
97,61,4378
97,62,4456
97,63,4422
97,64,4286
97,65,4249
97,66,3336
97,67,3526
97,68,3380
97,69,3491
97,70,3608
97,71,3825
97,72,3721
97,73,3611
97,74,3222
97,75,2912
97,76,2894
97,77,2720
97,78,2627
97,79,2558
97,80,2276
98,0,2127
98,1,2203
98,2,2360
98,3,2258
98,4,2221
98,5,2231
98,6,2197
98,7,2211
98,8,2129
98,9,1992
98,10,2086
98,11,2093
98,12,2085
98,13,1976
98,14,2024
98,15,2029
98,16,1977
98,17,1980
98,18,1952
98,19,2083
98,20,2108
98,21,2126
98,22,2176
98,23,2192
98,24,2185
98,25,2340
98,26,2284
98,27,2492
98,28,2522
98,29,2656
98,30,2766
98,31,2890
98,32,3089
98,33,3129
98,34,3383
98,35,3498
98,36,3770
98,37,3877
98,38,3735
98,39,3797
98,40,3777
98,41,3786
98,42,3894
98,43,3877
98,44,3968
98,45,3907
98,46,3918
98,47,3716
98,48,3587
98,49,3396
98,50,3266
98,51,3175
98,52,3180
98,53,3006
98,54,2969
98,55,2936
98,56,2835
98,57,2829
98,58,2575
98,59,2697
98,60,2557
98,61,2828
98,62,2828
98,63,2853
98,64,2716
98,65,2757
98,66,2079
98,67,2199
98,68,2181
98,69,2232
98,70,2278
98,71,2383
98,72,2389
98,73,2218
98,74,2104
98,75,1902
98,76,1907
98,77,1763
98,78,1608
98,79,1553
98,80,1517
99,0,2900
99,1,3122
99,2,3041
99,3,3193
99,4,3189
99,5,3048
99,6,3059
99,7,2961
99,8,2912
99,9,2944
99,10,2968
99,11,2999
99,12,2986
99,13,2746
99,14,2803
99,15,2801
99,16,2710
99,17,2792
99,18,2833
99,19,2842
99,20,2901
99,21,2928
99,22,2942
99,23,2930
99,24,2815
99,25,3020
99,26,3180
99,27,3327
99,28,3517
99,29,3774
99,30,3724
99,31,3835
99,32,4016
99,33,4372
99,34,4678
99,35,4988
99,36,5260
99,37,5329
99,38,5360
99,39,5284
99,40,5521
99,41,5502
99,42,5533
99,43,5567
99,44,5470
99,45,5498
99,46,5358
99,47,5636
99,48,5112
99,49,4999
99,50,4812
99,51,4617
99,52,4630
99,53,4416
99,54,4281
99,55,4229
99,56,4052
99,57,3968
99,58,3775
99,59,3789
99,60,3872
99,61,3928
99,62,3964
99,63,4156
99,64,4062
99,65,4051
99,66,3203
99,67,3284
99,68,3408
99,69,3117
99,70,3215
99,71,3487
99,72,3338
99,73,3555
99,74,3170
99,75,2796
99,76,2915
99,77,2855
99,78,2540
99,79,2366
99,80,2450
100,0,2299
100,1,2415
100,2,2461
100,3,2542
100,4,2539
100,5,2522
100,6,2449
100,7,2332
100,8,2362
100,9,2312
100,10,2253
100,11,2256
100,12,2159
100,13,2152
100,14,2042
100,15,2005
100,16,2024
100,17,1995
100,18,2101
100,19,2180
100,20,2224
100,21,2281
100,22,2369
100,23,2394
100,24,2470
100,25,2597
100,26,2550
100,27,2622
100,28,2657
100,29,2873
100,30,3040
100,31,3088
100,32,3221
100,33,3484
100,34,3472
100,35,3713
100,36,3938
100,37,3974
100,38,4169
100,39,3958
100,40,4098
100,41,4033
100,42,4166
100,43,4097
100,44,4018
100,45,4097
100,46,4171
100,47,4147
100,48,3874
100,49,3742
100,50,3570
100,51,3498
100,52,3322
100,53,3359
100,54,3293
100,55,3220
100,56,3201
100,57,3040
100,58,2887
100,59,2936
100,60,2788
100,61,2898
100,62,3101
100,63,3208
100,64,3132
100,65,3181
100,66,2474
100,67,2452
100,68,2499
100,69,2389
100,70,2393
100,71,2724
100,72,2618
100,73,2763
100,74,2272
100,75,2107
100,76,2088
100,77,1977
100,78,1819
100,79,1790
100,80,1686
101,0,1670
101,1,1808
101,2,1733
101,3,1815
101,4,1711
101,5,1804
101,6,1841
101,7,1937
101,8,1885
101,9,1758
101,10,1863
101,11,1905
101,12,1841
101,13,1930
101,14,1844
101,15,1958
101,16,1978
101,17,2052
101,18,2153
101,19,2279
101,20,2257
101,21,2328
101,22,2368
101,23,2415
101,24,2369
101,25,2316
101,26,2281
101,27,2335
101,28,2269
101,29,2323
101,30,2258
101,31,2326
101,32,2334
101,33,2334
101,34,2309
101,35,2390
101,36,2360
101,37,2463
101,38,2386
101,39,2497
101,40,2492
101,41,2426
101,42,2531
101,43,2431
101,44,2529
101,45,2477
101,46,2489
101,47,2570
101,48,2461
101,49,2385
101,50,2441
101,51,2301
101,52,2273
101,53,2092
101,54,2207
101,55,2157
101,56,2110
101,57,2113
101,58,2000
101,59,1891
101,60,1856
101,61,1996
101,62,2074
101,63,2020
101,64,1888
101,65,1859
101,66,1544
101,67,1498
101,68,1407
101,69,1437
101,70,1396
101,71,1673
101,72,1521
101,73,1429
101,74,1479
101,75,1453
101,76,1394
101,77,1308
101,78,1229
101,79,1210
101,80,1106
102,0,1357
102,1,1492
102,2,1460
102,3,1527
102,4,1557
102,5,1534
102,6,1599
102,7,1596
102,8,1672
102,9,1586
102,10,1715
102,11,1651
102,12,1640
102,13,1740
102,14,1779
102,15,1767
102,16,1840
102,17,1891
102,18,2009
102,19,2082
102,20,1973
102,21,2148
102,22,2177
102,23,2200
102,24,2150
102,25,2188
102,26,2174
102,27,2189
102,28,2129
102,29,2181
102,30,2135
102,31,2068
102,32,2159
102,33,2104
102,34,2136
102,35,2276
102,36,2270
102,37,2305
102,38,2305
102,39,2302
102,40,2293
102,41,2230
102,42,2408
102,43,2348
102,44,2323
102,45,2464
102,46,2317
102,47,2490
102,48,2400
102,49,2361
102,50,2290
102,51,2306
102,52,2249
102,53,2110
102,54,2118
102,55,2028
102,56,2076
102,57,2006
102,58,2035
102,59,1869
102,60,1863
102,61,1990
102,62,1982
102,63,2012
102,64,1930
102,65,1796
102,66,1487
102,67,1398
102,68,1377
102,69,1426
102,70,1305
102,71,1607
102,72,1657
102,73,1500
102,74,1412
102,75,1390
102,76,1452
102,77,1370
102,78,1458
102,79,1294
102,80,1168
103,0,1197
103,1,1219
103,2,1302
103,3,1270
103,4,1236
103,5,1320
103,6,1289
103,7,1341
103,8,1359
103,9,1234
103,10,1368
103,11,1367
103,12,1275
103,13,1359
103,14,1339
103,15,1335
103,16,1306
103,17,1339
103,18,1365
103,19,1298
103,20,1366
103,21,1385
103,22,1311
103,23,1375
103,24,1346
103,25,1379
103,26,1450
103,27,1459
103,28,1530
103,29,1571
103,30,1593
103,31,1653
103,32,1738
103,33,1887
103,34,1976
103,35,2147
103,36,2267
103,37,2353
103,38,2489
103,39,2476
103,40,2619
103,41,2588
103,42,2710
103,43,2763
103,44,2665
103,45,2808
103,46,2785
103,47,2813
103,48,2705
103,49,2561
103,50,2423
103,51,2399
103,52,2294
103,53,2286
103,54,2288
103,55,2154
103,56,2164
103,57,2193
103,58,2200
103,59,2086
103,60,2074
103,61,2248
103,62,2165
103,63,2317
103,64,2276
103,65,2262
103,66,1631
103,67,1867
103,68,1762
103,69,1846
103,70,2002
103,71,2138
103,72,2047
103,73,2026
103,74,1848
103,75,1685
103,76,1636
103,77,1588
103,78,1500
103,79,1420
103,80,1340
104,0,1393
104,1,1438
104,2,1400
104,3,1481
104,4,1468
104,5,1391
104,6,1381
104,7,1291
104,8,1384
104,9,1338
104,10,1297
104,11,1289
104,12,1357
104,13,1219
104,14,1321
104,15,1248
104,16,1325
104,17,1320
104,18,1351
104,19,1400
104,20,1434
104,21,1492
104,22,1542
104,23,1607
104,24,1587
104,25,1657
104,26,1793
104,27,1774
104,28,1831
104,29,1936
104,30,1982
104,31,2128
104,32,2179
104,33,2290
104,34,2315
104,35,2406
104,36,2590
104,37,2661
104,38,2700
104,39,2566
104,40,2615
104,41,2570
104,42,2677
104,43,2530
104,44,2561
104,45,2563
104,46,2539
104,47,2634
104,48,2381
104,49,2299
104,50,2330
104,51,2270
104,52,2159
104,53,2155
104,54,2080
104,55,2029
104,56,2005
104,57,1986
104,58,1855
104,59,1903
104,60,1881
104,61,1879
104,62,1897
104,63,1925
104,64,1862
104,65,1739
104,66,1624
104,67,1580
104,68,1500
104,69,1535
104,70,1486
104,71,1614
104,72,1465
104,73,1377
104,74,1247
104,75,1162
104,76,1063
104,77,1114
104,78,950
104,79,964
104,80,851
105,0,473
105,1,477
105,2,454
105,3,508
105,4,469
105,5,466
105,6,491
105,7,479
105,8,492
105,9,448
105,10,537
105,11,517
105,12,471
105,13,492
105,14,521
105,15,585
105,16,554
105,17,562
105,18,558
105,19,546
105,20,666
105,21,644
105,22,614
105,23,682
105,24,675
105,25,710
105,26,652
105,27,670
105,28,669
105,29,705
105,30,708
105,31,754
105,32,721
105,33,832
105,34,804
105,35,838
105,36,800
105,37,866
105,38,829
105,39,864
105,40,870
105,41,875
105,42,920
105,43,888
105,44,916
105,45,924
105,46,898
105,47,949
105,48,918
105,49,869
105,50,913
105,51,840
105,52,800
105,53,812
105,54,792
105,55,796
105,56,809
105,57,807
105,58,738
105,59,723
105,60,678
105,61,740
105,62,684
105,63,685
105,64,644
105,65,634
105,66,612
105,67,653
105,68,591
105,69,621
105,70,562
105,71,644
105,72,580
105,73,620
105,74,503
105,75,555
105,76,463
105,77,477
105,78,503
105,79,429
105,80,426
106,0,739
106,1,693
106,2,779
106,3,782
106,4,740
106,5,756
106,6,750
106,7,758
106,8,746
106,9,793
106,10,819
106,11,823
106,12,865
106,13,835
106,14,835
106,15,865
106,16,857
106,17,940
106,18,985
106,19,1009
106,20,1045
106,21,1088
106,22,1133
106,23,1113
106,24,1118
106,25,1202
106,26,1254
106,27,1257
106,28,1243
106,29,1320
106,30,1358
106,31,1374
106,32,1325
106,33,1401
106,34,1436
106,35,1437
106,36,1515
106,37,1617
106,38,1495
106,39,1492
106,40,1554
106,41,1517
106,42,1622
106,43,1486
106,44,1632
106,45,1648
106,46,1631
106,47,1618
106,48,1589
106,49,1545
106,50,1543
106,51,1470
106,52,1475
106,53,1397
106,54,1499
106,55,1420
106,56,1448
106,57,1442
106,58,1395
106,59,1361
106,60,1400
106,61,1373
106,62,1356
106,63,1331
106,64,1305
106,65,1187
106,66,1130
106,67,1202
106,68,1075
106,69,1110
106,70,1066
106,71,1129
106,72,1149
106,73,1047
106,74,967
106,75,914
106,76,819
106,77,931
106,78,919
106,79,827
106,80,752
107,0,857
107,1,875
107,2,887
107,3,834
107,4,879
107,5,872
107,6,887
107,7,907
107,8,879
107,9,966
107,10,909
107,11,1067
107,12,957
107,13,939
107,14,994
107,15,1023
107,16,1074
107,17,1123
107,18,1215
107,19,1294
107,20,1352
107,21,1382
107,22,1432
107,23,1446
107,24,1468
107,25,1408
107,26,1515
107,27,1538
107,28,1616
107,29,1606
107,30,1586
107,31,1624
107,32,1632
107,33,1753
107,34,1794
107,35,1864
107,36,1898
107,37,2007
107,38,1879
107,39,1958
107,40,1814
107,41,1846
107,42,1905
107,43,1817
107,44,1905
107,45,1952
107,46,1992
107,47,2074
107,48,2026
107,49,2074
107,50,2027
107,51,2041
107,52,1994
107,53,2082
107,54,2092
107,55,2061
107,56,2003
107,57,2001
107,58,2068
107,59,2096
107,60,2019
107,61,2003
107,62,1934
107,63,2024
107,64,1851
107,65,1706
107,66,1505
107,67,1256
107,68,1413
107,69,1429
107,70,1367
107,71,1408
107,72,1367
107,73,1150
107,74,1077
107,75,1024
107,76,998
107,77,1025
107,78,978
107,79,974
107,80,872
108,0,7967
108,1,8331
108,2,8551
108,3,8526
108,4,8517
108,5,8519
108,6,8190
108,7,8215
108,8,8169
108,9,8036
108,10,7910
108,11,8131
108,12,7766
108,13,7916
108,14,7655
108,15,7572
108,16,7526
108,17,7407
108,18,7311
108,19,7485
108,20,7646
108,21,7554
108,22,7740
108,23,7827
108,24,7761
108,25,7929
108,26,8281
108,27,8661
108,28,9036
108,29,9542
108,30,9807
108,31,10322
108,32,10777
108,33,11464
108,34,11875
108,35,12806
108,36,13815
108,37,14233
108,38,14241
108,39,14377
108,40,14598
108,41,14458
108,42,14824
108,43,14806
108,44,14630
108,45,15048
108,46,14821
108,47,14919
108,48,13724
108,49,12985
108,50,12499
108,51,12145
108,52,11816
108,53,11150
108,54,11125
108,55,10978
108,56,10622
108,57,10573
108,58,10194
108,59,10097
108,60,10095
108,61,10311
108,62,10298
108,63,10779
108,64,10301
108,65,10718
108,66,8071
108,67,8431
108,68,8257
108,69,8635
108,70,8851
108,71,9562
108,72,9569
108,73,9102
108,74,8096
108,75,7448
108,76,7514
108,77,6824
108,78,6583
108,79,6055
108,80,5690
109,0,1509
109,1,1514
109,2,1537
109,3,1505
109,4,1583
109,5,1515
109,6,1528
109,7,1483
109,8,1470
109,9,1523
109,10,1528
109,11,1554
109,12,1565
109,13,1567
109,14,1520
109,15,1558
109,16,1623
109,17,1498
109,18,1571
109,19,1628
109,20,1669
109,21,1679
109,22,1687
109,23,1770
109,24,1752
109,25,1852
109,26,1968
109,27,1880
109,28,2000
109,29,2003
109,30,2063
109,31,2069
109,32,2356
109,33,2317
109,34,2333
109,35,2494
109,36,2507
109,37,2551
109,38,2579
109,39,2533
109,40,2645
109,41,2645
109,42,2717
109,43,2602
109,44,2767
109,45,2715
109,46,2660
109,47,2747
109,48,2592
109,49,2568
109,50,2661
109,51,2579
109,52,2484
109,53,2426
109,54,2386
109,55,2531
109,56,2395
109,57,2269
109,58,2145
109,59,2130
109,60,2174
109,61,2179
109,62,2141
109,63,2173
109,64,2158
109,65,2076
109,66,1767
109,67,1652
109,68,1742
109,69,1576
109,70,1633
109,71,1984
109,72,2132
109,73,2133
109,74,1920
109,75,1793
109,76,1862
109,77,1703
109,78,1684
109,79,1467
109,80,1537
110,0,3640
110,1,3819
110,2,3900
110,3,3924
110,4,4106
110,5,4147
110,6,4155
110,7,4320
110,8,4346
110,9,4513
110,10,4455
110,11,4705
110,12,4672
110,13,4457
110,14,4670
110,15,4535
110,16,4571
110,17,4827
110,18,4652
110,19,4967
110,20,5044
110,21,4964
110,22,4950
110,23,4963
110,24,4912
110,25,4918
110,26,4668
110,27,4939
110,28,4903
110,29,5048
110,30,5022
110,31,5128
110,32,5382
110,33,5604
110,34,5856
110,35,5892
110,36,5979
110,37,6344
110,38,6041
110,39,6112
110,40,6387
110,41,6295
110,42,6453
110,43,6335
110,44,6319
110,45,6402
110,46,6110
110,47,6402
110,48,5971
110,49,5840
110,50,5607
110,51,5324
110,52,5306
110,53,4913
110,54,5057
110,55,4653
110,56,4647
110,57,4587
110,58,4304
110,59,4169
110,60,4354
110,61,4345
110,62,4380
110,63,4722
110,64,4410
110,65,4511
110,66,3656
110,67,3396
110,68,3385
110,69,3420
110,70,3241
110,71,3540
110,72,3320
110,73,3043
110,74,3113
110,75,2742
110,76,2790
110,77,2617
110,78,2392
110,79,2310
110,80,2328
